EmployeeCode,Gender,EmployeeName,OfficialEmail,Username,EmployeeCount,Over18,StandardHours,Company,Industry,Country,Age,AgeGroup,DateOfBirth,MaritalStatus,Education,EducationField,State,City,PhoneNumber,Department,JobRole,BusinessTravel,WorkMode,TotalWorkingYears,YearsAtCompany,YearsInCurrentRole,YearsSinceLastPromotion,YearsWithCurrManager,HireDate,MonthlyIncome,SalarySlab,SalaryHikePercent,StockOptionLevel,PerformanceRating,JobSatisfaction,EnvironmentSatisfaction,RelationshipSatisfaction,WorkLifeBalance,TrainingTimesLastYear,NumCompaniesWorked,PromotionLast5Years,OverTime,Attrition
HRA240001,Female,Harini Bose,harini.bose@hrhub.co.in,harini.bose,1,Y,80,HRHub Solutions Pvt. Ltd.,Information Technology & Business Services,India,29,26-35,1997-07-28,Married,Diploma,Civil,Tamil Nadu,Coimbatore,9801976213,Human Resources,HR Business Partner,Travel_Frequently,Work From Office,5.5,0,0,0,0,2023-07-05,77600,6-10 LPA,12,1,4,2,3,4,1,5,5.5,No,No,Yes
HRA240002,Female,Ritika Shah,ritika.shah@hrhub.co.in,ritika.shah,1,Y,80,HRHub Solutions Pvt. Ltd.,Information Technology & Business Services,India,24,18-25,2002-07-27,Single,PhD,Management,Karnataka,Hubballi,9884089437,Sales,Sales Manager,Travel_Rarely,Hybrid,2.6,2,2,0,0,2026-05-28,86000,10+ LPA,20,1,1,1,1,3,1,2,2.6,No,No,No
HRA240003,Female,Aditi Gupta,aditi.gupta@hrhub.co.in,aditi.gupta,1,Y,80,HRHub Solutions Pvt. Ltd.,Information Technology & Business Services,India,31,26-35,1995-07-29,Single,High School,General Education,Maharashtra,Nagpur,9105635869,Marketing,Marketing Executive,Travel_Frequently,Remote,7.8,1,0,0,1,2021-03-17,74100,6-10 LPA,18,0,4,1,2,3,4,3,6.0,No,Yes,Yes
HRA240004,Female,Sneha Patel,sneha.patel@hrhub.co.in,sneha.patel,1,Y,80,HRHub Solutions Pvt. Ltd.,Information Technology & Business Services,India,30,26-35,1996-07-28,Single,Diploma,Mechanical,Uttar Pradesh,Noida,9988495912,IT,Software Engineer,Non-Travel,Work From Office,2.2,0,0,0,0,2026-10-21,56450,6-10 LPA,20,0,3,4,3,4,1,1,0.0,No,No,No
HRA240005,Male,Harsh Jain,harsh.jain@hrhub.co.in,harsh.jain,1,Y,80,HRHub Solutions Pvt. Ltd.,Information Technology & Business Services,India,50,46-55,1976-08-02,Married,Master,Human Resources,Karnataka,Mysuru,9450862953,Sales,Sales Executive,Travel_Frequently,Hybrid,0.7,0,0,0,0,2028-04-21,25950,3-6 LPA,10,3,2,2,3,3,4,2,0.7,No,Yes,No
HRA240006,Female,Ritika Gupta,ritika.gupta@hrhub.co.in,ritika.gupta,1,Y,80,HRHub Solutions Pvt. Ltd.,Information Technology & Business Services,India,54,46-55,1972-08-03,Single,High School,General Education,Gujarat,Surat,9427885988,Administration,Facility Coordinator,Travel_Rarely,Work From Office,12.6,6,4,1,1,2016-05-30,104300,10+ LPA,24,3,4,4,4,2,2,1,6.0,No,Yes,No
HRA240007,Female,Ishita Joshi,ishita.joshi@hrhub.co.in,ishita.joshi,1,Y,80,HRHub Solutions Pvt. Ltd.,Information Technology & Business Services,India,25,18-25,2001-07-27,Married,MBA,Human Resources,Gujarat,Vadodara,9780228017,IT,Software Engineer,Travel_Frequently,Work From Office,0.5,0,0,0,0,2028-07-03,41600,3-6 LPA,23,2,3,2,3,2,3,0,0.5,No,Yes,Yes
HRA240008,Male,Arjun Jain,arjun.jain@hrhub.co.in,arjun.jain,1,Y,80,HRHub Solutions Pvt. Ltd.,Information Technology & Business Services,India,25,18-25,2001-07-27,Married,Master,Marketing,Uttar Pradesh,Kanpur,9066747720,Operations,Operations Executive,Travel_Rarely,Hybrid,1.2,0,0,0,0,2027-10-21,38450,3-6 LPA,10,3,1,1,4,4,4,6,1.2,No,No,No
HRA240009,Female,Deepika Das,deepika.das@hrhub.co.in,deepika.das,1,Y,80,HRHub Solutions Pvt. Ltd.,Information Technology & Business Services,India,38,36-45,1988-07-30,Single,Diploma,Electrical,West Bengal,Howrah,9257772774,Human Resources,HR Business Partner,Travel_Frequently,Work From Office,16.9,16,16,5,5,2012-02-12,127500,10+ LPA,14,2,3,1,2,4,2,4,3.0,No,No,No
HRA240010,Female,Shreya Verma,shreya.verma@hrhub.co.in,shreya.verma,1,Y,80,HRHub Solutions Pvt. Ltd.,Information Technology & Business Services,India,50,46-55,1976-08-02,Married,Diploma,Mechanical,Tamil Nadu,Coimbatore,9598358947,Sales,Sales Manager,Travel_Rarely,Work From Office,20.3,7,2,2,3,2008-09-19,187800,10+ LPA,6,1,4,3,3,4,1,6,6.0,No,No,No
HRA240011,Female,Pooja Sharma,pooja.sharma@hrhub.co.in,pooja.sharma,1,Y,80,HRHub Solutions Pvt. Ltd.,Information Technology & Business Services,India,46,46-55,1980-08-01,Married,MBA,Finance,Rajasthan,Jodhpur,9863613959,Operations,Operations Manager,Travel_Frequently,Work From Office,19.6,4,0,0,4,2009-06-01,183250,10+ LPA,12,2,4,1,1,3,4,1,7.0,No,No,No
HRA240012,Male,Raj Sinha,raj.sinha@hrhub.co.in,raj.sinha,1,Y,80,HRHub Solutions Pvt. Ltd.,Information Technology & Business Services,India,55,46-55,1971-08-04,Single,Bachelor,Commerce,Kerala,Kozhikode,9779178220,Administration,Facility Coordinator,Travel_Frequently,Work From Office,26.8,3,2,0,3,2002-03-22,163750,10+ LPA,18,0,3,3,1,3,4,2,9.0,No,Yes,No
HRA240013,Male,Sahil Shah,sahil.shah@hrhub.co.in,sahil.shah,1,Y,80,HRHub Solutions Pvt. Ltd.,Information Technology & Business Services,India,43,36-45,1983-08-01,Married,PhD,Finance,Maharashtra,Nagpur,9800458724,Finance,Finance Executive,Travel_Rarely,Hybrid,19.8,9,9,3,6,2009-03-20,153650,10+ LPA,9,2,4,2,1,3,1,3,1.0,No,Yes,No
HRA240014,Male,Shubham Gupta,shubham.gupta@hrhub.co.in,shubham.gupta,1,Y,80,HRHub Solutions Pvt. Ltd.,Information Technology & Business Services,India,34,26-35,1992-07-29,Single,Diploma,Civil,Delhi,New Delhi,9757777342,IT,System Administrator,Travel_Rarely,Work From Office,0.6,0,0,0,0,2028-05-27,34350,3-6 LPA,13,0,3,4,1,2,1,6,0.6,Yes,No,No
HRA240015,Male,Rahul Verma,rahul.verma@hrhub.co.in,rahul.verma,1,Y,80,HRHub Solutions Pvt. Ltd.,Information Technology & Business Services,India,34,26-35,1992-07-29,Divorced,Master,Marketing,Kerala,Thiruvananthapuram,9472171243,Human Resources,HR Business Partner,Travel_Rarely,Hybrid,3.2,0,0,0,0,2025-10-21,41050,3-6 LPA,23,2,3,3,3,4,4,3,3.0,No,Yes,No
HRA240016,Male,Vikas Banerjee,vikas.banerjee@hrhub.co.in,vikas.banerjee,1,Y,80,HRHub Solutions Pvt. Ltd.,Information Technology & Business Services,India,60,55+,1966-08-05,Married,MBA,Marketing,Kerala,Thiruvananthapuram,9764612614,Marketing,Content Strategist,Travel_Frequently,Work From Office,25.6,21,7,1,18,2003-06-03,150300,10+ LPA,19,2,3,3,3,2,1,4,5.0,Yes,No,No
HRA240017,Female,Harini Agarwal,harini.agarwal@hrhub.co.in,harini.agarwal,1,Y,80,HRHub Solutions Pvt. Ltd.,Information Technology & Business Services,India,21,18-25,2005-07-26,Married,Diploma,Computer,West Bengal,Durgapur,9105164078,IT,Software Engineer,Non-Travel,Hybrid,0.0,0,0,0,0,2029-01-01,42050,3-6 LPA,25,1,3,3,2,4,2,6,0.0,No,No,No
HRA240018,Female,Riya Shah,riya.shah@hrhub.co.in,riya.shah,1,Y,80,HRHub Solutions Pvt. Ltd.,Information Technology & Business Services,India,21,18-25,2005-07-26,Single,Bachelor,Marketing,Kerala,Kozhikode,9071299699,Administration,Administrative Executive,Travel_Rarely,Work From Office,0.0,0,0,0,0,2029-01-01,27400,3-6 LPA,12,1,3,1,2,2,4,4,0.0,No,No,No
HRA240019,Male,Akash Jain,akash.jain@hrhub.co.in,akash.jain,1,Y,80,HRHub Solutions Pvt. Ltd.,Information Technology & Business Services,India,45,36-45,1981-08-01,Married,MBA,Human Resources,Karnataka,Mysuru,9771291842,Operations,Supply Chain Coordinator,Travel_Frequently,Work From Office,14.2,12,6,6,1,2014-10-24,116550,10+ LPA,16,2,3,2,2,2,3,2,2.0,No,No,No
HRA240020,Male,Nikhil Gupta,nikhil.gupta@hrhub.co.in,nikhil.gupta,1,Y,80,HRHub Solutions Pvt. Ltd.,Information Technology & Business Services,India,18,18-25,2008-07-25,Married,Diploma,Electrical,Rajasthan,Jodhpur,9293352878,Marketing,Digital Marketing Specialist,Travel_Rarely,Hybrid,0.0,0,0,0,0,2029-01-01,32050,3-6 LPA,14,3,3,3,3,3,1,3,0.0,Yes,No,Yes
HRA240021,Male,Amit Rao,amit.rao@hrhub.co.in,amit.rao,1,Y,80,HRHub Solutions Pvt. Ltd.,Information Technology & Business Services,India,40,36-45,1986-07-31,Married,High School,General Education,Rajasthan,Udaipur,9564505810,Human Resources,Talent Acquisition Specialist,Travel_Rarely,Work From Office,17.2,17,13,7,15,2011-10-25,177650,10+ LPA,13,2,3,1,2,4,4,3,3.0,No,No,No
HRA240022,Female,Ishita Jain,ishita.jain@hrhub.co.in,ishita.jain,1,Y,80,HRHub Solutions Pvt. Ltd.,Information Technology & Business Services,India,32,26-35,1994-07-29,Single,Master,Marketing,Tamil Nadu,Madurai,9963379226,Finance,Finance Executive,Travel_Rarely,Remote,3.8,1,0,0,1,2025-03-16,48250,3-6 LPA,25,3,3,3,1,3,2,0,3.8,No,No,No
HRA240023,Female,Riya Das,riya.das@hrhub.co.in,riya.das,1,Y,80,HRHub Solutions Pvt. Ltd.,Information Technology & Business Services,India,44,36-45,1982-08-01,Single,Master,Business Administration,Telangana,Hyderabad,9914597736,IT,Software Engineer,Travel_Rarely,Hybrid,21.5,18,3,9,17,2007-07-09,138300,10+ LPA,14,3,4,2,4,4,3,1,9.0,No,No,No
HRA240024,Female,Khushi Patel,khushi.patel@hrhub.co.in,khushi.patel,1,Y,80,HRHub Solutions Pvt. Ltd.,Information Technology & Business Services,India,56,55+,1970-08-04,Married,Bachelor,Human Resources,Gujarat,Surat,9131984449,IT,Software Engineer,Non-Travel,Work From Office,19.8,5,2,1,2,2009-03-20,164100,10+ LPA,20,2,3,2,1,2,2,4,4.0,No,No,No
HRA240025,Male,Sandeep Bose,sandeep.bose@hrhub.co.in,sandeep.bose,1,Y,80,HRHub Solutions Pvt. Ltd.,Information Technology & Business Services,India,53,46-55,1973-08-03,Married,MBA,Operations,Gujarat,Surat,9798322900,Administration,Administrative Executive,Travel_Rarely,Work From Office,11.2,1,1,0,1,2017-10-24,101100,10+ LPA,22,2,3,3,1,2,3,2,2.0,No,Yes,No
HRA240026,Female,Anusha Das,anusha.das@hrhub.co.in,anusha.das,1,Y,80,HRHub Solutions Pvt. Ltd.,Information Technology & Business Services,India,30,26-35,1996-07-28,Married,Diploma,Mechanical,Telangana,Warangal,9335359759,Operations,Supply Chain Coordinator,Travel_Rarely,Work From Office,7.3,2,2,0,2,2021-09-16,65200,6-10 LPA,21,3,3,3,4,2,4,1,7.0,No,No,Yes
HRA240027,Female,Priya Jain,priya.jain@hrhub.co.in,priya.jain,1,Y,80,HRHub Solutions Pvt. Ltd.,Information Technology & Business Services,India,55,46-55,1971-08-04,Married,MBA,Marketing,Telangana,Warangal,9609797855,Administration,Office Administrator,Travel_Frequently,Work From Office,33.9,2,1,0,2,1995-02-16,146200,10+ LPA,10,0,3,1,4,2,2,5,2.0,No,Yes,No
HRA240028,Female,Khushi Mehta,khushi.mehta@hrhub.co.in,khushi.mehta,1,Y,80,HRHub Solutions Pvt. Ltd.,Information Technology & Business Services,India,33,26-35,1993-07-29,Single,MBA,Human Resources,Karnataka,Hubballi,9567117753,Marketing,Content Strategist,Non-Travel,Remote,11.3,7,2,2,5,2017-09-17,120000,10+ LPA,23,3,3,3,1,4,3,5,5.0,No,No,No
HRA240029,Female,Harini Sharma,harini.sharma@hrhub.co.in,harini.sharma,1,Y,80,HRHub Solutions Pvt. Ltd.,Information Technology & Business Services,India,43,36-45,1983-08-01,Single,PhD,Management,West Bengal,Howrah,9839507051,Sales,Sales Executive,Non-Travel,Work From Office,9.1,2,0,0,2,2019-11-29,59100,6-10 LPA,17,1,3,1,2,4,3,1,7.0,No,No,No
HRA240030,Male,Harsh Sharma,harsh.sharma@hrhub.co.in,harsh.sharma,1,Y,80,HRHub Solutions Pvt. Ltd.,Information Technology & Business Services,India,54,46-55,1972-08-03,Single,High School,General Education,Uttar Pradesh,Lucknow,9730639085,Marketing,Marketing Executive,Travel_Rarely,Work From Office,22.6,16,6,6,16,2006-06-02,134550,10+ LPA,19,1,2,4,4,3,4,0,6.0,No,No,No
HRA240031,Female,Priya Sinha,priya.sinha@hrhub.co.in,priya.sinha,1,Y,80,HRHub Solutions Pvt. Ltd.,Information Technology & Business Services,India,33,26-35,1993-07-29,Married,Bachelor,Commerce,Karnataka,Bengaluru,9577250402,Human Resources,Talent Acquisition Specialist,Non-Travel,Hybrid,7.8,1,0,0,1,2021-03-17,70150,6-10 LPA,9,1,3,3,3,4,2,0,7.8,Yes,No,Yes
HRA240032,Female,Anjali Kumar,anjali.kumar@hrhub.co.in,anjali.kumar,1,Y,80,HRHub Solutions Pvt. Ltd.,Information Technology & Business Services,India,21,18-25,2005-07-26,Married,PhD,Management,Kerala,Kochi,9166081611,Human Resources,Talent Acquisition Specialist,Travel_Rarely,Work From Office,0.0,0,0,0,0,2029-01-01,28950,3-6 LPA,25,2,1,1,3,3,3,0,0.0,No,Yes,No
HRA240033,Male,Mohit Reddy,mohit.reddy@hrhub.co.in,mohit.reddy,1,Y,80,HRHub Solutions Pvt. Ltd.,Information Technology & Business Services,India,57,55+,1969-08-04,Married,PhD,Management,Tamil Nadu,Madurai,9493565803,Sales,Business Development Executive,Travel_Rarely,Work From Office,14.5,7,2,1,4,2014-07-07,109450,10+ LPA,21,0,3,2,2,3,1,6,4.0,No,No,No
HRA240034,Female,Nikita Shah,nikita.shah@hrhub.co.in,nikita.shah,1,Y,80,HRHub Solutions Pvt. Ltd.,Information Technology & Business Services,India,33,26-35,1993-07-29,Married,High School,General Education,Maharashtra,Pune,9539804886,IT,Data Analyst,Non-Travel,Work From Office,0.1,0,0,0,0,2028-11-26,41750,3-6 LPA,21,3,3,4,1,1,4,3,0.1,No,Yes,No
HRA240035,Male,Shubham Rao,shubham.rao@hrhub.co.in,shubham.rao,1,Y,80,HRHub Solutions Pvt. Ltd.,Information Technology & Business Services,India,36,36-45,1990-07-30,Single,High School,General Education,Rajasthan,Jaipur,9501645466,Finance,Financial Analyst,Travel_Rarely,Work From Office,13.0,3,3,0,1,2016-01-05,117200,10+ LPA,23,3,3,2,3,4,3,3,4.0,No,No,No
HRA240036,Female,Anusha Mukherjee,anusha.mukherjee@hrhub.co.in,anusha.mukherjee,1,Y,80,HRHub Solutions Pvt. Ltd.,Information Technology & Business Services,India,32,26-35,1994-07-29,Married,High School,General Education,Uttar Pradesh,Lucknow,9604261447,Administration,Administrative Executive,Travel_Rarely,Hybrid,2.9,0,0,0,0,2026-02-08,40550,3-6 LPA,14,2,3,2,4,3,3,2,1.0,No,No,No
HRA240037,Male,Deepak Sharma,deepak.sharma@hrhub.co.in,deepak.sharma,1,Y,80,HRHub Solutions Pvt. Ltd.,Information Technology & Business Services,India,47,46-55,1979-08-02,Married,Bachelor,Marketing,Rajasthan,Udaipur,9620938373,Marketing,Digital Marketing Specialist,Non-Travel,Hybrid,8.1,2,1,1,0,2020-11-28,80100,6-10 LPA,14,0,3,3,3,1,2,3,1.0,No,Yes,Yes
HRA240038,Female,Megha Mehta,megha.mehta@hrhub.co.in,megha.mehta,1,Y,80,HRHub Solutions Pvt. Ltd.,Information Technology & Business Services,India,23,18-25,2003-07-27,Married,Diploma,Computer,West Bengal,Kolkata,9384155109,Operations,Operations Manager,Travel_Rarely,Work From Office,1.9,1,0,0,1,2027-02-08,66300,6-10 LPA,22,0,3,3,2,1,4,1,1.9,Yes,No,No
HRA240039,Male,Varun Sen,varun.sen@hrhub.co.in,varun.sen,1,Y,80,HRHub Solutions Pvt. Ltd.,Information Technology & Business Services,India,29,26-35,1997-07-28,Married,Diploma,Computer,Rajasthan,Jaipur,9326727332,IT,Data Analyst,Travel_Rarely,Remote,3.4,2,1,1,2,2025-08-09,55700,6-10 LPA,23,2,3,4,4,3,2,4,3.4,No,No,No
HRA240040,Male,Nikhil Nair,nikhil.nair@hrhub.co.in,nikhil.nair,1,Y,80,HRHub Solutions Pvt. Ltd.,Information Technology & Business Services,India,40,36-45,1986-07-31,Married,Master,Finance,Telangana,Warangal,9849053667,Operations,Supply Chain Coordinator,Travel_Rarely,Work From Office,3.6,3,0,0,0,2025-05-28,53550,6-10 LPA,24,0,3,3,1,2,2,1,3.0,Yes,No,No
HRA240041,Male,Raj Agarwal,raj.agarwal@hrhub.co.in,raj.agarwal,1,Y,80,HRHub Solutions Pvt. Ltd.,Information Technology & Business Services,India,24,18-25,2002-07-27,Single,Bachelor,Marketing,Maharashtra,Mumbai,9362801938,Marketing,Content Strategist,Travel_Frequently,Work From Office,2.6,0,0,0,0,2026-05-28,46000,3-6 LPA,23,3,3,1,3,4,2,2,1.0,No,No,Yes
HRA240042,Female,Pooja Agarwal,pooja.agarwal@hrhub.co.in,pooja.agarwal,1,Y,80,HRHub Solutions Pvt. Ltd.,Information Technology & Business Services,India,50,46-55,1976-08-02,Married,Diploma,Electrical,Telangana,Warangal,9046026224,Sales,Sales Manager,Travel_Rarely,Work From Office,4.2,2,0,0,1,2024-10-21,100200,10+ LPA,12,2,1,4,2,1,1,4,4.0,Yes,No,No
HRA240043,Female,Swati Agarwal,swati.agarwal@hrhub.co.in,swati.agarwal,1,Y,80,HRHub Solutions Pvt. Ltd.,Information Technology & Business Services,India,43,36-45,1983-08-01,Single,MBA,Finance,Maharashtra,Nagpur,9975268665,Administration,Facility Coordinator,Travel_Rarely,Work From Office,16.8,5,0,1,0,2012-03-19,149000,10+ LPA,12,3,4,1,4,1,3,6,3.0,No,Yes,Yes
HRA240044,Male,Aarav Banerjee,aarav.banerjee@hrhub.co.in,aarav.banerjee,1,Y,80,HRHub Solutions Pvt. Ltd.,Information Technology & Business Services,India,39,36-45,1987-07-31,Married,PhD,Finance,Telangana,Hyderabad,9607024748,Sales,Sales Manager,Non-Travel,Work From Office,9.4,8,8,4,2,2019-08-11,92450,10+ LPA,19,1,3,3,2,2,2,1,2.0,No,No,No
HRA240045,Female,Kavya Banerjee,kavya.banerjee@hrhub.co.in,kavya.banerjee,1,Y,80,HRHub Solutions Pvt. Ltd.,Information Technology & Business Services,India,25,18-25,2001-07-27,Single,PhD,Finance,Delhi,New Delhi,9754318864,Human Resources,Talent Acquisition Specialist,Travel_Rarely,Work From Office,0.2,0,0,0,0,2028-10-20,27250,3-6 LPA,24,1,3,3,3,3,1,2,0.2,No,No,No
HRA240046,Male,Vikas Nair,vikas.nair@hrhub.co.in,vikas.nair,1,Y,80,HRHub Solutions Pvt. Ltd.,Information Technology & Business Services,India,47,46-55,1979-08-02,Divorced,MBA,Finance,Delhi,New Delhi,9721135980,Human Resources,HR Executive,Travel_Rarely,Work From Office,19.7,13,9,3,4,2009-04-26,122700,10+ LPA,6,0,3,1,1,2,2,2,2.0,Yes,No,Yes
HRA240047,Male,Mohit Banerjee,mohit.banerjee@hrhub.co.in,mohit.banerjee,1,Y,80,HRHub Solutions Pvt. Ltd.,Information Technology & Business Services,India,54,46-55,1972-08-03,Single,Master,Human Resources,West Bengal,Howrah,9633161408,Finance,Accountant,Travel_Rarely,Work From Office,2.8,1,0,0,1,2026-03-17,58300,6-10 LPA,13,0,3,1,3,1,1,4,0.0,Yes,No,No
HRA240048,Female,Priya Sinha,priya.sinha@hrhub.co.in,priya.sinha,1,Y,80,HRHub Solutions Pvt. Ltd.,Information Technology & Business Services,India,32,26-35,1994-07-29,Married,Diploma,Computer,Delhi,New Delhi,9951763524,Administration,Office Administrator,Travel_Frequently,Work From Office,7.7,6,3,0,0,2021-04-23,63000,6-10 LPA,18,2,3,1,2,3,2,1,5.0,No,No,No
HRA240049,Female,Sneha Banerjee,sneha.banerjee@hrhub.co.in,sneha.banerjee,1,Y,80,HRHub Solutions Pvt. Ltd.,Information Technology & Business Services,India,41,36-45,1985-07-31,Married,Master,Human Resources,Delhi,New Delhi,9279975261,Human Resources,Talent Acquisition Specialist,Travel_Rarely,Remote,12.5,8,1,3,8,2016-07-06,97750,10+ LPA,20,0,3,1,1,1,3,1,4.0,Yes,No,No
HRA240050,Female,Neha Kapoor,neha.kapoor@hrhub.co.in,neha.kapoor,1,Y,80,HRHub Solutions Pvt. Ltd.,Information Technology & Business Services,India,44,36-45,1982-08-01,Married,High School,General Education,Uttar Pradesh,Lucknow,9741906695,Human Resources,HR Business Partner,Travel_Frequently,Work From Office,10.9,0,0,0,0,2018-02-10,91650,10+ LPA,7,3,3,1,4,1,4,0,3.0,No,Yes,Yes
HRA240051,Male,Pranav Gupta,pranav.gupta@hrhub.co.in,pranav.gupta,1,Y,80,HRHub Solutions Pvt. Ltd.,Information Technology & Business Services,India,52,46-55,1974-08-03,Single,High School,General Education,Uttar Pradesh,Lucknow,9035796564,Administration,Office Administrator,Travel_Rarely,Work From Office,24.0,20,10,4,4,2005-01-07,171200,10+ LPA,17,0,3,4,2,3,1,0,6.0,No,Yes,No
HRA240052,Male,Harsh Sen,harsh.sen@hrhub.co.in,harsh.sen,1,Y,80,HRHub Solutions Pvt. Ltd.,Information Technology & Business Services,India,22,18-25,2004-07-26,Married,Bachelor,Finance,Gujarat,Surat,9662482230,Operations,Operations Manager,Non-Travel,Hybrid,0.1,0,0,0,0,2028-11-26,64350,6-10 LPA,21,2,2,3,2,2,3,5,0.1,No,Yes,No
HRA240053,Female,Khushi Mishra,khushi.mishra@hrhub.co.in,khushi.mishra,1,Y,80,HRHub Solutions Pvt. Ltd.,Information Technology & Business Services,India,34,26-35,1992-07-29,Single,Diploma,Mechanical,Telangana,Warangal,9950605411,Operations,Operations Executive,Travel_Rarely,Remote,8.5,3,2,1,1,2020-07-05,73600,6-10 LPA,5,3,3,1,4,4,3,3,6.0,Yes,No,No
HRA240054,Male,Aarav Joshi,aarav.joshi@hrhub.co.in,aarav.joshi,1,Y,80,HRHub Solutions Pvt. Ltd.,Information Technology & Business Services,India,24,18-25,2002-07-27,Married,Bachelor,Human Resources,Tamil Nadu,Madurai,9474733435,Operations,Supply Chain Coordinator,Non-Travel,Work From Office,1.3,1,0,0,1,2027-09-15,31200,3-6 LPA,9,2,4,1,4,3,1,2,0.0,No,Yes,Yes
HRA240055,Male,Raj Khan,raj.khan@hrhub.co.in,raj.khan,1,Y,80,HRHub Solutions Pvt. Ltd.,Information Technology & Business Services,India,57,55+,1969-08-04,Single,MBA,Operations,Tamil Nadu,Madurai,9095290550,Marketing,Digital Marketing Specialist,Travel_Rarely,Work From Office,18.1,16,8,7,4,2010-12-01,151850,10+ LPA,21,0,3,2,2,3,1,3,10.0,Yes,No,No
HRA240056,Male,Varun Sharma,varun.sharma@hrhub.co.in,varun.sharma,1,Y,80,HRHub Solutions Pvt. Ltd.,Information Technology & Business Services,India,58,55+,1968-08-04,Married,Master,Finance,Uttar Pradesh,Kanpur,9908806831,Sales,Sales Executive,Travel_Rarely,Hybrid,4.4,4,2,2,1,2024-08-09,46250,3-6 LPA,10,1,3,1,2,3,4,3,4.4,Yes,Yes,No
HRA240057,Male,Raj Kumar,raj.kumar@hrhub.co.in,raj.kumar,1,Y,80,HRHub Solutions Pvt. Ltd.,Information Technology & Business Services,India,45,36-45,1981-08-01,Single,Diploma,Computer,Karnataka,Mysuru,9134277323,Human Resources,Talent Acquisition Specialist,Travel_Rarely,Hybrid,20.7,5,0,2,2,2008-04-26,168950,10+ LPA,5,2,2,4,2,4,3,0,5.0,No,No,No
HRA240058,Female,Deepika Khan,deepika.khan@hrhub.co.in,deepika.khan,1,Y,80,HRHub Solutions Pvt. Ltd.,Information Technology & Business Services,India,21,18-25,2005-07-26,Divorced,PhD,Management,Kerala,Kochi,9530955877,Marketing,Content Strategist,Travel_Frequently,Work From Office,0.0,0,0,0,0,2029-01-01,33450,3-6 LPA,19,1,3,1,4,1,2,4,0.0,Yes,No,Yes
HRA240059,Male,Deepak Saha,deepak.saha@hrhub.co.in,deepak.saha,1,Y,80,HRHub Solutions Pvt. Ltd.,Information Technology & Business Services,India,31,26-35,1995-07-29,Single,High School,General Education,Gujarat,Ahmedabad,9502469484,Operations,Supply Chain Coordinator,Non-Travel,Work From Office,1.4,0,0,0,0,2027-08-10,25100,3-6 LPA,20,1,3,3,4,1,3,1,1.4,No,Yes,No
HRA240060,Female,Shreya Mukherjee,shreya.mukherjee@hrhub.co.in,shreya.mukherjee,1,Y,80,HRHub Solutions Pvt. Ltd.,Information Technology & Business Services,India,51,46-55,1975-08-03,Single,MBA,Marketing,Karnataka,Bengaluru,9168226080,Marketing,Content Strategist,Travel_Rarely,Work From Office,3.2,1,0,0,1,2025-10-21,48750,3-6 LPA,22,1,3,2,4,3,4,5,3.0,No,Yes,No
HRA240061,Female,Ananya Sen,ananya.sen@hrhub.co.in,ananya.sen,1,Y,80,HRHub Solutions Pvt. Ltd.,Information Technology & Business Services,India,34,26-35,1992-07-29,Married,Master,Finance,Tamil Nadu,Coimbatore,9540770053,Human Resources,HR Business Partner,Travel_Frequently,Work From Office,1.7,0,0,0,0,2027-04-22,33850,3-6 LPA,5,1,3,2,3,1,2,5,1.7,No,No,No
HRA240062,Male,Karan Patel,karan.patel@hrhub.co.in,karan.patel,1,Y,80,HRHub Solutions Pvt. Ltd.,Information Technology & Business Services,India,49,46-55,1977-08-02,Married,Diploma,Computer,Karnataka,Mysuru,9641533070,IT,Network Engineer,Travel_Rarely,Hybrid,1.7,1,0,0,0,2027-04-22,34000,3-6 LPA,7,3,3,1,3,3,2,0,1.7,No,Yes,Yes
HRA240063,Male,Gaurav Sen,gaurav.sen@hrhub.co.in,gaurav.sen,1,Y,80,HRHub Solutions Pvt. Ltd.,Information Technology & Business Services,India,21,18-25,2005-07-26,Single,Master,Business Administration,Karnataka,Mysuru,9037930618,Marketing,Marketing Executive,Non-Travel,Hybrid,0.0,0,0,0,0,2029-01-01,24150,0-3 LPA,17,1,4,4,3,2,3,3,0.0,No,No,Yes
HRA240064,Female,Ananya Singh,ananya.singh@hrhub.co.in,ananya.singh,1,Y,80,HRHub Solutions Pvt. Ltd.,Information Technology & Business Services,India,45,36-45,1981-08-01,Married,Diploma,Mechanical,Gujarat,Vadodara,9367912072,Operations,Supply Chain Coordinator,Travel_Rarely,Work From Office,13.2,10,9,0,3,2015-10-24,105200,10+ LPA,5,0,3,4,3,3,3,3,5.0,No,No,No
HRA240065,Male,Vikas Mukherjee,vikas.mukherjee@hrhub.co.in,vikas.mukherjee,1,Y,80,HRHub Solutions Pvt. Ltd.,Information Technology & Business Services,India,34,26-35,1992-07-29,Single,Diploma,Mechanical,Gujarat,Surat,9051556740,Marketing,Marketing Executive,Travel_Rarely,Hybrid,8.4,5,4,2,4,2020-08-10,77250,6-10 LPA,6,0,2,3,1,3,1,2,8.4,No,No,No
HRA240066,Male,Gaurav Sinha,gaurav.sinha@hrhub.co.in,gaurav.sinha,1,Y,80,HRHub Solutions Pvt. Ltd.,Information Technology & Business Services,India,35,26-35,1991-07-30,Divorced,Bachelor,Commerce,Rajasthan,Udaipur,9000040046,Human Resources,HR Business Partner,Travel_Rarely,Work From Office,7.4,3,2,1,2,2021-08-10,58050,6-10 LPA,18,0,3,2,3,4,4,1,5.0,No,Yes,No
HRA240067,Male,Varun Nair,varun.nair@hrhub.co.in,varun.nair,1,Y,80,HRHub Solutions Pvt. Ltd.,Information Technology & Business Services,India,56,55+,1970-08-04,Single,High School,General Education,Rajasthan,Jaipur,9216525081,Human Resources,Talent Acquisition Specialist,Travel_Rarely,Work From Office,8.4,5,0,1,0,2020-08-10,78450,6-10 LPA,13,0,3,3,4,4,4,1,1.0,No,No,No
HRA240068,Male,Varun Jain,varun.jain@hrhub.co.in,varun.jain,1,Y,80,HRHub Solutions Pvt. Ltd.,Information Technology & Business Services,India,25,18-25,2001-07-27,Married,Master,Marketing,Maharashtra,Mumbai,9546168444,IT,Network Engineer,Travel_Rarely,Hybrid,2.6,2,0,1,2,2026-05-28,48500,3-6 LPA,22,1,2,1,1,2,4,5,2.0,No,No,No
HRA240069,Female,Vaishnavi Roy,vaishnavi.roy@hrhub.co.in,vaishnavi.roy,1,Y,80,HRHub Solutions Pvt. Ltd.,Information Technology & Business Services,India,28,26-35,1998-07-28,Married,Master,Human Resources,Kerala,Kochi,9448940094,IT,System Administrator,Non-Travel,Hybrid,1.8,1,0,0,1,2027-03-16,40400,3-6 LPA,20,0,3,4,2,4,4,5,1.8,No,No,No
HRA240070,Female,Harini Mukherjee,harini.mukherjee@hrhub.co.in,harini.mukherjee,1,Y,80,HRHub Solutions Pvt. Ltd.,Information Technology & Business Services,India,51,46-55,1975-08-03,Single,Diploma,Civil,West Bengal,Howrah,9191871628,Marketing,Digital Marketing Specialist,Travel_Rarely,Work From Office,13.7,6,5,3,6,2015-04-25,87450,10+ LPA,23,0,3,3,2,4,3,1,5.0,No,No,No
HRA240071,Female,Pooja Reddy,pooja.reddy@hrhub.co.in,pooja.reddy,1,Y,80,HRHub Solutions Pvt. Ltd.,Information Technology & Business Services,India,49,46-55,1977-08-02,Married,High School,General Education,Telangana,Warangal,9591056396,IT,Software Engineer,Travel_Frequently,Hybrid,22.0,15,15,1,8,2007-01-07,133050,10+ LPA,19,3,4,1,2,3,1,5,1.0,No,No,No
HRA240072,Female,Ananya Saha,ananya.saha@hrhub.co.in,ananya.saha,1,Y,80,HRHub Solutions Pvt. Ltd.,Information Technology & Business Services,India,57,55+,1969-08-04,Married,MBA,Human Resources,Uttar Pradesh,Noida,9256374484,Human Resources,HR Business Partner,Travel_Frequently,Hybrid,23.6,12,12,5,6,2005-06-02,135800,10+ LPA,15,2,4,1,3,1,3,1,0.0,No,Yes,No
HRA240073,Female,Deepika Patel,deepika.patel@hrhub.co.in,deepika.patel,1,Y,80,HRHub Solutions Pvt. Ltd.,Information Technology & Business Services,India,58,55+,1968-08-04,Married,Diploma,Computer,Telangana,Warangal,9887089426,Sales,Sales Manager,Travel_Rarely,Work From Office,15.7,0,0,0,0,2013-04-25,208800,10+ LPA,22,1,3,3,2,3,1,0,7.0,No,No,Yes
HRA240074,Female,Ishita Nair,ishita.nair@hrhub.co.in,ishita.nair,1,Y,80,HRHub Solutions Pvt. Ltd.,Information Technology & Business Services,India,49,46-55,1977-08-02,Married,Master,Business Administration,Tamil Nadu,Chennai,9471649191,IT,Data Analyst,Non-Travel,Work From Office,9.3,7,2,2,2,2019-09-17,66850,6-10 LPA,8,3,3,3,4,4,1,3,9.0,No,Yes,No
HRA240075,Male,Aarav Patel,aarav.patel@hrhub.co.in,aarav.patel,1,Y,80,HRHub Solutions Pvt. Ltd.,Information Technology & Business Services,India,22,18-25,2004-07-26,Single,PhD,Management,Kerala,Kochi,9237432692,Sales,Sales Manager,Travel_Frequently,Work From Office,0.0,0,0,0,0,2029-01-01,72950,6-10 LPA,23,2,3,3,1,2,1,0,0.0,Yes,No,No
HRA240076,Male,Gaurav Mishra,gaurav.mishra@hrhub.co.in,gaurav.mishra,1,Y,80,HRHub Solutions Pvt. Ltd.,Information Technology & Business Services,India,40,36-45,1986-07-31,Married,High School,General Education,West Bengal,Kolkata,9339059666,Operations,Supply Chain Coordinator,Travel_Rarely,Work From Office,18.0,9,3,4,3,2011-01-06,173200,10+ LPA,16,2,4,3,4,2,4,5,7.0,No,No,No
HRA240077,Female,Ananya Sharma,ananya.sharma@hrhub.co.in,ananya.sharma,1,Y,80,HRHub Solutions Pvt. Ltd.,Information Technology & Business Services,India,33,26-35,1993-07-29,Single,PhD,Computer Science,Uttar Pradesh,Noida,9217931625,Administration,Administrative Executive,Travel_Rarely,Work From Office,5.3,4,1,1,2,2023-09-16,72150,6-10 LPA,21,1,3,2,4,4,4,4,3.0,No,No,No
HRA240078,Female,Sonali Bose,sonali.bose@hrhub.co.in,sonali.bose,1,Y,80,HRHub Solutions Pvt. Ltd.,Information Technology & Business Services,India,28,26-35,1998-07-28,Married,Master,Marketing,West Bengal,Durgapur,9774786910,Human Resources,HR Executive,Travel_Rarely,Hybrid,6.0,1,1,0,1,2023-01-03,60400,6-10 LPA,14,0,3,4,2,1,1,1,0.0,No,Yes,No
HRA240079,Male,Pranav Sinha,pranav.sinha@hrhub.co.in,pranav.sinha,1,Y,80,HRHub Solutions Pvt. Ltd.,Information Technology & Business Services,India,24,18-25,2002-07-27,Married,Diploma,Civil,Delhi,New Delhi,9702657814,Marketing,Digital Marketing Specialist,Travel_Rarely,Work From Office,0.1,0,0,0,0,2028-11-26,32500,3-6 LPA,5,0,3,3,3,4,4,6,0.1,No,Yes,No
HRA240080,Male,Varun Banerjee,varun.banerjee@hrhub.co.in,varun.banerjee,1,Y,80,HRHub Solutions Pvt. Ltd.,Information Technology & Business Services,India,22,18-25,2004-07-26,Divorced,PhD,Management,Tamil Nadu,Madurai,9317560730,Finance,Accountant,Travel_Frequently,Hybrid,1.0,1,0,0,0,2028-01-02,33700,3-6 LPA,24,3,4,1,1,1,1,5,1.0,No,No,Yes
HRA240081,Male,Arjun Sharma,arjun.sharma@hrhub.co.in,arjun.sharma,1,Y,80,HRHub Solutions Pvt. Ltd.,Information Technology & Business Services,India,34,26-35,1992-07-29,Single,High School,General Education,Karnataka,Bengaluru,9865496602,Operations,Operations Manager,Non-Travel,Remote,3.5,2,2,0,1,2025-07-04,82200,6-10 LPA,22,0,4,1,3,3,1,0,3.5,No,No,No
HRA240082,Female,Sonali Verma,sonali.verma@hrhub.co.in,sonali.verma,1,Y,80,HRHub Solutions Pvt. Ltd.,Information Technology & Business Services,India,58,55+,1968-08-04,Single,Diploma,Computer,Telangana,Hyderabad,9477966054,Marketing,Digital Marketing Specialist,Travel_Rarely,Work From Office,12.9,4,1,0,2,2016-02-11,111400,10+ LPA,6,3,3,3,4,1,4,2,4.0,No,No,No
HRA240083,Female,Anusha Sinha,anusha.sinha@hrhub.co.in,anusha.sinha,1,Y,80,HRHub Solutions Pvt. Ltd.,Information Technology & Business Services,India,25,18-25,2001-07-27,Single,MBA,Finance,Telangana,Hyderabad,9580197557,Administration,Facility Coordinator,Travel_Rarely,Work From Office,2.2,1,0,0,1,2026-10-21,41500,3-6 LPA,7,2,4,3,2,3,2,5,2.2,No,No,No
HRA240084,Male,Varun Kumar,varun.kumar@hrhub.co.in,varun.kumar,1,Y,80,HRHub Solutions Pvt. Ltd.,Information Technology & Business Services,India,20,18-25,2006-07-26,Single,High School,General Education,Uttar Pradesh,Kanpur,9862684970,Human Resources,HR Executive,Travel_Rarely,Work From Office,0.0,0,0,0,0,2029-01-01,30300,3-6 LPA,17,0,3,1,1,4,1,2,0.0,No,No,Yes
HRA240085,Male,Sandeep Sharma,sandeep.sharma@hrhub.co.in,sandeep.sharma,1,Y,80,HRHub Solutions Pvt. Ltd.,Information Technology & Business Services,India,59,55+,1967-08-05,Married,Master,Marketing,Karnataka,Hubballi,9054171500,Sales,Sales Manager,Travel_Rarely,Work From Office,31.6,29,11,12,3,1997-06-04,223250,10+ LPA,5,0,4,4,3,2,3,2,5.0,No,Yes,No
HRA240086,Female,Riya Sinha,riya.sinha@hrhub.co.in,riya.sinha,1,Y,80,HRHub Solutions Pvt. Ltd.,Information Technology & Business Services,India,20,18-25,2006-07-26,Married,Master,Finance,Karnataka,Hubballi,9228349143,Administration,Facility Coordinator,Travel_Rarely,Work From Office,0.0,0,0,0,0,2029-01-01,26750,3-6 LPA,12,1,3,4,3,1,1,1,0.0,No,No,No
HRA240087,Female,Khushi Shah,khushi.shah@hrhub.co.in,khushi.shah,1,Y,80,HRHub Solutions Pvt. Ltd.,Information Technology & Business Services,India,47,46-55,1979-08-02,Married,Master,Business Administration,Rajasthan,Jodhpur,9012256208,Finance,Financial Analyst,Travel_Rarely,Work From Office,14.5,0,0,0,0,2014-07-07,94000,10+ LPA,7,3,4,2,1,4,2,3,0.0,No,No,No
HRA240088,Female,Sonali Chatterjee,sonali.chatterjee@hrhub.co.in,sonali.chatterjee,1,Y,80,HRHub Solutions Pvt. Ltd.,Information Technology & Business Services,India,38,36-45,1988-07-30,Single,Master,Marketing,Karnataka,Mysuru,9629658636,Sales,Sales Executive,Travel_Rarely,Work From Office,16.7,12,8,3,3,2012-04-25,139100,10+ LPA,6,1,2,3,3,1,1,3,9.0,No,No,No
HRA240089,Female,Harini Verma,harini.verma@hrhub.co.in,harini.verma,1,Y,80,HRHub Solutions Pvt. Ltd.,Information Technology & Business Services,India,59,55+,1967-08-05,Married,Master,Computer Science,Rajasthan,Jaipur,9410006658,Human Resources,Talent Acquisition Specialist,Travel_Rarely,Remote,36.6,36,14,0,0,1992-06-05,140900,10+ LPA,6,1,3,3,4,1,4,0,6.0,No,No,No
HRA240090,Female,Neha Roy,neha.roy@hrhub.co.in,neha.roy,1,Y,80,HRHub Solutions Pvt. Ltd.,Information Technology & Business Services,India,18,18-25,2008-07-25,Single,Master,Business Administration,Maharashtra,Nagpur,9583047027,Operations,Supply Chain Coordinator,Travel_Rarely,Work From Office,0.0,0,0,0,0,2029-01-01,20450,0-3 LPA,15,0,4,1,3,4,3,2,0.0,No,No,No
HRA240091,Female,Divya Nair,divya.nair@hrhub.co.in,divya.nair,1,Y,80,HRHub Solutions Pvt. Ltd.,Information Technology & Business Services,India,37,36-45,1989-07-30,Single,Diploma,Electrical,Rajasthan,Udaipur,9072553205,Operations,Operations Executive,Non-Travel,Work From Office,5.1,2,0,0,0,2023-11-28,64100,6-10 LPA,13,3,2,4,4,3,1,5,5.0,Yes,No,No
HRA240092,Male,Raj Saha,raj.saha@hrhub.co.in,raj.saha,1,Y,80,HRHub Solutions Pvt. Ltd.,Information Technology & Business Services,India,35,26-35,1991-07-30,Single,High School,General Education,Karnataka,Mysuru,9120074045,Administration,Administrative Executive,Travel_Rarely,Work From Office,11.7,3,1,1,3,2017-04-24,89550,10+ LPA,17,2,3,4,2,1,2,5,5.0,Yes,Yes,Yes
HRA240093,Male,Manish Mishra,manish.mishra@hrhub.co.in,manish.mishra,1,Y,80,HRHub Solutions Pvt. Ltd.,Information Technology & Business Services,India,30,26-35,1996-07-28,Single,High School,General Education,Karnataka,Bengaluru,9413739491,Finance,Finance Executive,Travel_Rarely,Remote,0.6,0,0,0,0,2028-05-27,29650,3-6 LPA,14,1,4,3,2,1,3,5,0.6,No,No,No
HRA240094,Female,Pooja Rao,pooja.rao@hrhub.co.in,pooja.rao,1,Y,80,HRHub Solutions Pvt. Ltd.,Information Technology & Business Services,India,25,18-25,2001-07-27,Single,MBA,Human Resources,Karnataka,Mysuru,9631879897,IT,Data Analyst,Travel_Rarely,Hybrid,0.2,0,0,0,0,2028-10-20,39700,3-6 LPA,12,1,3,2,1,4,1,6,0.2,No,No,No
HRA240095,Male,Rahul Agarwal,rahul.agarwal@hrhub.co.in,rahul.agarwal,1,Y,80,HRHub Solutions Pvt. Ltd.,Information Technology & Business Services,India,34,26-35,1992-07-29,Single,Bachelor,Information Technology,Rajasthan,Udaipur,9668470726,Administration,Facility Coordinator,Travel_Rarely,Work From Office,9.5,9,6,3,3,2019-07-06,63550,6-10 LPA,21,0,3,4,2,1,2,1,3.0,No,Yes,No
HRA240096,Male,Sandeep Sinha,sandeep.sinha@hrhub.co.in,sandeep.sinha,1,Y,80,HRHub Solutions Pvt. Ltd.,Information Technology & Business Services,India,55,46-55,1971-08-04,Married,Bachelor,Finance,Uttar Pradesh,Lucknow,9751862109,Marketing,Content Strategist,Travel_Frequently,Hybrid,28.2,13,13,1,6,2000-10-27,157500,10+ LPA,10,0,4,4,1,1,4,6,6.0,No,No,No
HRA240097,Male,Arjun Nair,arjun.nair@hrhub.co.in,arjun.nair,1,Y,80,HRHub Solutions Pvt. Ltd.,Information Technology & Business Services,India,55,46-55,1971-08-04,Single,PhD,Computer Science,Gujarat,Ahmedabad,9846580681,Operations,Operations Manager,Travel_Rarely,Work From Office,9.7,9,9,3,9,2019-04-24,103700,10+ LPA,8,0,3,2,3,1,3,5,4.0,No,No,No
HRA240098,Male,Gaurav Rao,gaurav.rao@hrhub.co.in,gaurav.rao,1,Y,80,HRHub Solutions Pvt. Ltd.,Information Technology & Business Services,India,33,26-35,1993-07-29,Single,Master,Human Resources,Rajasthan,Udaipur,9726021318,Operations,Operations Executive,Travel_Rarely,Work From Office,8.7,4,0,1,4,2020-04-23,85700,10+ LPA,20,2,3,1,4,1,2,3,8.0,Yes,No,No
HRA240099,Male,Pranav Chatterjee,pranav.chatterjee@hrhub.co.in,pranav.chatterjee,1,Y,80,HRHub Solutions Pvt. Ltd.,Information Technology & Business Services,India,26,26-35,2000-07-27,Single,MBA,Operations,Maharashtra,Pune,9155781373,Operations,Operations Executive,Travel_Rarely,Work From Office,4.9,3,2,1,1,2024-02-09,46800,3-6 LPA,24,2,4,3,2,2,1,3,4.9,Yes,Yes,No
HRA240100,Female,Swati Roy,swati.roy@hrhub.co.in,swati.roy,1,Y,80,HRHub Solutions Pvt. Ltd.,Information Technology & Business Services,India,48,46-55,1978-08-02,Single,Diploma,Mechanical,Rajasthan,Udaipur,9078464015,IT,Network Engineer,Travel_Rarely,Remote,3.8,3,2,1,2,2025-03-16,46300,3-6 LPA,15,2,2,3,4,4,4,1,3.8,Yes,No,No
HRA240101,Male,Ankit Shah,ankit.shah@hrhub.co.in,ankit.shah,1,Y,80,HRHub Solutions Pvt. Ltd.,Information Technology & Business Services,India,44,36-45,1982-08-01,Married,Bachelor,Computer Science,Telangana,Hyderabad,9154138273,Marketing,Digital Marketing Specialist,Travel_Frequently,Work From Office,22.7,19,4,3,17,2006-04-27,171650,10+ LPA,21,3,2,3,3,4,4,1,9.0,No,No,No
HRA240102,Male,Manish Mehta,manish.mehta@hrhub.co.in,manish.mehta,1,Y,80,HRHub Solutions Pvt. Ltd.,Information Technology & Business Services,India,41,36-45,1985-07-31,Married,PhD,Finance,Maharashtra,Nagpur,9437149262,IT,Data Analyst,Travel_Frequently,Work From Office,8.0,0,0,0,0,2021-01-03,73200,6-10 LPA,17,0,3,4,1,3,1,4,1.0,Yes,No,No
HRA240103,Female,Tanvi Reddy,tanvi.reddy@hrhub.co.in,tanvi.reddy,1,Y,80,HRHub Solutions Pvt. Ltd.,Information Technology & Business Services,India,38,36-45,1988-07-30,Single,Bachelor,Human Resources,Delhi,New Delhi,9017846274,Sales,Business Development Executive,Travel_Frequently,Hybrid,0.1,0,0,0,0,2028-11-26,37400,3-6 LPA,22,3,3,2,1,4,2,1,0.1,No,No,No
HRA240104,Female,Sneha Chatterjee,sneha.chatterjee@hrhub.co.in,sneha.chatterjee,1,Y,80,HRHub Solutions Pvt. Ltd.,Information Technology & Business Services,India,20,18-25,2006-07-26,Married,High School,General Education,Karnataka,Bengaluru,9713402500,IT,System Administrator,Travel_Rarely,Remote,0.0,0,0,0,0,2029-01-01,42300,3-6 LPA,15,1,4,3,1,3,2,2,0.0,No,No,No
HRA240105,Male,Nikhil Agarwal,nikhil.agarwal@hrhub.co.in,nikhil.agarwal,1,Y,80,HRHub Solutions Pvt. Ltd.,Information Technology & Business Services,India,28,26-35,1998-07-28,Married,PhD,Finance,Gujarat,Ahmedabad,9887559875,Marketing,Content Strategist,Travel_Rarely,Work From Office,0.5,0,0,0,0,2028-07-03,35350,3-6 LPA,6,0,3,3,2,1,2,5,0.5,No,No,No
HRA240106,Female,Swati Singh,swati.singh@hrhub.co.in,swati.singh,1,Y,80,HRHub Solutions Pvt. Ltd.,Information Technology & Business Services,India,36,36-45,1990-07-30,Single,PhD,Computer Science,Kerala,Kozhikode,9457867404,Sales,Sales Manager,Non-Travel,Work From Office,9.5,6,5,2,4,2019-07-06,125800,10+ LPA,21,1,3,3,1,1,4,3,9.5,No,No,No
HRA240107,Male,Sandeep Reddy,sandeep.reddy@hrhub.co.in,sandeep.reddy,1,Y,80,HRHub Solutions Pvt. Ltd.,Information Technology & Business Services,India,46,46-55,1980-08-01,Married,Bachelor,Information Technology,Kerala,Kozhikode,9299316421,Finance,Finance Executive,Travel_Rarely,Work From Office,8.7,7,0,1,4,2020-04-23,76750,6-10 LPA,7,0,3,3,4,1,3,6,8.0,No,Yes,No
HRA240108,Female,Nikita Kumar,nikita.kumar@hrhub.co.in,nikita.kumar,1,Y,80,HRHub Solutions Pvt. Ltd.,Information Technology & Business Services,India,25,18-25,2001-07-27,Married,Diploma,Civil,Delhi,New Delhi,9407080631,Operations,Operations Executive,Travel_Rarely,Work From Office,1.2,1,1,0,1,2027-10-21,30300,3-6 LPA,20,1,4,1,2,2,1,5,1.0,No,Yes,No
HRA240109,Male,Amit Sen,amit.sen@hrhub.co.in,amit.sen,1,Y,80,HRHub Solutions Pvt. Ltd.,Information Technology & Business Services,India,50,46-55,1976-08-02,Single,Bachelor,Commerce,Uttar Pradesh,Kanpur,9893770705,Sales,Sales Executive,Travel_Rarely,Work From Office,27.5,23,0,10,12,2001-07-10,134700,10+ LPA,11,1,3,2,3,2,2,3,5.0,No,Yes,No
HRA240110,Male,Gaurav Sharma,gaurav.sharma@hrhub.co.in,gaurav.sharma,1,Y,80,HRHub Solutions Pvt. Ltd.,Information Technology & Business Services,India,49,46-55,1977-08-02,Single,MBA,Marketing,Uttar Pradesh,Kanpur,9877523999,IT,Data Analyst,Travel_Rarely,Hybrid,22.7,9,5,2,4,2006-04-27,141650,10+ LPA,22,1,4,3,4,2,2,3,2.0,No,Yes,No
HRA240111,Female,Anusha Khan,anusha.khan@hrhub.co.in,anusha.khan,1,Y,80,HRHub Solutions Pvt. Ltd.,Information Technology & Business Services,India,56,55+,1970-08-04,Married,Bachelor,Information Technology,Uttar Pradesh,Noida,9787155333,Administration,Facility Coordinator,Travel_Rarely,Remote,8.0,3,2,1,2,2021-01-03,79400,6-10 LPA,17,0,3,4,1,4,4,2,8.0,Yes,Yes,Yes
HRA240112,Male,Aditya Ghosh,aditya.ghosh@hrhub.co.in,aditya.ghosh,1,Y,80,HRHub Solutions Pvt. Ltd.,Information Technology & Business Services,India,49,46-55,1977-08-02,Married,Bachelor,Human Resources,Kerala,Kozhikode,9587005125,Finance,Finance Executive,Non-Travel,Work From Office,18.2,13,3,0,9,2010-10-25,170900,10+ LPA,15,1,4,4,2,2,4,5,9.0,No,No,No
HRA240113,Female,Khushi Sen,khushi.sen@hrhub.co.in,khushi.sen,1,Y,80,HRHub Solutions Pvt. Ltd.,Information Technology & Business Services,India,42,36-45,1984-07-31,Married,Diploma,Computer,Rajasthan,Jodhpur,9975311524,Sales,Sales Executive,Travel_Rarely,Work From Office,13.8,7,5,3,3,2015-03-19,91900,10+ LPA,25,2,3,3,1,4,3,2,10.0,No,No,No
HRA240114,Female,Divya Saha,divya.saha@hrhub.co.in,divya.saha,1,Y,80,HRHub Solutions Pvt. Ltd.,Information Technology & Business Services,India,34,26-35,1992-07-29,Married,MBA,Human Resources,Maharashtra,Nagpur,9277157368,Human Resources,HR Executive,Travel_Frequently,Work From Office,8.8,8,2,2,1,2020-03-17,75900,6-10 LPA,8,0,4,1,4,4,2,0,7.0,No,Yes,No
HRA240115,Female,Pooja Mishra,pooja.mishra@hrhub.co.in,pooja.mishra,1,Y,80,HRHub Solutions Pvt. Ltd.,Information Technology & Business Services,India,22,18-25,2004-07-26,Married,Master,Marketing,Telangana,Hyderabad,9150434010,Finance,Financial Analyst,Travel_Frequently,Work From Office,0.4,0,0,0,0,2028-08-08,42100,3-6 LPA,17,2,3,2,2,4,4,2,0.4,No,No,No
HRA240116,Female,Sonali Agarwal,sonali.agarwal@hrhub.co.in,sonali.agarwal,1,Y,80,HRHub Solutions Pvt. Ltd.,Information Technology & Business Services,India,27,26-35,1999-07-28,Single,High School,General Education,Telangana,Hyderabad,9147061653,Sales,Sales Manager,Travel_Rarely,Hybrid,0.1,0,0,0,0,2028-11-26,82150,6-10 LPA,7,3,2,2,1,4,1,2,0.0,No,No,Yes
HRA240117,Female,Anusha Mehta,anusha.mehta@hrhub.co.in,anusha.mehta,1,Y,80,HRHub Solutions Pvt. Ltd.,Information Technology & Business Services,India,56,55+,1970-08-04,Single,Master,Marketing,Maharashtra,Pune,9904117977,Marketing,Digital Marketing Specialist,Travel_Frequently,Work From Office,20.1,9,6,3,0,2008-12-01,163400,10+ LPA,6,3,3,4,1,2,2,4,8.0,No,No,No
HRA240118,Female,Vaishnavi Nair,vaishnavi.nair@hrhub.co.in,vaishnavi.nair,1,Y,80,HRHub Solutions Pvt. Ltd.,Information Technology & Business Services,India,46,46-55,1980-08-01,Married,MBA,Marketing,Tamil Nadu,Chennai,9759686862,IT,System Administrator,Non-Travel,Work From Office,17.4,0,0,0,0,2011-08-14,189250,10+ LPA,13,3,4,3,1,1,2,6,3.0,No,No,No
HRA240119,Male,Akash Verma,akash.verma@hrhub.co.in,akash.verma,1,Y,80,HRHub Solutions Pvt. Ltd.,Information Technology & Business Services,India,38,36-45,1988-07-30,Single,PhD,Finance,Karnataka,Mysuru,9082824649,Operations,Operations Executive,Travel_Frequently,Work From Office,7.1,5,0,2,2,2021-11-28,75350,6-10 LPA,11,0,3,4,2,4,1,6,3.0,Yes,No,No
HRA240120,Female,Anusha Patel,anusha.patel@hrhub.co.in,anusha.patel,1,Y,80,HRHub Solutions Pvt. Ltd.,Information Technology & Business Services,India,22,18-25,2004-07-26,Married,Master,Business Administration,Maharashtra,Mumbai,9479046449,Human Resources,HR Executive,Travel_Frequently,Hybrid,0.5,0,0,0,0,2028-07-03,23600,0-3 LPA,22,0,4,1,2,4,1,0,0.5,No,No,No
HRA240121,Male,Shubham Mishra,shubham.mishra@hrhub.co.in,shubham.mishra,1,Y,80,HRHub Solutions Pvt. Ltd.,Information Technology & Business Services,India,51,46-55,1975-08-03,Single,Bachelor,Commerce,Karnataka,Mysuru,9661177294,Finance,Accountant,Travel_Rarely,Hybrid,1.5,0,0,0,0,2027-07-04,33150,3-6 LPA,5,2,3,4,4,3,4,1,1.5,No,Yes,Yes
HRA240122,Male,Manish Bose,manish.bose@hrhub.co.in,manish.bose,1,Y,80,HRHub Solutions Pvt. Ltd.,Information Technology & Business Services,India,51,46-55,1975-08-03,Married,High School,General Education,Gujarat,Vadodara,9896224947,IT,System Administrator,Travel_Frequently,Work From Office,8.1,5,4,0,1,2020-11-28,68100,6-10 LPA,24,0,2,2,4,2,2,2,8.1,No,No,No
HRA240123,Female,Vaishnavi Singh,vaishnavi.singh@hrhub.co.in,vaishnavi.singh,1,Y,80,HRHub Solutions Pvt. Ltd.,Information Technology & Business Services,India,48,46-55,1978-08-02,Single,Bachelor,Marketing,Tamil Nadu,Madurai,9268239554,Finance,Finance Executive,Travel_Rarely,Work From Office,4.9,1,0,0,0,2024-02-09,52600,6-10 LPA,15,3,3,3,1,3,1,1,4.9,No,No,No
HRA240124,Male,Arjun Gupta,arjun.gupta@hrhub.co.in,arjun.gupta,1,Y,80,HRHub Solutions Pvt. Ltd.,Information Technology & Business Services,India,48,46-55,1978-08-02,Single,MBA,Marketing,Kerala,Thiruvananthapuram,9317525232,Human Resources,HR Executive,Travel_Rarely,Work From Office,19.9,18,11,7,18,2009-02-12,180800,10+ LPA,15,3,2,1,4,2,2,2,0.0,Yes,No,No
HRA240125,Female,Megha Sharma,megha.sharma@hrhub.co.in,megha.sharma,1,Y,80,HRHub Solutions Pvt. Ltd.,Information Technology & Business Services,India,51,46-55,1975-08-03,Single,Bachelor,Business Administration,Rajasthan,Jaipur,9940782862,Human Resources,Talent Acquisition Specialist,Travel_Rarely,Work From Office,5.4,1,1,0,1,2023-08-10,82800,6-10 LPA,10,2,4,4,2,4,1,4,0.0,No,No,No
HRA240126,Male,Nikhil Das,nikhil.das@hrhub.co.in,nikhil.das,1,Y,80,HRHub Solutions Pvt. Ltd.,Information Technology & Business Services,India,30,26-35,1996-07-28,Married,PhD,Computer Science,Telangana,Warangal,9501153270,Sales,Sales Executive,Non-Travel,Hybrid,7.5,4,3,1,2,2021-07-05,80900,6-10 LPA,22,3,3,4,1,2,4,4,7.5,No,Yes,Yes
HRA240127,Female,Ishita Patel,ishita.patel@hrhub.co.in,ishita.patel,1,Y,80,HRHub Solutions Pvt. Ltd.,Information Technology & Business Services,India,29,26-35,1997-07-28,Married,MBA,Finance,West Bengal,Durgapur,9239657537,Sales,Sales Manager,Travel_Rarely,Work From Office,0.9,0,0,0,0,2028-02-08,71350,6-10 LPA,11,2,3,3,3,2,4,0,0.9,No,No,No
HRA240128,Female,Ananya Sharma,ananya.sharma@hrhub.co.in,ananya.sharma,1,Y,80,HRHub Solutions Pvt. Ltd.,Information Technology & Business Services,India,45,36-45,1981-08-01,Married,PhD,Computer Science,Kerala,Kozhikode,9451068382,Marketing,Marketing Executive,Travel_Rarely,Work From Office,14.0,11,6,0,4,2015-01-05,99150,10+ LPA,21,2,3,1,1,2,4,5,3.0,No,No,No
HRA240129,Female,Divya Khan,divya.khan@hrhub.co.in,divya.khan,1,Y,80,HRHub Solutions Pvt. Ltd.,Information Technology & Business Services,India,58,55+,1968-08-04,Single,MBA,Operations,Kerala,Thiruvananthapuram,9123528889,Marketing,Content Strategist,Travel_Frequently,Work From Office,35.7,35,32,16,24,1993-04-30,173250,10+ LPA,21,0,2,1,4,1,3,4,2.0,No,Yes,No
HRA240130,Male,Vivek Mishra,vivek.mishra@hrhub.co.in,vivek.mishra,1,Y,80,HRHub Solutions Pvt. Ltd.,Information Technology & Business Services,India,50,46-55,1976-08-02,Single,PhD,Management,Rajasthan,Jodhpur,9844437213,Finance,Financial Analyst,Non-Travel,Hybrid,14.3,7,6,1,3,2014-09-18,95600,10+ LPA,23,0,3,1,3,2,3,5,3.0,Yes,No,No
HRA240131,Female,Megha Singh,megha.singh@hrhub.co.in,megha.singh,1,Y,80,HRHub Solutions Pvt. Ltd.,Information Technology & Business Services,India,42,36-45,1984-07-31,Married,Bachelor,Information Technology,Karnataka,Hubballi,9180187472,Marketing,Marketing Executive,Travel_Frequently,Hybrid,4.8,0,0,0,0,2024-03-16,51950,6-10 LPA,17,0,3,2,2,1,2,0,4.8,No,No,No
HRA240132,Female,Divya Shah,divya.shah@hrhub.co.in,divya.shah,1,Y,80,HRHub Solutions Pvt. Ltd.,Information Technology & Business Services,India,33,26-35,1993-07-29,Married,Master,Human Resources,Rajasthan,Jodhpur,9811859206,Finance,Accountant,Non-Travel,Work From Office,4.1,3,1,1,0,2024-11-27,40450,3-6 LPA,23,2,3,1,1,1,4,4,4.1,No,No,Yes
HRA240133,Female,Swati Ghosh,swati.ghosh@hrhub.co.in,swati.ghosh,1,Y,80,HRHub Solutions Pvt. Ltd.,Information Technology & Business Services,India,27,26-35,1999-07-28,Single,PhD,Computer Science,Karnataka,Bengaluru,9702098194,Administration,Office Administrator,Non-Travel,Hybrid,2.3,1,0,0,1,2026-09-15,33150,3-6 LPA,19,3,2,4,2,1,3,2,0.0,No,No,No
HRA240134,Female,Vidya Verma,vidya.verma@hrhub.co.in,vidya.verma,1,Y,80,HRHub Solutions Pvt. Ltd.,Information Technology & Business Services,India,31,26-35,1995-07-29,Married,Bachelor,Information Technology,Delhi,New Delhi,9501626251,Administration,Administrative Executive,Non-Travel,Work From Office,3.8,0,0,0,0,2025-03-16,43900,3-6 LPA,7,2,2,2,2,1,4,3,3.0,Yes,No,No
HRA240135,Male,Harsh Agarwal,harsh.agarwal@hrhub.co.in,harsh.agarwal,1,Y,80,HRHub Solutions Pvt. Ltd.,Information Technology & Business Services,India,48,46-55,1978-08-02,Single,PhD,Computer Science,Gujarat,Vadodara,9665339036,Finance,Finance Executive,Non-Travel,Remote,9.8,4,1,0,4,2019-03-18,63150,6-10 LPA,15,0,3,1,3,1,4,1,9.8,No,No,Yes
HRA240136,Female,Pooja Patel,pooja.patel@hrhub.co.in,pooja.patel,1,Y,80,HRHub Solutions Pvt. Ltd.,Information Technology & Business Services,India,33,26-35,1993-07-29,Married,Bachelor,Finance,Gujarat,Ahmedabad,9039455846,Sales,Business Development Executive,Travel_Rarely,Work From Office,1.2,0,0,0,0,2027-10-21,23800,0-3 LPA,8,3,4,1,1,4,1,6,1.2,Yes,No,No
HRA240137,Female,Megha Chatterjee,megha.chatterjee@hrhub.co.in,megha.chatterjee,1,Y,80,HRHub Solutions Pvt. Ltd.,Information Technology & Business Services,India,55,46-55,1971-08-04,Married,Master,Marketing,Uttar Pradesh,Kanpur,9504616228,Operations,Operations Manager,Non-Travel,Hybrid,22.9,11,6,4,11,2006-02-13,240850,10+ LPA,25,3,3,2,1,2,1,2,8.0,No,Yes,Yes
HRA240138,Male,Mohit Sinha,mohit.sinha@hrhub.co.in,mohit.sinha,1,Y,80,HRHub Solutions Pvt. Ltd.,Information Technology & Business Services,India,39,36-45,1987-07-31,Single,Master,Marketing,Tamil Nadu,Chennai,9442719745,Finance,Accountant,Non-Travel,Work From Office,6.6,0,0,0,0,2022-05-29,80650,6-10 LPA,5,3,3,3,3,4,2,2,6.0,No,Yes,No
HRA240139,Male,Sahil Joshi,sahil.joshi@hrhub.co.in,sahil.joshi,1,Y,80,HRHub Solutions Pvt. Ltd.,Information Technology & Business Services,India,31,26-35,1995-07-29,Single,High School,General Education,Kerala,Kochi,9982450814,Operations,Operations Manager,Travel_Frequently,Work From Office,1.5,0,0,0,0,2027-07-04,71900,6-10 LPA,6,3,1,2,3,2,3,2,1.5,No,Yes,No
HRA240140,Male,Pranav Mishra,pranav.mishra@hrhub.co.in,pranav.mishra,1,Y,80,HRHub Solutions Pvt. Ltd.,Information Technology & Business Services,India,29,26-35,1997-07-28,Divorced,MBA,Finance,Kerala,Thiruvananthapuram,9417540163,IT,Software Engineer,Travel_Rarely,Work From Office,4.4,4,0,1,1,2024-08-09,47150,3-6 LPA,24,3,3,1,1,2,4,5,4.4,No,No,Yes
HRA240141,Male,Mohit Kapoor,mohit.kapoor@hrhub.co.in,mohit.kapoor,1,Y,80,HRHub Solutions Pvt. Ltd.,Information Technology & Business Services,India,42,36-45,1984-07-31,Single,Master,Marketing,Telangana,Warangal,9785625084,Human Resources,HR Executive,Travel_Frequently,Work From Office,18.2,9,3,4,9,2010-10-25,158650,10+ LPA,16,3,4,2,4,1,1,1,8.0,No,No,No
HRA240142,Female,Ishita Patel,ishita.patel@hrhub.co.in,ishita.patel,1,Y,80,HRHub Solutions Pvt. Ltd.,Information Technology & Business Services,India,27,26-35,1999-07-28,Single,Bachelor,Information Technology,Maharashtra,Mumbai,9286591819,Sales,Business Development Executive,Travel_Rarely,Work From Office,3.2,1,0,0,0,2025-10-21,39050,3-6 LPA,20,1,4,2,1,2,3,0,1.0,No,No,No
HRA240143,Female,Sneha Das,sneha.das@hrhub.co.in,sneha.das,1,Y,80,HRHub Solutions Pvt. Ltd.,Information Technology & Business Services,India,22,18-25,2004-07-26,Married,PhD,Computer Science,Maharashtra,Pune,9071970957,Human Resources,HR Business Partner,Travel_Rarely,Hybrid,0.0,0,0,0,0,2029-01-01,29200,3-6 LPA,18,3,3,3,2,1,3,5,0.0,No,No,No
HRA240144,Female,Sonali Ghosh,sonali.ghosh@hrhub.co.in,sonali.ghosh,1,Y,80,HRHub Solutions Pvt. Ltd.,Information Technology & Business Services,India,54,46-55,1972-08-03,Single,PhD,Management,Delhi,New Delhi,9732437039,Administration,Facility Coordinator,Travel_Frequently,Work From Office,13.5,12,5,5,12,2015-07-07,87150,10+ LPA,13,0,3,3,2,1,4,3,8.0,No,Yes,No
HRA240145,Female,Nikita Sinha,nikita.sinha@hrhub.co.in,nikita.sinha,1,Y,80,HRHub Solutions Pvt. Ltd.,Information Technology & Business Services,India,53,46-55,1973-08-03,Single,PhD,Finance,Telangana,Hyderabad,9519170242,Sales,Sales Executive,Travel_Rarely,Work From Office,8.0,3,3,0,0,2021-01-03,57000,6-10 LPA,7,2,2,1,2,3,4,5,1.0,No,No,No
HRA240146,Male,Akash Chatterjee,akash.chatterjee@hrhub.co.in,akash.chatterjee,1,Y,80,HRHub Solutions Pvt. Ltd.,Information Technology & Business Services,India,36,36-45,1990-07-30,Married,Diploma,Mechanical,Uttar Pradesh,Lucknow,9478735414,Sales,Sales Manager,Non-Travel,Hybrid,6.3,2,1,0,0,2022-09-16,130650,10+ LPA,17,2,3,4,4,2,4,5,0.0,Yes,No,No
HRA240147,Female,Ishita Rao,ishita.rao@hrhub.co.in,ishita.rao,1,Y,80,HRHub Solutions Pvt. Ltd.,Information Technology & Business Services,India,30,26-35,1996-07-28,Single,Bachelor,Marketing,Gujarat,Surat,9816560880,Operations,Operations Manager,Non-Travel,Work From Office,5.6,5,1,1,2,2023-05-30,114900,10+ LPA,21,1,3,4,2,3,4,0,5.6,No,No,No
HRA240148,Male,Akash Joshi,akash.joshi@hrhub.co.in,akash.joshi,1,Y,80,HRHub Solutions Pvt. Ltd.,Information Technology & Business Services,India,54,46-55,1972-08-03,Single,High School,General Education,Delhi,New Delhi,9229380450,Operations,Operations Executive,Travel_Rarely,Hybrid,17.3,7,4,0,1,2011-09-19,150700,10+ LPA,20,3,3,2,4,2,4,4,1.0,No,Yes,No
HRA240149,Male,Varun Ghosh,varun.ghosh@hrhub.co.in,varun.ghosh,1,Y,80,HRHub Solutions Pvt. Ltd.,Information Technology & Business Services,India,58,55+,1968-08-04,Married,PhD,Finance,Karnataka,Hubballi,9155392588,Finance,Accountant,Non-Travel,Work From Office,14.7,1,1,0,0,2014-04-25,105150,10+ LPA,14,0,4,4,4,4,1,1,8.0,No,No,Yes
HRA240150,Male,Nikhil Shah,nikhil.shah@hrhub.co.in,nikhil.shah,1,Y,80,HRHub Solutions Pvt. Ltd.,Information Technology & Business Services,India,34,26-35,1992-07-29,Married,High School,General Education,Gujarat,Vadodara,9039167812,Marketing,Content Strategist,Travel_Frequently,Work From Office,8.2,8,5,4,3,2020-10-23,78250,6-10 LPA,22,1,4,2,4,1,3,3,8.2,No,No,No
HRA240151,Female,Sneha Patel,sneha.patel@hrhub.co.in,sneha.patel,1,Y,80,HRHub Solutions Pvt. Ltd.,Information Technology & Business Services,India,27,26-35,1999-07-28,Single,Diploma,Mechanical,Uttar Pradesh,Lucknow,9486115623,Administration,Facility Coordinator,Travel_Rarely,Work From Office,0.4,0,0,0,0,2028-08-08,19400,0-3 LPA,13,0,4,1,3,3,4,0,0.4,Yes,No,No
HRA240152,Male,Harsh Rao,harsh.rao@hrhub.co.in,harsh.rao,1,Y,80,HRHub Solutions Pvt. Ltd.,Information Technology & Business Services,India,46,46-55,1980-08-01,Single,Bachelor,Finance,West Bengal,Kolkata,9788617327,IT,Network Engineer,Travel_Rarely,Work From Office,19.0,19,10,1,7,2010-01-06,160850,10+ LPA,23,0,3,4,3,1,4,4,8.0,No,Yes,No
HRA240153,Female,Vaishnavi Jain,vaishnavi.jain@hrhub.co.in,vaishnavi.jain,1,Y,80,HRHub Solutions Pvt. Ltd.,Information Technology & Business Services,India,33,26-35,1993-07-29,Married,Bachelor,Finance,Karnataka,Hubballi,9453577778,Human Resources,Talent Acquisition Specialist,Travel_Rarely,Work From Office,11.6,8,3,3,1,2017-05-30,120100,10+ LPA,21,1,3,3,2,2,4,0,4.0,Yes,Yes,Yes
HRA240154,Female,Nikita Nair,nikita.nair@hrhub.co.in,nikita.nair,1,Y,80,HRHub Solutions Pvt. Ltd.,Information Technology & Business Services,India,58,55+,1968-08-04,Single,High School,General Education,Rajasthan,Jaipur,9959881610,Finance,Financial Analyst,Travel_Frequently,Work From Office,6.0,2,0,0,2,2023-01-03,87800,10+ LPA,5,2,3,3,1,2,4,4,6.0,No,No,No
HRA240155,Female,Anusha Agarwal,anusha.agarwal@hrhub.co.in,anusha.agarwal,1,Y,80,HRHub Solutions Pvt. Ltd.,Information Technology & Business Services,India,51,46-55,1975-08-03,Single,High School,General Education,Maharashtra,Pune,9839313294,Administration,Office Administrator,Travel_Frequently,Hybrid,17.6,5,2,0,0,2011-06-01,178150,10+ LPA,17,2,3,3,3,4,3,4,6.0,No,Yes,Yes
HRA240156,Male,Sumit Sen,sumit.sen@hrhub.co.in,sumit.sen,1,Y,80,HRHub Solutions Pvt. Ltd.,Information Technology & Business Services,India,49,46-55,1977-08-02,Married,High School,General Education,Telangana,Hyderabad,9557384109,IT,Software Engineer,Travel_Frequently,Hybrid,26.0,26,3,6,25,2003-01-08,170250,10+ LPA,15,1,4,4,4,4,1,6,2.0,No,No,No
HRA240157,Female,Vaishnavi Reddy,vaishnavi.reddy@hrhub.co.in,vaishnavi.reddy,1,Y,80,HRHub Solutions Pvt. Ltd.,Information Technology & Business Services,India,23,18-25,2003-07-27,Married,Bachelor,Information Technology,Delhi,New Delhi,9975755460,IT,Data Analyst,Travel_Rarely,Remote,0.8,0,0,0,0,2028-03-15,41400,3-6 LPA,24,3,3,4,1,1,4,6,0.8,No,Yes,Yes
HRA240158,Male,Ayush Mishra,ayush.mishra@hrhub.co.in,ayush.mishra,1,Y,80,HRHub Solutions Pvt. Ltd.,Information Technology & Business Services,India,32,26-35,1994-07-29,Married,MBA,Operations,Tamil Nadu,Coimbatore,9126193790,Sales,Sales Executive,Travel_Rarely,Hybrid,6.7,0,0,0,0,2022-04-23,60900,6-10 LPA,10,0,3,3,3,3,4,4,6.7,No,No,No
HRA240159,Female,Nikita Mehta,nikita.mehta@hrhub.co.in,nikita.mehta,1,Y,80,HRHub Solutions Pvt. Ltd.,Information Technology & Business Services,India,53,46-55,1973-08-03,Married,Diploma,Mechanical,Telangana,Hyderabad,9657837151,Sales,Sales Executive,Travel_Rarely,Work From Office,15.5,15,12,7,11,2013-07-07,180500,10+ LPA,25,1,3,2,3,4,4,1,7.0,Yes,No,No
HRA240160,Female,Sneha Chatterjee,sneha.chatterjee@hrhub.co.in,sneha.chatterjee,1,Y,80,HRHub Solutions Pvt. Ltd.,Information Technology & Business Services,India,26,26-35,2000-07-27,Single,MBA,Human Resources,Gujarat,Surat,9028944388,Finance,Financial Analyst,Non-Travel,Work From Office,2.9,0,0,0,0,2026-02-08,55150,6-10 LPA,22,3,4,4,1,4,4,1,2.9,No,No,No
HRA240161,Male,Karan Reddy,karan.reddy@hrhub.co.in,karan.reddy,1,Y,80,HRHub Solutions Pvt. Ltd.,Information Technology & Business Services,India,20,18-25,2006-07-26,Married,MBA,Human Resources,Kerala,Kochi,9444742707,Finance,Financial Analyst,Travel_Rarely,Work From Office,0.0,0,0,0,0,2029-01-01,30900,3-6 LPA,25,1,3,3,1,4,3,0,0.0,No,Yes,No
HRA240162,Male,Deepak Mukherjee,deepak.mukherjee@hrhub.co.in,deepak.mukherjee,1,Y,80,HRHub Solutions Pvt. Ltd.,Information Technology & Business Services,India,52,46-55,1974-08-03,Single,MBA,Finance,Delhi,New Delhi,9689910858,IT,Network Engineer,Travel_Rarely,Hybrid,14.6,0,0,0,0,2014-05-31,127200,10+ LPA,15,3,4,4,4,3,4,6,3.0,Yes,No,No
HRA240163,Male,Raj Mehta,raj.mehta@hrhub.co.in,raj.mehta,1,Y,80,HRHub Solutions Pvt. Ltd.,Information Technology & Business Services,India,29,26-35,1997-07-28,Single,PhD,Management,Rajasthan,Udaipur,9163386381,Finance,Accountant,Non-Travel,Work From Office,6.4,1,1,0,1,2022-08-10,60900,6-10 LPA,13,3,3,3,4,4,1,6,5.0,No,No,No
HRA240164,Male,Gaurav Reddy,gaurav.reddy@hrhub.co.in,gaurav.reddy,1,Y,80,HRHub Solutions Pvt. Ltd.,Information Technology & Business Services,India,59,55+,1967-08-05,Single,High School,General Education,Karnataka,Hubballi,9762080128,Marketing,Marketing Executive,Non-Travel,Remote,6.2,0,0,0,0,2022-10-22,66650,6-10 LPA,17,2,1,3,4,4,4,4,0.0,Yes,Yes,No
HRA240165,Male,Ayush Bose,ayush.bose@hrhub.co.in,ayush.bose,1,Y,80,HRHub Solutions Pvt. Ltd.,Information Technology & Business Services,India,38,36-45,1988-07-30,Single,Bachelor,Computer Science,Tamil Nadu,Chennai,9575842768,IT,Software Engineer,Travel_Frequently,Work From Office,7.6,3,1,0,1,2021-05-29,87550,10+ LPA,18,2,4,1,1,3,3,6,5.0,No,No,Yes
HRA240166,Male,Sahil Verma,sahil.verma@hrhub.co.in,sahil.verma,1,Y,80,HRHub Solutions Pvt. Ltd.,Information Technology & Business Services,India,41,36-45,1985-07-31,Single,Master,Human Resources,Karnataka,Bengaluru,9318417326,Human Resources,HR Executive,Travel_Rarely,Work From Office,8.6,5,2,1,5,2020-05-29,53600,6-10 LPA,6,1,3,3,4,4,2,3,4.0,No,Yes,No
HRA240167,Male,Varun Patel,varun.patel@hrhub.co.in,varun.patel,1,Y,80,HRHub Solutions Pvt. Ltd.,Information Technology & Business Services,India,56,55+,1970-08-04,Single,Bachelor,Human Resources,Delhi,New Delhi,9354256286,Sales,Business Development Executive,Travel_Frequently,Work From Office,34.6,5,1,2,2,1994-06-05,173350,10+ LPA,15,0,3,3,1,4,3,4,1.0,No,No,Yes
HRA240168,Male,Sumit Joshi,sumit.joshi@hrhub.co.in,sumit.joshi,1,Y,80,HRHub Solutions Pvt. Ltd.,Information Technology & Business Services,India,21,18-25,2005-07-26,Married,PhD,Management,Tamil Nadu,Coimbatore,9512069061,Administration,Facility Coordinator,Non-Travel,Hybrid,0.0,0,0,0,0,2029-01-01,23400,0-3 LPA,12,0,3,3,3,4,3,1,0.0,No,Yes,No
HRA240169,Male,Rohan Agarwal,rohan.agarwal@hrhub.co.in,rohan.agarwal,1,Y,80,HRHub Solutions Pvt. Ltd.,Information Technology & Business Services,India,38,36-45,1988-07-30,Single,High School,General Education,Kerala,Kochi,9319507873,Administration,Administrative Executive,Travel_Frequently,Work From Office,14.4,3,2,0,1,2014-08-12,90400,10+ LPA,17,1,1,3,3,3,3,5,6.0,No,No,No
HRA240170,Female,Neha Mehta,neha.mehta@hrhub.co.in,neha.mehta,1,Y,80,HRHub Solutions Pvt. Ltd.,Information Technology & Business Services,India,40,36-45,1986-07-31,Married,Master,Business Administration,Delhi,New Delhi,9939943109,Operations,Operations Manager,Travel_Rarely,Work From Office,9.7,7,7,1,0,2019-04-24,120000,10+ LPA,20,1,3,2,4,2,1,5,1.0,No,No,No
HRA240171,Female,Nikita Singh,nikita.singh@hrhub.co.in,nikita.singh,1,Y,80,HRHub Solutions Pvt. Ltd.,Information Technology & Business Services,India,58,55+,1968-08-04,Married,High School,General Education,Tamil Nadu,Coimbatore,9625670327,Administration,Facility Coordinator,Non-Travel,Work From Office,13.2,7,5,0,0,2015-10-24,88650,10+ LPA,6,3,3,2,1,3,4,6,9.0,No,No,No
HRA240172,Male,Sahil Agarwal,sahil.agarwal@hrhub.co.in,sahil.agarwal,1,Y,80,HRHub Solutions Pvt. Ltd.,Information Technology & Business Services,India,58,55+,1968-08-04,Single,Bachelor,Marketing,Tamil Nadu,Coimbatore,9739202444,Administration,Facility Coordinator,Travel_Rarely,Work From Office,21.2,2,2,0,0,2007-10-26,124450,10+ LPA,10,0,3,4,4,2,1,5,6.0,No,No,No
HRA240173,Female,Anjali Saha,anjali.saha@hrhub.co.in,anjali.saha,1,Y,80,HRHub Solutions Pvt. Ltd.,Information Technology & Business Services,India,43,36-45,1983-08-01,Single,Master,Human Resources,Uttar Pradesh,Lucknow,9079352756,Human Resources,HR Executive,Non-Travel,Hybrid,12.0,1,0,0,0,2017-01-04,88950,10+ LPA,17,0,3,2,2,1,3,1,9.0,No,Yes,No
HRA240174,Female,Anjali Sinha,anjali.sinha@hrhub.co.in,anjali.sinha,1,Y,80,HRHub Solutions Pvt. Ltd.,Information Technology & Business Services,India,42,36-45,1984-07-31,Married,PhD,Finance,Tamil Nadu,Chennai,9086042831,IT,Network Engineer,Travel_Rarely,Work From Office,20.8,12,11,2,4,2008-03-20,157950,10+ LPA,6,3,1,4,1,4,4,5,3.0,No,No,No
HRA240175,Male,Akash Joshi,akash.joshi@hrhub.co.in,akash.joshi,1,Y,80,HRHub Solutions Pvt. Ltd.,Information Technology & Business Services,India,25,18-25,2001-07-27,Married,High School,General Education,Uttar Pradesh,Lucknow,9908479801,Operations,Operations Executive,Travel_Rarely,Hybrid,3.1,2,1,1,2,2025-11-27,49250,3-6 LPA,25,2,3,3,4,1,2,6,3.0,No,No,No
HRA240176,Female,Riya Roy,riya.roy@hrhub.co.in,riya.roy,1,Y,80,HRHub Solutions Pvt. Ltd.,Information Technology & Business Services,India,23,18-25,2003-07-27,Married,High School,General Education,Uttar Pradesh,Kanpur,9486523080,Human Resources,HR Business Partner,Non-Travel,Work From Office,1.8,0,0,0,0,2027-03-16,33800,3-6 LPA,6,0,1,4,4,3,3,2,1.8,No,No,No
HRA240177,Female,Khushi Sinha,khushi.sinha@hrhub.co.in,khushi.sinha,1,Y,80,HRHub Solutions Pvt. Ltd.,Information Technology & Business Services,India,23,18-25,2003-07-27,Married,Diploma,Electrical,Gujarat,Ahmedabad,9172303582,Administration,Administrative Executive,Non-Travel,Work From Office,0.8,0,0,0,0,2028-03-15,30800,3-6 LPA,13,0,3,4,1,1,2,6,0.8,No,No,No
HRA240178,Male,Aditya Mehta,aditya.mehta@hrhub.co.in,aditya.mehta,1,Y,80,HRHub Solutions Pvt. Ltd.,Information Technology & Business Services,India,38,36-45,1988-07-30,Married,Master,Marketing,West Bengal,Kolkata,9127168109,Marketing,Marketing Executive,Non-Travel,Hybrid,14.8,6,3,1,2,2014-03-19,92150,10+ LPA,15,1,4,4,2,4,1,0,0.0,No,Yes,No
HRA240179,Female,Ritika Saha,ritika.saha@hrhub.co.in,ritika.saha,1,Y,80,HRHub Solutions Pvt. Ltd.,Information Technology & Business Services,India,45,36-45,1981-08-01,Single,PhD,Management,Karnataka,Mysuru,9735946895,Finance,Finance Executive,Travel_Rarely,Remote,8.2,5,3,1,3,2020-10-23,77400,6-10 LPA,23,3,3,2,3,1,4,5,6.0,Yes,No,No
HRA240180,Male,Sumit Nair,sumit.nair@hrhub.co.in,sumit.nair,1,Y,80,HRHub Solutions Pvt. Ltd.,Information Technology & Business Services,India,19,18-25,2007-07-26,Single,PhD,Finance,Maharashtra,Nagpur,9507151996,Operations,Supply Chain Coordinator,Travel_Frequently,Work From Office,0.0,0,0,0,0,2029-01-01,30350,3-6 LPA,18,0,3,3,3,2,2,6,0.0,No,Yes,Yes
HRA240181,Male,Nikhil Ghosh,nikhil.ghosh@hrhub.co.in,nikhil.ghosh,1,Y,80,HRHub Solutions Pvt. Ltd.,Information Technology & Business Services,India,53,46-55,1973-08-03,Married,MBA,Finance,Gujarat,Vadodara,9660309805,Administration,Facility Coordinator,Travel_Rarely,Work From Office,6.4,6,4,1,3,2022-08-10,58200,6-10 LPA,15,3,3,4,4,2,3,3,2.0,No,No,No
HRA240182,Female,Priya Mehta,priya.mehta@hrhub.co.in,priya.mehta,1,Y,80,HRHub Solutions Pvt. Ltd.,Information Technology & Business Services,India,27,26-35,1999-07-28,Single,MBA,Operations,Tamil Nadu,Chennai,9096474293,Finance,Financial Analyst,Travel_Rarely,Hybrid,3.1,0,0,0,0,2025-11-27,56300,6-10 LPA,10,0,3,3,3,2,4,1,3.1,No,Yes,Yes
HRA240183,Male,Karan Patel,karan.patel@hrhub.co.in,karan.patel,1,Y,80,HRHub Solutions Pvt. Ltd.,Information Technology & Business Services,India,24,18-25,2002-07-27,Single,MBA,Operations,Telangana,Warangal,9340419744,IT,Network Engineer,Travel_Rarely,Work From Office,2.3,1,1,0,1,2026-09-15,47500,3-6 LPA,23,1,2,3,1,4,1,1,2.3,No,Yes,No
HRA240184,Female,Kavya Saha,kavya.saha@hrhub.co.in,kavya.saha,1,Y,80,HRHub Solutions Pvt. Ltd.,Information Technology & Business Services,India,47,46-55,1979-08-02,Single,PhD,Management,Maharashtra,Nagpur,9057458076,IT,System Administrator,Travel_Rarely,Work From Office,3.0,1,0,0,1,2026-01-02,52050,6-10 LPA,20,1,2,3,2,2,3,2,2.0,No,No,No
HRA240185,Male,Mohit Agarwal,mohit.agarwal@hrhub.co.in,mohit.agarwal,1,Y,80,HRHub Solutions Pvt. Ltd.,Information Technology & Business Services,India,60,55+,1966-08-05,Single,Bachelor,Business Administration,Delhi,New Delhi,9176546141,Administration,Facility Coordinator,Travel_Frequently,Hybrid,1.3,0,0,0,0,2027-09-15,27300,3-6 LPA,25,0,3,2,3,3,3,4,0.0,No,Yes,No
HRA240186,Male,Pranav Nair,pranav.nair@hrhub.co.in,pranav.nair,1,Y,80,HRHub Solutions Pvt. Ltd.,Information Technology & Business Services,India,24,18-25,2002-07-27,Married,Master,Business Administration,Gujarat,Ahmedabad,9909174479,Human Resources,HR Executive,Non-Travel,Work From Office,0.6,0,0,0,0,2028-05-27,26650,3-6 LPA,8,3,3,3,1,2,2,3,0.6,No,Yes,No
HRA240187,Female,Shreya Mukherjee,shreya.mukherjee@hrhub.co.in,shreya.mukherjee,1,Y,80,HRHub Solutions Pvt. Ltd.,Information Technology & Business Services,India,26,26-35,2000-07-27,Married,Diploma,Electrical,Rajasthan,Udaipur,9562600805,Marketing,Content Strategist,Travel_Rarely,Hybrid,4.3,4,4,0,0,2024-09-15,43100,3-6 LPA,5,2,4,4,2,4,4,5,2.0,No,No,No
HRA240188,Male,Vivek Gupta,vivek.gupta@hrhub.co.in,vivek.gupta,1,Y,80,HRHub Solutions Pvt. Ltd.,Information Technology & Business Services,India,18,18-25,2008-07-25,Married,High School,General Education,Telangana,Hyderabad,9239766215,Human Resources,HR Executive,Travel_Rarely,Remote,0.0,0,0,0,0,2029-01-01,29450,3-6 LPA,9,1,4,3,2,4,2,2,0.0,No,Yes,No
HRA240189,Female,Harini Rao,harini.rao@hrhub.co.in,harini.rao,1,Y,80,HRHub Solutions Pvt. Ltd.,Information Technology & Business Services,India,55,46-55,1971-08-04,Married,PhD,Finance,Uttar Pradesh,Kanpur,9495591092,Sales,Business Development Executive,Travel_Rarely,Work From Office,12.4,8,8,2,7,2016-08-11,96950,10+ LPA,25,1,3,2,1,4,1,5,9.0,Yes,No,No
HRA240190,Female,Neha Gupta,neha.gupta@hrhub.co.in,neha.gupta,1,Y,80,HRHub Solutions Pvt. Ltd.,Information Technology & Business Services,India,19,18-25,2007-07-26,Married,Diploma,Computer,Karnataka,Mysuru,9990941679,Human Resources,Talent Acquisition Specialist,Travel_Frequently,Hybrid,0.0,0,0,0,0,2029-01-01,28200,3-6 LPA,7,0,3,2,3,3,3,4,0.0,No,Yes,No
HRA240191,Male,Nikhil Ghosh,nikhil.ghosh@hrhub.co.in,nikhil.ghosh,1,Y,80,HRHub Solutions Pvt. Ltd.,Information Technology & Business Services,India,53,46-55,1973-08-03,Married,MBA,Operations,Gujarat,Vadodara,9807200805,IT,Software Engineer,Travel_Rarely,Remote,9.1,3,2,1,2,2019-11-29,79850,6-10 LPA,24,1,3,3,4,1,3,3,9.0,No,Yes,No
HRA240192,Male,Ankit Singh,ankit.singh@hrhub.co.in,ankit.singh,1,Y,80,HRHub Solutions Pvt. Ltd.,Information Technology & Business Services,India,31,26-35,1995-07-29,Single,Diploma,Civil,West Bengal,Howrah,9947002519,Operations,Operations Executive,Travel_Rarely,Hybrid,9.0,4,2,1,0,2020-01-04,75300,6-10 LPA,20,3,4,3,4,4,3,3,6.0,No,No,No
HRA240193,Male,Karan Mukherjee,karan.mukherjee@hrhub.co.in,karan.mukherjee,1,Y,80,HRHub Solutions Pvt. Ltd.,Information Technology & Business Services,India,26,26-35,2000-07-27,Married,MBA,Finance,Kerala,Kochi,9006347418,Administration,Administrative Executive,Non-Travel,Work From Office,3.4,1,0,0,1,2025-08-09,47600,3-6 LPA,16,3,3,4,2,4,4,2,3.4,No,No,No
HRA240194,Female,Shreya Khan,shreya.khan@hrhub.co.in,shreya.khan,1,Y,80,HRHub Solutions Pvt. Ltd.,Information Technology & Business Services,India,42,36-45,1984-07-31,Married,Bachelor,Computer Science,Telangana,Warangal,9487826487,Administration,Office Administrator,Travel_Rarely,Work From Office,7.2,4,3,2,2,2021-10-22,61150,6-10 LPA,12,1,3,3,2,3,3,2,7.0,Yes,No,No
HRA240195,Female,Neha Banerjee,neha.banerjee@hrhub.co.in,neha.banerjee,1,Y,80,HRHub Solutions Pvt. Ltd.,Information Technology & Business Services,India,39,36-45,1987-07-31,Married,Master,Finance,Delhi,New Delhi,9069511819,IT,Software Engineer,Travel_Rarely,Work From Office,15.4,11,10,4,5,2013-08-12,155600,10+ LPA,13,1,2,1,2,2,2,2,1.0,No,No,No
HRA240196,Female,Vidya Bose,vidya.bose@hrhub.co.in,vidya.bose,1,Y,80,HRHub Solutions Pvt. Ltd.,Information Technology & Business Services,India,23,18-25,2003-07-27,Married,High School,General Education,Uttar Pradesh,Kanpur,9743604890,Sales,Business Development Executive,Travel_Rarely,Work From Office,0.9,0,0,0,0,2028-02-08,30800,3-6 LPA,24,1,4,3,4,4,2,5,0.9,No,No,No
HRA240197,Female,Priya Mehta,priya.mehta@hrhub.co.in,priya.mehta,1,Y,80,HRHub Solutions Pvt. Ltd.,Information Technology & Business Services,India,37,36-45,1989-07-30,Divorced,Bachelor,Marketing,Maharashtra,Nagpur,9431965217,Sales,Business Development Executive,Travel_Frequently,Work From Office,0.4,0,0,0,0,2028-08-08,28050,3-6 LPA,16,2,3,4,3,1,2,5,0.4,No,No,No
HRA240198,Female,Shreya Singh,shreya.singh@hrhub.co.in,shreya.singh,1,Y,80,HRHub Solutions Pvt. Ltd.,Information Technology & Business Services,India,46,46-55,1980-08-01,Married,Bachelor,Commerce,Kerala,Kochi,9268130783,IT,Data Analyst,Travel_Rarely,Work From Office,17.2,11,9,2,1,2011-10-25,140050,10+ LPA,13,2,3,2,2,2,3,5,8.0,Yes,No,No
HRA240199,Female,Riya Bose,riya.bose@hrhub.co.in,riya.bose,1,Y,80,HRHub Solutions Pvt. Ltd.,Information Technology & Business Services,India,24,18-25,2002-07-27,Married,Diploma,Computer,Tamil Nadu,Chennai,9514928632,IT,Software Engineer,Travel_Rarely,Work From Office,0.8,0,0,0,0,2028-03-15,29300,3-6 LPA,25,3,3,3,3,2,2,2,0.8,No,Yes,No
HRA240200,Female,Harini Jain,harini.jain@hrhub.co.in,harini.jain,1,Y,80,HRHub Solutions Pvt. Ltd.,Information Technology & Business Services,India,41,36-45,1985-07-31,Single,High School,General Education,West Bengal,Durgapur,9870252151,Human Resources,Talent Acquisition Specialist,Travel_Frequently,Hybrid,18.9,3,3,0,1,2010-02-12,166400,10+ LPA,21,2,1,3,3,2,4,0,10.0,No,Yes,No
HRA240201,Male,Karan Kapoor,karan.kapoor@hrhub.co.in,karan.kapoor,1,Y,80,HRHub Solutions Pvt. Ltd.,Information Technology & Business Services,India,59,55+,1967-08-05,Married,Diploma,Civil,Maharashtra,Pune,9530611390,Administration,Administrative Executive,Travel_Rarely,Work From Office,23.0,15,11,2,6,2006-01-07,137550,10+ LPA,6,3,1,3,4,2,2,2,5.0,No,No,No
HRA240202,Male,Raj Singh,raj.singh@hrhub.co.in,raj.singh,1,Y,80,HRHub Solutions Pvt. Ltd.,Information Technology & Business Services,India,27,26-35,1999-07-28,Married,Diploma,Computer,Tamil Nadu,Madurai,9698005573,Sales,Sales Executive,Non-Travel,Work From Office,3.7,1,1,0,0,2025-04-22,44550,3-6 LPA,14,2,3,3,1,1,4,6,3.7,Yes,No,No
HRA240203,Female,Megha Patel,megha.patel@hrhub.co.in,megha.patel,1,Y,80,HRHub Solutions Pvt. Ltd.,Information Technology & Business Services,India,56,55+,1970-08-04,Married,PhD,Finance,Maharashtra,Nagpur,9658697223,Finance,Financial Analyst,Travel_Rarely,Work From Office,0.6,0,0,0,0,2028-05-27,30400,3-6 LPA,18,3,4,1,2,4,2,2,0.6,Yes,No,No
HRA240204,Female,Vaishnavi Das,vaishnavi.das@hrhub.co.in,vaishnavi.das,1,Y,80,HRHub Solutions Pvt. Ltd.,Information Technology & Business Services,India,21,18-25,2005-07-26,Divorced,Diploma,Computer,Karnataka,Bengaluru,9232861402,Operations,Operations Manager,Non-Travel,Work From Office,0.0,0,0,0,0,2029-01-01,59150,6-10 LPA,9,0,1,1,2,2,4,4,0.0,Yes,No,Yes
HRA240205,Male,Karan Banerjee,karan.banerjee@hrhub.co.in,karan.banerjee,1,Y,80,HRHub Solutions Pvt. Ltd.,Information Technology & Business Services,India,59,55+,1967-08-05,Married,Master,Business Administration,Karnataka,Hubballi,9353295617,IT,Data Analyst,Travel_Rarely,Hybrid,26.5,8,6,3,6,2002-07-10,144650,10+ LPA,22,3,3,3,2,4,1,2,0.0,No,Yes,No
HRA240206,Male,Mohit Jain,mohit.jain@hrhub.co.in,mohit.jain,1,Y,80,HRHub Solutions Pvt. Ltd.,Information Technology & Business Services,India,33,26-35,1993-07-29,Single,Diploma,Computer,Delhi,New Delhi,9567261736,Finance,Finance Executive,Travel_Rarely,Work From Office,7.2,7,7,3,3,2021-10-22,78750,6-10 LPA,10,2,2,2,1,3,4,1,7.2,Yes,Yes,Yes
HRA240207,Male,Ayush Patel,ayush.patel@hrhub.co.in,ayush.patel,1,Y,80,HRHub Solutions Pvt. Ltd.,Information Technology & Business Services,India,23,18-25,2003-07-27,Single,Bachelor,Information Technology,West Bengal,Kolkata,9590627094,Sales,Sales Executive,Non-Travel,Hybrid,2.0,1,0,0,1,2027-01-02,47400,3-6 LPA,10,1,3,3,4,4,1,4,2.0,No,No,No
HRA240208,Male,Varun Saha,varun.saha@hrhub.co.in,varun.saha,1,Y,80,HRHub Solutions Pvt. Ltd.,Information Technology & Business Services,India,40,36-45,1986-07-31,Single,Master,Finance,Kerala,Kozhikode,9337415358,Sales,Business Development Executive,Non-Travel,Hybrid,3.9,3,2,0,0,2025-02-08,48150,3-6 LPA,6,2,3,4,3,3,1,4,2.0,No,No,No
HRA240209,Male,Vikas Shah,vikas.shah@hrhub.co.in,vikas.shah,1,Y,80,HRHub Solutions Pvt. Ltd.,Information Technology & Business Services,India,30,26-35,1996-07-28,Single,Master,Computer Science,Rajasthan,Udaipur,9186948467,Human Resources,HR Business Partner,Travel_Frequently,Hybrid,1.5,0,0,0,0,2027-07-04,31150,3-6 LPA,16,0,3,4,2,2,4,6,1.5,Yes,Yes,No
HRA240210,Female,Swati Sen,swati.sen@hrhub.co.in,swati.sen,1,Y,80,HRHub Solutions Pvt. Ltd.,Information Technology & Business Services,India,34,26-35,1992-07-29,Married,High School,General Education,Maharashtra,Pune,9562412667,IT,Software Engineer,Travel_Frequently,Remote,10.8,0,0,0,0,2018-03-18,117300,10+ LPA,12,1,3,3,2,3,3,6,3.0,No,Yes,No
HRA240211,Female,Vidya Sharma,vidya.sharma@hrhub.co.in,vidya.sharma,1,Y,80,HRHub Solutions Pvt. Ltd.,Information Technology & Business Services,India,32,26-35,1994-07-29,Single,Master,Computer Science,Tamil Nadu,Chennai,9403715243,Sales,Sales Executive,Travel_Rarely,Work From Office,7.4,6,4,1,5,2021-08-10,83100,6-10 LPA,24,2,3,1,2,2,3,1,6.0,No,No,No
HRA240212,Female,Ananya Mishra,ananya.mishra@hrhub.co.in,ananya.mishra,1,Y,80,HRHub Solutions Pvt. Ltd.,Information Technology & Business Services,India,46,46-55,1980-08-01,Married,PhD,Management,Tamil Nadu,Coimbatore,9286307078,Administration,Facility Coordinator,Travel_Rarely,Work From Office,0.9,0,0,0,0,2028-02-08,24100,0-3 LPA,17,2,4,1,1,4,3,5,0.9,No,Yes,No
HRA240213,Male,Aditya Sen,aditya.sen@hrhub.co.in,aditya.sen,1,Y,80,HRHub Solutions Pvt. Ltd.,Information Technology & Business Services,India,21,18-25,2005-07-26,Married,PhD,Computer Science,Karnataka,Hubballi,9492049930,Operations,Operations Manager,Travel_Rarely,Hybrid,0.0,0,0,0,0,2029-01-01,85700,10+ LPA,11,0,1,3,3,1,2,0,0.0,No,No,No
HRA240214,Male,Mohit Mishra,mohit.mishra@hrhub.co.in,mohit.mishra,1,Y,80,HRHub Solutions Pvt. Ltd.,Information Technology & Business Services,India,18,18-25,2008-07-25,Married,Master,Human Resources,Karnataka,Mysuru,9148351560,Marketing,Digital Marketing Specialist,Travel_Rarely,Hybrid,0.0,0,0,0,0,2029-01-01,28500,3-6 LPA,22,3,2,3,1,1,1,5,0.0,Yes,No,No
HRA240215,Female,Harini Singh,harini.singh@hrhub.co.in,harini.singh,1,Y,80,HRHub Solutions Pvt. Ltd.,Information Technology & Business Services,India,41,36-45,1985-07-31,Married,Bachelor,Computer Science,Maharashtra,Pune,9165047255,Finance,Accountant,Non-Travel,Work From Office,4.0,0,0,0,0,2025-01-02,52550,6-10 LPA,15,0,3,3,3,2,3,0,4.0,No,No,Yes
HRA240216,Female,Tanvi Reddy,tanvi.reddy@hrhub.co.in,tanvi.reddy,1,Y,80,HRHub Solutions Pvt. Ltd.,Information Technology & Business Services,India,26,26-35,2000-07-27,Single,Diploma,Electrical,Telangana,Hyderabad,9109993191,Sales,Business Development Executive,Non-Travel,Hybrid,0.1,0,0,0,0,2028-11-26,38800,3-6 LPA,9,1,3,4,3,1,3,5,0.1,No,Yes,Yes
HRA240217,Female,Kavya Saha,kavya.saha@hrhub.co.in,kavya.saha,1,Y,80,HRHub Solutions Pvt. Ltd.,Information Technology & Business Services,India,30,26-35,1996-07-28,Single,Bachelor,Business Administration,Maharashtra,Mumbai,9664273869,Sales,Sales Manager,Non-Travel,Hybrid,4.9,0,0,0,0,2024-02-09,96250,10+ LPA,9,3,2,3,2,1,4,3,4.9,No,No,No
HRA240218,Female,Priya Patel,priya.patel@hrhub.co.in,priya.patel,1,Y,80,HRHub Solutions Pvt. Ltd.,Information Technology & Business Services,India,22,18-25,2004-07-26,Single,High School,General Education,Tamil Nadu,Chennai,9893513315,IT,Data Analyst,Travel_Rarely,Work From Office,0.2,0,0,0,0,2028-10-20,36200,3-6 LPA,5,0,3,2,3,1,2,3,0.2,No,No,No
HRA240219,Female,Sneha Mishra,sneha.mishra@hrhub.co.in,sneha.mishra,1,Y,80,HRHub Solutions Pvt. Ltd.,Information Technology & Business Services,India,25,18-25,2001-07-27,Divorced,High School,General Education,Maharashtra,Nagpur,9390927673,Sales,Sales Manager,Travel_Rarely,Work From Office,0.9,0,0,0,0,2028-02-08,83600,10+ LPA,17,3,3,3,3,1,1,5,0.0,No,No,No
HRA240220,Male,Rohan Gupta,rohan.gupta@hrhub.co.in,rohan.gupta,1,Y,80,HRHub Solutions Pvt. Ltd.,Information Technology & Business Services,India,20,18-25,2006-07-26,Single,MBA,Marketing,Gujarat,Ahmedabad,9980556441,Marketing,Content Strategist,Travel_Frequently,Hybrid,0.0,0,0,0,0,2029-01-01,27800,3-6 LPA,16,0,3,1,4,4,1,4,0.0,No,No,No
HRA240221,Female,Sonali Rao,sonali.rao@hrhub.co.in,sonali.rao,1,Y,80,HRHub Solutions Pvt. Ltd.,Information Technology & Business Services,India,31,26-35,1995-07-29,Single,MBA,Human Resources,Kerala,Kochi,9321774911,Sales,Sales Manager,Travel_Rarely,Work From Office,0.2,0,0,0,0,2028-10-20,90350,10+ LPA,11,0,3,4,3,2,2,4,0.2,Yes,No,No
HRA240222,Female,Ananya Gupta,ananya.gupta@hrhub.co.in,ananya.gupta,1,Y,80,HRHub Solutions Pvt. Ltd.,Information Technology & Business Services,India,55,46-55,1971-08-04,Single,Master,Marketing,Tamil Nadu,Madurai,9675675351,Human Resources,HR Executive,Travel_Rarely,Hybrid,33.3,18,6,9,4,1995-09-23,153550,10+ LPA,21,0,2,4,1,1,2,3,8.0,Yes,Yes,Yes
HRA240223,Male,Aarav Patel,aarav.patel@hrhub.co.in,aarav.patel,1,Y,80,HRHub Solutions Pvt. Ltd.,Information Technology & Business Services,India,27,26-35,1999-07-28,Married,Bachelor,Computer Science,Telangana,Hyderabad,9990975788,Sales,Sales Manager,Travel_Rarely,Work From Office,0.5,0,0,0,0,2028-07-03,87650,10+ LPA,24,0,3,3,4,1,4,5,0.5,Yes,Yes,No
HRA240224,Female,Deepika Mishra,deepika.mishra@hrhub.co.in,deepika.mishra,1,Y,80,HRHub Solutions Pvt. Ltd.,Information Technology & Business Services,India,24,18-25,2002-07-27,Single,Bachelor,Business Administration,Maharashtra,Mumbai,9602846559,Finance,Accountant,Travel_Frequently,Work From Office,1.1,1,1,0,0,2027-11-27,38750,3-6 LPA,19,2,3,1,1,2,2,4,1.1,No,No,No
HRA240225,Female,Khushi Joshi,khushi.joshi@hrhub.co.in,khushi.joshi,1,Y,80,HRHub Solutions Pvt. Ltd.,Information Technology & Business Services,India,32,26-35,1994-07-29,Married,Diploma,Computer,Delhi,New Delhi,9090857537,Marketing,Digital Marketing Specialist,Travel_Rarely,Hybrid,1.2,0,0,0,0,2027-10-21,22500,0-3 LPA,14,1,3,3,2,2,3,3,1.2,Yes,Yes,No
HRA240226,Male,Amit Singh,amit.singh@hrhub.co.in,amit.singh,1,Y,80,HRHub Solutions Pvt. Ltd.,Information Technology & Business Services,India,45,36-45,1981-08-01,Married,PhD,Computer Science,Rajasthan,Jodhpur,9601066589,IT,Data Analyst,Travel_Frequently,Work From Office,8.9,6,2,1,6,2020-02-10,77500,6-10 LPA,22,2,3,1,3,3,3,0,3.0,No,No,No
HRA240227,Male,Vikas Joshi,vikas.joshi@hrhub.co.in,vikas.joshi,1,Y,80,HRHub Solutions Pvt. Ltd.,Information Technology & Business Services,India,42,36-45,1984-07-31,Divorced,Master,Business Administration,Maharashtra,Nagpur,9144986029,Operations,Operations Manager,Travel_Frequently,Remote,3.8,1,0,0,0,2025-03-16,69200,6-10 LPA,19,0,3,3,4,4,1,0,3.8,Yes,No,No
HRA240228,Male,Deepak Joshi,deepak.joshi@hrhub.co.in,deepak.joshi,1,Y,80,HRHub Solutions Pvt. Ltd.,Information Technology & Business Services,India,38,36-45,1988-07-30,Single,MBA,Marketing,Kerala,Kozhikode,9454183378,Marketing,Marketing Executive,Travel_Rarely,Work From Office,15.4,9,2,2,0,2013-08-12,155550,10+ LPA,12,1,1,2,3,1,1,3,8.0,No,No,No
HRA240229,Male,Aditya Singh,aditya.singh@hrhub.co.in,aditya.singh,1,Y,80,HRHub Solutions Pvt. Ltd.,Information Technology & Business Services,India,38,36-45,1988-07-30,Single,PhD,Management,Uttar Pradesh,Kanpur,9603673361,Human Resources,HR Executive,Non-Travel,Work From Office,1.4,1,0,0,0,2027-08-10,24000,0-3 LPA,15,3,3,1,3,2,3,5,1.4,No,No,Yes
HRA240230,Male,Varun Mukherjee,varun.mukherjee@hrhub.co.in,varun.mukherjee,1,Y,80,HRHub Solutions Pvt. Ltd.,Information Technology & Business Services,India,41,36-45,1985-07-31,Married,Master,Finance,Maharashtra,Pune,9146017419,IT,System Administrator,Travel_Rarely,Hybrid,1.2,0,0,0,0,2027-10-21,42300,3-6 LPA,24,3,4,4,2,4,4,3,1.2,No,Yes,No
HRA240231,Female,Anusha Kapoor,anusha.kapoor@hrhub.co.in,anusha.kapoor,1,Y,80,HRHub Solutions Pvt. Ltd.,Information Technology & Business Services,India,40,36-45,1986-07-31,Single,Diploma,Computer,Tamil Nadu,Madurai,9028265652,Marketing,Marketing Executive,Non-Travel,Work From Office,6.9,1,1,0,1,2022-02-09,66300,6-10 LPA,5,1,3,2,4,3,3,2,3.0,No,No,No
HRA240232,Male,Sumit Banerjee,sumit.banerjee@hrhub.co.in,sumit.banerjee,1,Y,80,HRHub Solutions Pvt. Ltd.,Information Technology & Business Services,India,55,46-55,1971-08-04,Single,High School,General Education,Tamil Nadu,Coimbatore,9765839018,Operations,Supply Chain Coordinator,Travel_Rarely,Hybrid,29.7,5,3,0,2,1999-04-29,180150,10+ LPA,21,2,4,2,4,1,3,6,8.0,No,No,No
HRA240233,Female,Ishita Agarwal,ishita.agarwal@hrhub.co.in,ishita.agarwal,1,Y,80,HRHub Solutions Pvt. Ltd.,Information Technology & Business Services,India,26,26-35,2000-07-27,Married,MBA,Operations,Delhi,New Delhi,9442402948,Sales,Sales Executive,Travel_Rarely,Work From Office,2.6,2,2,0,2,2026-05-28,53050,6-10 LPA,11,2,4,2,4,2,3,3,2.6,Yes,No,No
HRA240234,Male,Rahul Sinha,rahul.sinha@hrhub.co.in,rahul.sinha,1,Y,80,HRHub Solutions Pvt. Ltd.,Information Technology & Business Services,India,52,46-55,1974-08-03,Single,Master,Computer Science,Telangana,Hyderabad,9173671387,Finance,Accountant,Travel_Rarely,Hybrid,30.4,28,2,9,22,1998-08-16,181250,10+ LPA,17,3,3,1,4,2,3,5,10.0,No,No,No
HRA240235,Female,Riya Mehta,riya.mehta@hrhub.co.in,riya.mehta,1,Y,80,HRHub Solutions Pvt. Ltd.,Information Technology & Business Services,India,29,26-35,1997-07-28,Married,High School,General Education,West Bengal,Howrah,9792247686,IT,Software Engineer,Non-Travel,Work From Office,3.1,3,0,1,2,2025-11-27,62050,6-10 LPA,9,2,3,3,2,2,3,1,3.1,No,No,Yes
HRA240236,Male,Harsh Singh,harsh.singh@hrhub.co.in,harsh.singh,1,Y,80,HRHub Solutions Pvt. Ltd.,Information Technology & Business Services,India,22,18-25,2004-07-26,Single,Master,Finance,Tamil Nadu,Coimbatore,9424711558,Finance,Accountant,Non-Travel,Work From Office,0.8,0,0,0,0,2028-03-15,40750,3-6 LPA,5,3,4,4,4,4,4,5,0.8,No,No,No
HRA240237,Female,Khushi Khan,khushi.khan@hrhub.co.in,khushi.khan,1,Y,80,HRHub Solutions Pvt. Ltd.,Information Technology & Business Services,India,33,26-35,1993-07-29,Married,Diploma,Computer,Tamil Nadu,Chennai,9550353321,Administration,Office Administrator,Travel_Rarely,Remote,8.4,7,5,0,4,2020-08-10,69000,6-10 LPA,23,2,4,4,4,1,2,0,7.0,Yes,No,No
HRA240238,Male,Manish Rao,manish.rao@hrhub.co.in,manish.rao,1,Y,80,HRHub Solutions Pvt. Ltd.,Information Technology & Business Services,India,30,26-35,1996-07-28,Single,High School,General Education,Delhi,New Delhi,9456367988,Operations,Operations Executive,Travel_Rarely,Work From Office,3.8,2,2,1,2,2025-03-16,48900,3-6 LPA,21,0,1,4,2,2,4,6,3.8,No,No,No
HRA240239,Female,Vaishnavi Sinha,vaishnavi.sinha@hrhub.co.in,vaishnavi.sinha,1,Y,80,HRHub Solutions Pvt. Ltd.,Information Technology & Business Services,India,19,18-25,2007-07-26,Single,MBA,Human Resources,West Bengal,Durgapur,9921192474,Finance,Finance Executive,Travel_Frequently,Work From Office,0.0,0,0,0,0,2029-01-01,35150,3-6 LPA,9,0,2,1,2,2,2,4,0.0,No,No,Yes
HRA240240,Male,Vivek Sen,vivek.sen@hrhub.co.in,vivek.sen,1,Y,80,HRHub Solutions Pvt. Ltd.,Information Technology & Business Services,India,41,36-45,1985-07-31,Married,Bachelor,Finance,Telangana,Hyderabad,9680680304,Operations,Operations Executive,Travel_Rarely,Remote,13.6,11,4,3,8,2015-05-31,83750,10+ LPA,11,0,4,3,2,2,4,0,5.0,No,Yes,No
HRA240241,Male,Amit Kumar,amit.kumar@hrhub.co.in,amit.kumar,1,Y,80,HRHub Solutions Pvt. Ltd.,Information Technology & Business Services,India,35,26-35,1991-07-30,Married,MBA,Marketing,Kerala,Kochi,9791969091,Finance,Financial Analyst,Travel_Rarely,Work From Office,5.8,5,4,0,0,2023-03-17,91650,10+ LPA,16,2,3,2,4,1,1,0,5.8,No,Yes,No
HRA240242,Female,Tanvi Gupta,tanvi.gupta@hrhub.co.in,tanvi.gupta,1,Y,80,HRHub Solutions Pvt. Ltd.,Information Technology & Business Services,India,44,36-45,1982-08-01,Single,Master,Human Resources,Delhi,New Delhi,9534973200,Sales,Business Development Executive,Travel_Rarely,Remote,8.5,5,1,2,0,2020-07-05,66550,6-10 LPA,10,2,4,2,3,1,3,4,7.0,Yes,No,No
HRA240243,Female,Megha Kumar,megha.kumar@hrhub.co.in,megha.kumar,1,Y,80,HRHub Solutions Pvt. Ltd.,Information Technology & Business Services,India,24,18-25,2002-07-27,Married,MBA,Marketing,West Bengal,Durgapur,9405741193,Human Resources,HR Executive,Travel_Rarely,Work From Office,0.7,0,0,0,0,2028-04-21,29050,3-6 LPA,5,2,2,3,4,1,3,5,0.7,No,Yes,Yes
HRA240244,Male,Karan Singh,karan.singh@hrhub.co.in,karan.singh,1,Y,80,HRHub Solutions Pvt. Ltd.,Information Technology & Business Services,India,52,46-55,1974-08-03,Married,Bachelor,Finance,Rajasthan,Jaipur,9980370377,Finance,Accountant,Travel_Rarely,Work From Office,17.1,17,13,4,16,2011-12-01,149950,10+ LPA,6,3,3,4,1,2,3,0,9.0,No,No,No
HRA240245,Male,Karan Banerjee,karan.banerjee@hrhub.co.in,karan.banerjee,1,Y,80,HRHub Solutions Pvt. Ltd.,Information Technology & Business Services,India,22,18-25,2004-07-26,Married,Diploma,Computer,Karnataka,Mysuru,9000485412,Operations,Operations Executive,Travel_Frequently,Work From Office,0.1,0,0,0,0,2028-11-26,27400,3-6 LPA,23,3,2,3,4,1,3,2,0.1,No,No,No
HRA240246,Female,Ananya Bose,ananya.bose@hrhub.co.in,ananya.bose,1,Y,80,HRHub Solutions Pvt. Ltd.,Information Technology & Business Services,India,21,18-25,2005-07-26,Married,PhD,Computer Science,Karnataka,Mysuru,9294176111,Sales,Sales Manager,Travel_Rarely,Work From Office,0.0,0,0,0,0,2029-01-01,92100,10+ LPA,7,1,2,4,3,1,1,0,0.0,Yes,No,No
HRA240247,Male,Amit Mishra,amit.mishra@hrhub.co.in,amit.mishra,1,Y,80,HRHub Solutions Pvt. Ltd.,Information Technology & Business Services,India,47,46-55,1979-08-02,Married,Master,Human Resources,Gujarat,Vadodara,9673238368,Human Resources,HR Executive,Travel_Rarely,Work From Office,10.2,2,0,0,2,2018-10-24,113950,10+ LPA,24,0,3,2,1,3,3,0,9.0,No,No,No
HRA240248,Male,Raj Saha,raj.saha@hrhub.co.in,raj.saha,1,Y,80,HRHub Solutions Pvt. Ltd.,Information Technology & Business Services,India,22,18-25,2004-07-26,Married,Diploma,Computer,West Bengal,Howrah,9772108727,Human Resources,HR Executive,Non-Travel,Hybrid,0.4,0,0,0,0,2028-08-08,26500,3-6 LPA,15,0,3,3,3,2,4,2,0.4,No,Yes,Yes
HRA240249,Male,Ankit Rao,ankit.rao@hrhub.co.in,ankit.rao,1,Y,80,HRHub Solutions Pvt. Ltd.,Information Technology & Business Services,India,37,36-45,1989-07-30,Single,MBA,Operations,West Bengal,Durgapur,9802029172,IT,System Administrator,Travel_Frequently,Hybrid,3.9,2,0,0,1,2025-02-08,56050,6-10 LPA,21,0,4,2,1,3,3,6,3.9,Yes,No,Yes
HRA240250,Male,Ankit Joshi,ankit.joshi@hrhub.co.in,ankit.joshi,1,Y,80,HRHub Solutions Pvt. Ltd.,Information Technology & Business Services,India,22,18-25,2004-07-26,Single,High School,General Education,Karnataka,Bengaluru,9146442143,IT,Network Engineer,Travel_Rarely,Hybrid,0.0,0,0,0,0,2029-01-01,38600,3-6 LPA,5,1,3,3,4,4,4,4,0.0,No,No,No
HRA240251,Male,Manish Mehta,manish.mehta@hrhub.co.in,manish.mehta,1,Y,80,HRHub Solutions Pvt. Ltd.,Information Technology & Business Services,India,60,55+,1966-08-05,Married,PhD,Management,Karnataka,Bengaluru,9350764996,IT,Data Analyst,Travel_Frequently,Hybrid,7.4,6,4,0,0,2021-08-10,71350,6-10 LPA,8,2,3,1,3,2,2,0,1.0,Yes,No,No
HRA240252,Female,Aditi Sharma,aditi.sharma@hrhub.co.in,aditi.sharma,1,Y,80,HRHub Solutions Pvt. Ltd.,Information Technology & Business Services,India,36,36-45,1990-07-30,Single,PhD,Management,Kerala,Kozhikode,9332381433,Administration,Administrative Executive,Non-Travel,Remote,6.5,3,3,1,2,2022-07-05,79850,6-10 LPA,18,3,1,1,1,3,1,6,1.0,Yes,No,No
HRA240253,Male,Deepak Reddy,deepak.reddy@hrhub.co.in,deepak.reddy,1,Y,80,HRHub Solutions Pvt. Ltd.,Information Technology & Business Services,India,21,18-25,2005-07-26,Married,Master,Computer Science,Gujarat,Vadodara,9586026423,IT,Data Analyst,Travel_Frequently,Work From Office,0.0,0,0,0,0,2029-01-01,28750,3-6 LPA,19,3,3,1,1,3,4,5,0.0,Yes,No,No
HRA240254,Female,Swati Kapoor,swati.kapoor@hrhub.co.in,swati.kapoor,1,Y,80,HRHub Solutions Pvt. Ltd.,Information Technology & Business Services,India,35,26-35,1991-07-30,Single,Diploma,Computer,Tamil Nadu,Madurai,9942443793,IT,Network Engineer,Travel_Rarely,Work From Office,4.3,3,3,0,0,2024-09-15,63250,6-10 LPA,7,3,2,2,4,4,2,2,4.3,No,No,No
HRA240255,Female,Neha Shah,neha.shah@hrhub.co.in,neha.shah,1,Y,80,HRHub Solutions Pvt. Ltd.,Information Technology & Business Services,India,26,26-35,2000-07-27,Married,Diploma,Electrical,Karnataka,Hubballi,9881567541,Sales,Sales Executive,Travel_Frequently,Work From Office,3.8,2,1,1,2,2025-03-16,55200,6-10 LPA,5,3,3,1,4,4,1,6,3.8,No,No,No
HRA240256,Male,Aarav Bose,aarav.bose@hrhub.co.in,aarav.bose,1,Y,80,HRHub Solutions Pvt. Ltd.,Information Technology & Business Services,India,49,46-55,1977-08-02,Single,Bachelor,Computer Science,West Bengal,Howrah,9259212985,IT,Network Engineer,Travel_Frequently,Work From Office,10.3,5,5,2,1,2018-09-17,108100,10+ LPA,20,3,3,3,4,3,2,5,6.0,No,Yes,No
HRA240257,Female,Harini Mukherjee,harini.mukherjee@hrhub.co.in,harini.mukherjee,1,Y,80,HRHub Solutions Pvt. Ltd.,Information Technology & Business Services,India,37,36-45,1989-07-30,Single,PhD,Computer Science,West Bengal,Kolkata,9220410649,IT,Software Engineer,Travel_Rarely,Work From Office,2.5,0,0,0,0,2026-07-04,51500,6-10 LPA,24,3,3,2,4,2,3,0,0.0,No,No,No
HRA240258,Female,Nikita Sharma,nikita.sharma@hrhub.co.in,nikita.sharma,1,Y,80,HRHub Solutions Pvt. Ltd.,Information Technology & Business Services,India,57,55+,1969-08-04,Single,Diploma,Mechanical,Gujarat,Vadodara,9065069615,Marketing,Content Strategist,Travel_Rarely,Hybrid,4.6,3,2,1,0,2024-05-29,38600,3-6 LPA,6,1,1,4,4,4,1,2,0.0,No,No,No
HRA240259,Male,Amit Verma,amit.verma@hrhub.co.in,amit.verma,1,Y,80,HRHub Solutions Pvt. Ltd.,Information Technology & Business Services,India,41,36-45,1985-07-31,Single,Master,Human Resources,Karnataka,Hubballi,9679296058,IT,System Administrator,Travel_Rarely,Remote,13.6,3,2,0,1,2015-05-31,95250,10+ LPA,6,2,3,1,4,4,2,1,2.0,No,Yes,No
HRA240260,Female,Ritika Reddy,ritika.reddy@hrhub.co.in,ritika.reddy,1,Y,80,HRHub Solutions Pvt. Ltd.,Information Technology & Business Services,India,30,26-35,1996-07-28,Married,Master,Human Resources,West Bengal,Durgapur,9601767873,Marketing,Content Strategist,Travel_Rarely,Work From Office,7.3,0,0,0,0,2021-09-16,64150,6-10 LPA,12,2,4,2,2,2,4,3,5.0,Yes,No,No
HRA240261,Male,Mohit Saha,mohit.saha@hrhub.co.in,mohit.saha,1,Y,80,HRHub Solutions Pvt. Ltd.,Information Technology & Business Services,India,33,26-35,1993-07-29,Married,Bachelor,Commerce,Rajasthan,Jodhpur,9968460412,IT,Software Engineer,Travel_Rarely,Hybrid,3.9,2,0,1,2,2025-02-08,48350,3-6 LPA,23,3,2,1,3,4,1,5,3.9,No,No,Yes
HRA240262,Female,Tanvi Mehta,tanvi.mehta@hrhub.co.in,tanvi.mehta,1,Y,80,HRHub Solutions Pvt. Ltd.,Information Technology & Business Services,India,22,18-25,2004-07-26,Single,MBA,Operations,Gujarat,Surat,9419043770,Finance,Finance Executive,Travel_Frequently,Work From Office,0.9,0,0,0,0,2028-02-08,36150,3-6 LPA,10,1,4,2,3,4,3,6,0.9,No,No,Yes
HRA240263,Female,Anjali Bose,anjali.bose@hrhub.co.in,anjali.bose,1,Y,80,HRHub Solutions Pvt. Ltd.,Information Technology & Business Services,India,55,46-55,1971-08-04,Married,Master,Human Resources,Telangana,Hyderabad,9226791117,Marketing,Digital Marketing Specialist,Travel_Rarely,Work From Office,24.2,21,14,2,18,2004-10-26,131400,10+ LPA,24,2,4,2,2,2,3,1,8.0,No,No,No
HRA240264,Female,Nikita Bose,nikita.bose@hrhub.co.in,nikita.bose,1,Y,80,HRHub Solutions Pvt. Ltd.,Information Technology & Business Services,India,49,46-55,1977-08-02,Single,PhD,Management,West Bengal,Kolkata,9458836607,Marketing,Content Strategist,Travel_Rarely,Remote,7.9,3,1,1,1,2021-02-09,66800,6-10 LPA,16,1,4,4,4,4,1,4,0.0,No,No,No
HRA240265,Male,Aarav Banerjee,aarav.banerjee@hrhub.co.in,aarav.banerjee,1,Y,80,HRHub Solutions Pvt. Ltd.,Information Technology & Business Services,India,29,26-35,1997-07-28,Married,Master,Human Resources,Maharashtra,Nagpur,9360470928,Administration,Office Administrator,Non-Travel,Work From Office,0.7,0,0,0,0,2028-04-21,22750,0-3 LPA,19,1,3,2,2,2,4,5,0.7,No,No,No
HRA240266,Male,Rahul Verma,rahul.verma@hrhub.co.in,rahul.verma,1,Y,80,HRHub Solutions Pvt. Ltd.,Information Technology & Business Services,India,44,36-45,1982-08-01,Married,Diploma,Electrical,Delhi,New Delhi,9983240728,Administration,Facility Coordinator,Non-Travel,Work From Office,2.4,2,1,0,2,2026-08-09,48400,3-6 LPA,5,0,3,1,3,1,2,1,2.4,No,No,No
HRA240267,Female,Megha Verma,megha.verma@hrhub.co.in,megha.verma,1,Y,80,HRHub Solutions Pvt. Ltd.,Information Technology & Business Services,India,26,26-35,2000-07-27,Single,Bachelor,Marketing,Tamil Nadu,Chennai,9673272221,Sales,Sales Manager,Non-Travel,Work From Office,1.6,0,0,0,0,2027-05-28,72200,6-10 LPA,16,0,2,4,3,1,4,0,1.6,No,No,No
HRA240268,Female,Anusha Jain,anusha.jain@hrhub.co.in,anusha.jain,1,Y,80,HRHub Solutions Pvt. Ltd.,Information Technology & Business Services,India,30,26-35,1996-07-28,Married,Master,Computer Science,Gujarat,Surat,9529664711,Marketing,Marketing Executive,Travel_Rarely,Hybrid,5.9,3,1,0,0,2023-02-09,72800,6-10 LPA,22,2,4,3,3,1,4,1,5.9,No,No,No
HRA240269,Male,Mohit Mukherjee,mohit.mukherjee@hrhub.co.in,mohit.mukherjee,1,Y,80,HRHub Solutions Pvt. Ltd.,Information Technology & Business Services,India,44,36-45,1982-08-01,Married,Bachelor,Commerce,Kerala,Kozhikode,9919669760,Operations,Operations Executive,Travel_Rarely,Work From Office,22.6,18,18,5,3,2006-06-02,179900,10+ LPA,12,3,3,3,2,3,2,2,9.0,Yes,No,No
HRA240270,Male,Rahul Mukherjee,rahul.mukherjee@hrhub.co.in,rahul.mukherjee,1,Y,80,HRHub Solutions Pvt. Ltd.,Information Technology & Business Services,India,48,46-55,1978-08-02,Married,PhD,Management,West Bengal,Kolkata,9212421973,Marketing,Marketing Executive,Travel_Frequently,Hybrid,18.4,0,0,0,0,2010-08-14,137200,10+ LPA,19,2,2,2,3,2,3,0,8.0,No,Yes,No
HRA240271,Male,Harsh Khan,harsh.khan@hrhub.co.in,harsh.khan,1,Y,80,HRHub Solutions Pvt. Ltd.,Information Technology & Business Services,India,31,26-35,1995-07-29,Married,Bachelor,Computer Science,Delhi,New Delhi,9634317191,IT,Data Analyst,Non-Travel,Work From Office,3.5,3,0,1,2,2025-07-04,47900,3-6 LPA,25,1,3,1,4,4,2,5,3.5,Yes,No,No
HRA240272,Female,Megha Singh,megha.singh@hrhub.co.in,megha.singh,1,Y,80,HRHub Solutions Pvt. Ltd.,Information Technology & Business Services,India,53,46-55,1973-08-03,Married,Diploma,Civil,Gujarat,Surat,9186919816,Operations,Operations Executive,Travel_Rarely,Work From Office,19.4,3,2,1,1,2009-08-14,173250,10+ LPA,15,0,3,4,1,2,4,3,4.0,No,Yes,No
HRA240273,Male,Karan Joshi,karan.joshi@hrhub.co.in,karan.joshi,1,Y,80,HRHub Solutions Pvt. Ltd.,Information Technology & Business Services,India,33,26-35,1993-07-29,Single,PhD,Computer Science,Uttar Pradesh,Kanpur,9367127470,IT,System Administrator,Non-Travel,Hybrid,2.1,1,1,0,1,2026-11-27,54100,6-10 LPA,24,3,3,2,1,3,1,4,2.1,Yes,Yes,No
HRA240274,Male,Shubham Mehta,shubham.mehta@hrhub.co.in,shubham.mehta,1,Y,80,HRHub Solutions Pvt. Ltd.,Information Technology & Business Services,India,46,46-55,1980-08-01,Married,PhD,Management,Gujarat,Vadodara,9864740192,Operations,Operations Manager,Travel_Rarely,Hybrid,11.3,5,2,0,2,2017-09-17,152700,10+ LPA,8,2,3,3,1,2,4,1,6.0,No,No,No
HRA240275,Male,Sahil Kapoor,sahil.kapoor@hrhub.co.in,sahil.kapoor,1,Y,80,HRHub Solutions Pvt. Ltd.,Information Technology & Business Services,India,23,18-25,2003-07-27,Single,Bachelor,Human Resources,Maharashtra,Nagpur,9563603855,Finance,Finance Executive,Travel_Frequently,Work From Office,0.2,0,0,0,0,2028-10-20,33150,3-6 LPA,14,1,4,3,1,4,4,3,0.2,No,No,No
HRA240276,Male,Ankit Khan,ankit.khan@hrhub.co.in,ankit.khan,1,Y,80,HRHub Solutions Pvt. Ltd.,Information Technology & Business Services,India,59,55+,1967-08-05,Married,Bachelor,Information Technology,Uttar Pradesh,Kanpur,9636628711,IT,Software Engineer,Non-Travel,Work From Office,32.7,21,19,5,11,1996-04-29,147700,10+ LPA,13,2,4,4,3,2,3,4,6.0,No,No,No
HRA240277,Female,Vaishnavi Das,vaishnavi.das@hrhub.co.in,vaishnavi.das,1,Y,80,HRHub Solutions Pvt. Ltd.,Information Technology & Business Services,India,51,46-55,1975-08-03,Single,PhD,Finance,Tamil Nadu,Chennai,9793943149,Operations,Operations Executive,Travel_Rarely,Remote,10.7,4,0,2,3,2018-04-24,115500,10+ LPA,9,2,4,3,4,3,1,2,0.0,No,No,No
HRA240278,Female,Swati Shah,swati.shah@hrhub.co.in,swati.shah,1,Y,80,HRHub Solutions Pvt. Ltd.,Information Technology & Business Services,India,47,46-55,1979-08-02,Divorced,High School,General Education,Gujarat,Surat,9766307799,IT,System Administrator,Travel_Rarely,Work From Office,15.2,12,11,5,5,2013-10-24,176850,10+ LPA,24,2,1,2,2,3,4,0,5.0,No,Yes,No
HRA240279,Male,Rahul Banerjee,rahul.banerjee@hrhub.co.in,rahul.banerjee,1,Y,80,HRHub Solutions Pvt. Ltd.,Information Technology & Business Services,India,50,46-55,1976-08-02,Single,Diploma,Electrical,Maharashtra,Nagpur,9251390029,Operations,Operations Manager,Travel_Rarely,Hybrid,2.7,1,1,0,0,2026-04-22,80750,6-10 LPA,15,1,3,2,1,3,4,2,2.7,No,No,No
HRA240280,Female,Khushi Das,khushi.das@hrhub.co.in,khushi.das,1,Y,80,HRHub Solutions Pvt. Ltd.,Information Technology & Business Services,India,42,36-45,1984-07-31,Single,Diploma,Electrical,Rajasthan,Jodhpur,9465190348,Finance,Accountant,Travel_Rarely,Work From Office,4.4,0,0,0,0,2024-08-09,50750,6-10 LPA,13,0,3,2,3,1,4,5,4.4,No,No,No
HRA240281,Female,Vaishnavi Sen,vaishnavi.sen@hrhub.co.in,vaishnavi.sen,1,Y,80,HRHub Solutions Pvt. Ltd.,Information Technology & Business Services,India,59,55+,1967-08-05,Single,PhD,Finance,Maharashtra,Nagpur,9718218216,Operations,Operations Executive,Non-Travel,Hybrid,21.6,7,1,3,7,2007-06-02,167850,10+ LPA,8,0,3,1,1,2,2,4,8.0,No,No,No
HRA240282,Female,Aditi Singh,aditi.singh@hrhub.co.in,aditi.singh,1,Y,80,HRHub Solutions Pvt. Ltd.,Information Technology & Business Services,India,26,26-35,2000-07-27,Married,PhD,Management,Uttar Pradesh,Kanpur,9535644119,Operations,Supply Chain Coordinator,Travel_Rarely,Work From Office,3.9,1,1,0,1,2025-02-08,41850,3-6 LPA,5,1,3,3,2,1,2,0,3.9,No,No,No
HRA240283,Male,Sandeep Banerjee,sandeep.banerjee@hrhub.co.in,sandeep.banerjee,1,Y,80,HRHub Solutions Pvt. Ltd.,Information Technology & Business Services,India,56,55+,1970-08-04,Married,PhD,Computer Science,Kerala,Kozhikode,9572869395,Finance,Finance Executive,Non-Travel,Hybrid,30.7,2,0,1,2,1998-04-29,158350,10+ LPA,12,1,4,2,4,4,3,6,3.0,No,No,No
HRA240284,Male,Varun Kapoor,varun.kapoor@hrhub.co.in,varun.kapoor,1,Y,80,HRHub Solutions Pvt. Ltd.,Information Technology & Business Services,India,54,46-55,1972-08-03,Single,MBA,Marketing,Delhi,New Delhi,9855201015,Operations,Operations Manager,Travel_Rarely,Work From Office,28.0,15,4,0,14,2001-01-08,182250,10+ LPA,8,3,1,2,2,2,1,5,10.0,No,No,No
HRA240285,Male,Manish Singh,manish.singh@hrhub.co.in,manish.singh,1,Y,80,HRHub Solutions Pvt. Ltd.,Information Technology & Business Services,India,34,26-35,1992-07-29,Married,PhD,Finance,Rajasthan,Jaipur,9910320410,Finance,Finance Executive,Travel_Rarely,Work From Office,0.9,0,0,0,0,2028-02-08,43200,3-6 LPA,19,2,4,1,2,4,2,3,0.0,No,No,No
HRA240286,Male,Ayush Shah,ayush.shah@hrhub.co.in,ayush.shah,1,Y,80,HRHub Solutions Pvt. Ltd.,Information Technology & Business Services,India,19,18-25,2007-07-26,Married,Diploma,Civil,Karnataka,Mysuru,9666899212,IT,System Administrator,Travel_Rarely,Work From Office,0.0,0,0,0,0,2029-01-01,39500,3-6 LPA,17,2,3,1,2,3,1,4,0.0,No,No,No
HRA240287,Female,Neha Gupta,neha.gupta@hrhub.co.in,neha.gupta,1,Y,80,HRHub Solutions Pvt. Ltd.,Information Technology & Business Services,India,46,46-55,1980-08-01,Married,Diploma,Computer,Rajasthan,Jodhpur,9256485864,IT,Network Engineer,Travel_Rarely,Work From Office,16.6,15,15,0,10,2012-05-31,141900,10+ LPA,18,2,4,1,4,4,4,2,5.0,Yes,No,No
HRA240288,Female,Sonali Das,sonali.das@hrhub.co.in,sonali.das,1,Y,80,HRHub Solutions Pvt. Ltd.,Information Technology & Business Services,India,39,36-45,1987-07-31,Single,Master,Computer Science,Tamil Nadu,Chennai,9646979508,Administration,Administrative Executive,Travel_Frequently,Work From Office,0.1,0,0,0,0,2028-11-26,18500,0-3 LPA,14,0,3,4,3,1,2,0,0.1,No,Yes,Yes
HRA240289,Male,Vivek Singh,vivek.singh@hrhub.co.in,vivek.singh,1,Y,80,HRHub Solutions Pvt. Ltd.,Information Technology & Business Services,India,32,26-35,1994-07-29,Married,Diploma,Civil,Tamil Nadu,Madurai,9627635148,IT,System Administrator,Travel_Rarely,Work From Office,1.0,0,0,0,0,2028-01-02,38250,3-6 LPA,24,1,3,3,2,2,3,4,1.0,No,No,No
HRA240290,Male,Nikhil Reddy,nikhil.reddy@hrhub.co.in,nikhil.reddy,1,Y,80,HRHub Solutions Pvt. Ltd.,Information Technology & Business Services,India,40,36-45,1986-07-31,Single,Bachelor,Business Administration,Kerala,Kozhikode,9522875120,Marketing,Content Strategist,Travel_Rarely,Work From Office,9.4,4,4,1,1,2019-08-11,78600,6-10 LPA,8,0,3,4,2,2,4,6,0.0,No,No,No
HRA240291,Male,Karan Sen,karan.sen@hrhub.co.in,karan.sen,1,Y,80,HRHub Solutions Pvt. Ltd.,Information Technology & Business Services,India,18,18-25,2008-07-25,Single,Bachelor,Marketing,Telangana,Hyderabad,9974005975,Sales,Business Development Executive,Travel_Rarely,Remote,0.0,0,0,0,0,2029-01-01,27150,3-6 LPA,14,1,1,3,1,2,4,2,0.0,No,No,No
HRA240292,Male,Karan Khan,karan.khan@hrhub.co.in,karan.khan,1,Y,80,HRHub Solutions Pvt. Ltd.,Information Technology & Business Services,India,20,18-25,2006-07-26,Married,Bachelor,Computer Science,Gujarat,Ahmedabad,9909375770,Sales,Sales Manager,Non-Travel,Work From Office,0.0,0,0,0,0,2029-01-01,66550,6-10 LPA,11,2,4,2,3,2,4,6,0.0,No,No,No
HRA240293,Female,Shreya Ghosh,shreya.ghosh@hrhub.co.in,shreya.ghosh,1,Y,80,HRHub Solutions Pvt. Ltd.,Information Technology & Business Services,India,49,46-55,1977-08-02,Married,High School,General Education,Kerala,Kozhikode,9226915694,Marketing,Marketing Executive,Travel_Rarely,Work From Office,14.7,2,1,1,0,2014-04-25,84350,10+ LPA,10,1,3,1,2,1,3,2,9.0,No,No,Yes
HRA240294,Female,Harini Shah,harini.shah@hrhub.co.in,harini.shah,1,Y,80,HRHub Solutions Pvt. Ltd.,Information Technology & Business Services,India,34,26-35,1992-07-29,Married,Diploma,Civil,Telangana,Hyderabad,9375984913,Operations,Supply Chain Coordinator,Travel_Frequently,Hybrid,6.9,6,0,0,4,2022-02-09,69650,6-10 LPA,25,0,2,2,2,4,3,5,2.0,No,Yes,No
HRA240295,Female,Anjali Saha,anjali.saha@hrhub.co.in,anjali.saha,1,Y,80,HRHub Solutions Pvt. Ltd.,Information Technology & Business Services,India,46,46-55,1980-08-01,Single,Master,Computer Science,West Bengal,Howrah,9879633879,Operations,Operations Executive,Non-Travel,Hybrid,4.8,1,0,0,0,2024-03-16,40400,3-6 LPA,14,2,3,2,3,1,4,4,4.8,Yes,No,No
HRA240296,Female,Anusha Sinha,anusha.sinha@hrhub.co.in,anusha.sinha,1,Y,80,HRHub Solutions Pvt. Ltd.,Information Technology & Business Services,India,20,18-25,2006-07-26,Married,Diploma,Civil,Kerala,Kozhikode,9002842241,IT,Software Engineer,Travel_Frequently,Work From Office,0.0,0,0,0,0,2029-01-01,35600,3-6 LPA,11,2,1,1,3,4,2,2,0.0,Yes,Yes,No
HRA240297,Female,Ritika Chatterjee,ritika.chatterjee@hrhub.co.in,ritika.chatterjee,1,Y,80,HRHub Solutions Pvt. Ltd.,Information Technology & Business Services,India,32,26-35,1994-07-29,Single,Diploma,Electrical,Maharashtra,Mumbai,9529796854,IT,Data Analyst,Travel_Rarely,Work From Office,5.0,5,0,1,1,2024-01-03,64850,6-10 LPA,9,0,4,3,1,4,4,3,4.0,No,No,No
HRA240298,Male,Mohit Das,mohit.das@hrhub.co.in,mohit.das,1,Y,80,HRHub Solutions Pvt. Ltd.,Information Technology & Business Services,India,54,46-55,1972-08-03,Single,PhD,Computer Science,Gujarat,Ahmedabad,9113449689,Human Resources,HR Executive,Travel_Rarely,Hybrid,2.7,2,1,1,1,2026-04-22,44650,3-6 LPA,23,2,3,4,2,3,3,3,2.0,No,No,No
HRA240299,Female,Khushi Das,khushi.das@hrhub.co.in,khushi.das,1,Y,80,HRHub Solutions Pvt. Ltd.,Information Technology & Business Services,India,24,18-25,2002-07-27,Married,Bachelor,Finance,Delhi,New Delhi,9904651444,Human Resources,HR Business Partner,Travel_Frequently,Work From Office,0.9,0,0,0,0,2028-02-08,24750,0-3 LPA,21,3,3,3,1,2,1,2,0.9,No,No,No
HRA240300,Male,Akash Jain,akash.jain@hrhub.co.in,akash.jain,1,Y,80,HRHub Solutions Pvt. Ltd.,Information Technology & Business Services,India,56,55+,1970-08-04,Single,Master,Business Administration,Kerala,Thiruvananthapuram,9548393777,Finance,Finance Executive,Travel_Frequently,Work From Office,4.3,2,1,0,0,2024-09-15,46400,3-6 LPA,10,2,4,1,2,2,3,6,1.0,No,No,No
HRA240301,Female,Deepika Banerjee,deepika.banerjee@hrhub.co.in,deepika.banerjee,1,Y,80,HRHub Solutions Pvt. Ltd.,Information Technology & Business Services,India,46,46-55,1980-08-01,Single,High School,General Education,Gujarat,Ahmedabad,9700632399,Marketing,Content Strategist,Travel_Frequently,Remote,23.5,6,1,2,1,2005-07-09,129350,10+ LPA,21,2,4,2,4,3,3,5,8.0,No,No,No
HRA240302,Male,Arjun Bose,arjun.bose@hrhub.co.in,arjun.bose,1,Y,80,HRHub Solutions Pvt. Ltd.,Information Technology & Business Services,India,51,46-55,1975-08-03,Married,Bachelor,Computer Science,Maharashtra,Nagpur,9858998181,Administration,Facility Coordinator,Travel_Frequently,Work From Office,3.6,1,1,0,0,2025-05-28,45500,3-6 LPA,13,1,3,3,3,2,3,1,3.0,No,No,No
HRA240303,Female,Deepika Saha,deepika.saha@hrhub.co.in,deepika.saha,1,Y,80,HRHub Solutions Pvt. Ltd.,Information Technology & Business Services,India,18,18-25,2008-07-25,Single,MBA,Marketing,West Bengal,Howrah,9243009173,Administration,Administrative Executive,Travel_Rarely,Work From Office,0.0,0,0,0,0,2029-01-01,22150,0-3 LPA,20,1,4,1,4,1,2,0,0.0,No,No,No
HRA240304,Female,Sonali Bose,sonali.bose@hrhub.co.in,sonali.bose,1,Y,80,HRHub Solutions Pvt. Ltd.,Information Technology & Business Services,India,21,18-25,2005-07-26,Single,High School,General Education,Uttar Pradesh,Lucknow,9449520769,Marketing,Content Strategist,Non-Travel,Work From Office,0.0,0,0,0,0,2029-01-01,33250,3-6 LPA,23,2,2,4,3,1,1,4,0.0,Yes,Yes,No
HRA240305,Male,Pranav Mukherjee,pranav.mukherjee@hrhub.co.in,pranav.mukherjee,1,Y,80,HRHub Solutions Pvt. Ltd.,Information Technology & Business Services,India,42,36-45,1984-07-31,Single,PhD,Computer Science,Delhi,New Delhi,9625751000,Finance,Financial Analyst,Non-Travel,Hybrid,7.3,4,1,2,3,2021-09-16,78000,6-10 LPA,22,2,4,4,1,3,3,4,1.0,No,Yes,Yes
HRA240306,Male,Amit Ghosh,amit.ghosh@hrhub.co.in,amit.ghosh,1,Y,80,HRHub Solutions Pvt. Ltd.,Information Technology & Business Services,India,55,46-55,1971-08-04,Married,MBA,Marketing,Delhi,New Delhi,9372511298,Administration,Facility Coordinator,Non-Travel,Remote,24.5,1,0,0,0,2004-07-09,135250,10+ LPA,19,0,3,4,4,3,2,5,5.0,Yes,No,No
HRA240307,Female,Khushi Sinha,khushi.sinha@hrhub.co.in,khushi.sinha,1,Y,80,HRHub Solutions Pvt. Ltd.,Information Technology & Business Services,India,43,36-45,1983-08-01,Single,PhD,Finance,Tamil Nadu,Coimbatore,9631691455,Marketing,Marketing Executive,Travel_Rarely,Work From Office,7.8,4,1,0,3,2021-03-17,60300,6-10 LPA,18,3,3,4,2,2,4,5,7.0,No,No,No
HRA240308,Male,Gaurav Sinha,gaurav.sinha@hrhub.co.in,gaurav.sinha,1,Y,80,HRHub Solutions Pvt. Ltd.,Information Technology & Business Services,India,40,36-45,1986-07-31,Divorced,Bachelor,Information Technology,West Bengal,Howrah,9205964254,Marketing,Digital Marketing Specialist,Travel_Rarely,Work From Office,4.4,0,0,0,0,2024-08-09,48700,3-6 LPA,24,3,4,2,1,1,4,0,1.0,No,No,No
HRA240309,Female,Divya Bose,divya.bose@hrhub.co.in,divya.bose,1,Y,80,HRHub Solutions Pvt. Ltd.,Information Technology & Business Services,India,24,18-25,2002-07-27,Married,PhD,Finance,Gujarat,Surat,9240150437,Marketing,Marketing Executive,Travel_Frequently,Work From Office,1.6,0,0,0,0,2027-05-28,31050,3-6 LPA,18,2,3,4,3,4,4,2,1.6,No,No,Yes
HRA240310,Male,Vikas Singh,vikas.singh@hrhub.co.in,vikas.singh,1,Y,80,HRHub Solutions Pvt. Ltd.,Information Technology & Business Services,India,37,36-45,1989-07-30,Single,MBA,Marketing,Uttar Pradesh,Noida,9684978507,Marketing,Content Strategist,Non-Travel,Remote,7.7,2,1,0,0,2021-04-23,82050,6-10 LPA,8,2,3,4,4,3,3,0,1.0,No,No,No
HRA240311,Male,Harsh Mishra,harsh.mishra@hrhub.co.in,harsh.mishra,1,Y,80,HRHub Solutions Pvt. Ltd.,Information Technology & Business Services,India,48,46-55,1978-08-02,Single,PhD,Finance,Kerala,Kozhikode,9927523710,Administration,Facility Coordinator,Travel_Rarely,Hybrid,26.0,11,9,5,6,2003-01-08,132500,10+ LPA,15,0,4,4,3,4,1,2,3.0,No,Yes,No
HRA240312,Female,Anjali Jain,anjali.jain@hrhub.co.in,anjali.jain,1,Y,80,HRHub Solutions Pvt. Ltd.,Information Technology & Business Services,India,58,55+,1968-08-04,Single,Bachelor,Commerce,Telangana,Warangal,9197294103,IT,Network Engineer,Travel_Rarely,Remote,14.3,12,11,1,2,2014-09-18,129050,10+ LPA,13,0,2,1,4,1,2,0,3.0,No,No,No
HRA240313,Male,Raj Joshi,raj.joshi@hrhub.co.in,raj.joshi,1,Y,80,HRHub Solutions Pvt. Ltd.,Information Technology & Business Services,India,44,36-45,1982-08-01,Married,MBA,Finance,Rajasthan,Udaipur,9737316927,Human Resources,Talent Acquisition Specialist,Travel_Rarely,Work From Office,21.3,2,0,0,1,2007-09-20,165250,10+ LPA,25,3,3,1,1,4,1,0,8.0,No,No,No
HRA240314,Female,Nikita Sharma,nikita.sharma@hrhub.co.in,nikita.sharma,1,Y,80,HRHub Solutions Pvt. Ltd.,Information Technology & Business Services,India,22,18-25,2004-07-26,Married,Master,Computer Science,Maharashtra,Nagpur,9537007001,Administration,Office Administrator,Travel_Frequently,Work From Office,0.1,0,0,0,0,2028-11-26,19550,0-3 LPA,6,0,4,1,1,4,2,6,0.1,No,Yes,No
HRA240315,Female,Pooja Roy,pooja.roy@hrhub.co.in,pooja.roy,1,Y,80,HRHub Solutions Pvt. Ltd.,Information Technology & Business Services,India,51,46-55,1975-08-03,Married,High School,General Education,Karnataka,Mysuru,9941163282,Operations,Operations Executive,Travel_Rarely,Work From Office,7.7,2,2,1,2,2021-04-23,75850,6-10 LPA,8,3,3,1,1,4,1,6,2.0,No,Yes,No
HRA240316,Female,Megha Khan,megha.khan@hrhub.co.in,megha.khan,1,Y,80,HRHub Solutions Pvt. Ltd.,Information Technology & Business Services,India,20,18-25,2006-07-26,Divorced,PhD,Management,West Bengal,Durgapur,9182548057,Human Resources,Talent Acquisition Specialist,Non-Travel,Work From Office,0.0,0,0,0,0,2029-01-01,32800,3-6 LPA,9,3,3,3,2,2,1,5,0.0,No,No,No
HRA240317,Male,Sumit Gupta,sumit.gupta@hrhub.co.in,sumit.gupta,1,Y,80,HRHub Solutions Pvt. Ltd.,Information Technology & Business Services,India,27,26-35,1999-07-28,Single,High School,General Education,Karnataka,Hubballi,9392031867,IT,Network Engineer,Travel_Rarely,Work From Office,1.0,1,0,0,0,2028-01-02,34100,3-6 LPA,6,2,3,2,1,4,4,3,1.0,No,No,No
HRA240318,Male,Shubham Ghosh,shubham.ghosh@hrhub.co.in,shubham.ghosh,1,Y,80,HRHub Solutions Pvt. Ltd.,Information Technology & Business Services,India,56,55+,1970-08-04,Married,PhD,Management,Kerala,Kozhikode,9104716495,Sales,Sales Manager,Non-Travel,Remote,22.3,8,4,3,5,2006-09-20,210950,10+ LPA,8,1,3,4,1,3,2,2,2.0,No,No,No
HRA240319,Male,Raj Mukherjee,raj.mukherjee@hrhub.co.in,raj.mukherjee,1,Y,80,HRHub Solutions Pvt. Ltd.,Information Technology & Business Services,India,31,26-35,1995-07-29,Single,Diploma,Computer,Telangana,Warangal,9548427494,IT,System Administrator,Travel_Rarely,Work From Office,0.6,0,0,0,0,2028-05-27,41850,3-6 LPA,12,3,3,3,3,2,2,1,0.6,No,No,No
HRA240320,Male,Ayush Kumar,ayush.kumar@hrhub.co.in,ayush.kumar,1,Y,80,HRHub Solutions Pvt. Ltd.,Information Technology & Business Services,India,42,36-45,1984-07-31,Single,Diploma,Electrical,Rajasthan,Jodhpur,9657549203,Sales,Business Development Executive,Travel_Frequently,Work From Office,4.2,3,3,0,0,2024-10-21,52500,6-10 LPA,19,3,4,1,3,1,1,0,4.2,No,No,No
HRA240321,Male,Ayush Bose,ayush.bose@hrhub.co.in,ayush.bose,1,Y,80,HRHub Solutions Pvt. Ltd.,Information Technology & Business Services,India,40,36-45,1986-07-31,Single,Bachelor,Information Technology,Rajasthan,Jaipur,9158765091,IT,Data Analyst,Non-Travel,Work From Office,12.1,0,0,0,0,2016-11-29,99000,10+ LPA,7,0,3,1,1,1,3,2,3.0,Yes,Yes,No
HRA240322,Male,Vivek Agarwal,vivek.agarwal@hrhub.co.in,vivek.agarwal,1,Y,80,HRHub Solutions Pvt. Ltd.,Information Technology & Business Services,India,42,36-45,1984-07-31,Single,MBA,Human Resources,West Bengal,Howrah,9638082632,Sales,Sales Manager,Non-Travel,Work From Office,4.8,0,0,0,0,2024-03-16,75700,6-10 LPA,19,2,3,4,1,3,1,2,2.0,No,No,No
HRA240323,Male,Aarav Sinha,aarav.sinha@hrhub.co.in,aarav.sinha,1,Y,80,HRHub Solutions Pvt. Ltd.,Information Technology & Business Services,India,42,36-45,1984-07-31,Married,Bachelor,Human Resources,Telangana,Hyderabad,9438381674,Operations,Supply Chain Coordinator,Travel_Rarely,Work From Office,12.5,5,2,0,2,2016-07-06,119200,10+ LPA,20,2,3,3,4,3,2,6,8.0,No,No,No
HRA240324,Female,Megha Verma,megha.verma@hrhub.co.in,megha.verma,1,Y,80,HRHub Solutions Pvt. Ltd.,Information Technology & Business Services,India,56,55+,1970-08-04,Married,MBA,Marketing,West Bengal,Howrah,9554042100,Administration,Administrative Executive,Travel_Frequently,Work From Office,4.1,3,3,1,2,2024-11-27,44200,3-6 LPA,11,0,3,4,4,4,2,5,4.1,No,No,No
HRA240325,Female,Ishita Sharma,ishita.sharma@hrhub.co.in,ishita.sharma,1,Y,80,HRHub Solutions Pvt. Ltd.,Information Technology & Business Services,India,18,18-25,2008-07-25,Single,PhD,Finance,West Bengal,Durgapur,9553952563,IT,Network Engineer,Travel_Frequently,Work From Office,0.0,0,0,0,0,2029-01-01,39700,3-6 LPA,6,0,3,1,1,1,4,2,0.0,No,No,No
HRA240326,Male,Nikhil Das,nikhil.das@hrhub.co.in,nikhil.das,1,Y,80,HRHub Solutions Pvt. Ltd.,Information Technology & Business Services,India,36,36-45,1990-07-30,Married,PhD,Computer Science,Karnataka,Mysuru,9156944387,Marketing,Digital Marketing Specialist,Travel_Rarely,Remote,3.5,1,1,0,0,2025-07-04,48750,3-6 LPA,22,1,3,2,4,2,4,6,3.5,No,No,No
HRA240327,Female,Anjali Singh,anjali.singh@hrhub.co.in,anjali.singh,1,Y,80,HRHub Solutions Pvt. Ltd.,Information Technology & Business Services,India,27,26-35,1999-07-28,Single,MBA,Marketing,Rajasthan,Udaipur,9878427751,Human Resources,HR Executive,Travel_Rarely,Work From Office,0.8,0,0,0,0,2028-03-15,27650,3-6 LPA,23,0,3,2,3,4,3,4,0.8,No,No,No
HRA240328,Male,Ayush Chatterjee,ayush.chatterjee@hrhub.co.in,ayush.chatterjee,1,Y,80,HRHub Solutions Pvt. Ltd.,Information Technology & Business Services,India,23,18-25,2003-07-27,Single,Master,Business Administration,Gujarat,Surat,9026218060,Operations,Operations Executive,Travel_Frequently,Work From Office,0.3,0,0,0,0,2028-09-14,27250,3-6 LPA,7,3,4,4,1,2,1,6,0.3,No,Yes,No
HRA240329,Female,Anjali Saha,anjali.saha@hrhub.co.in,anjali.saha,1,Y,80,HRHub Solutions Pvt. Ltd.,Information Technology & Business Services,India,60,55+,1966-08-05,Single,Bachelor,Human Resources,Gujarat,Surat,9430074577,IT,System Administrator,Travel_Rarely,Hybrid,35.0,22,3,8,6,1994-01-10,137950,10+ LPA,12,1,3,3,2,2,4,1,0.0,No,No,No
HRA240330,Female,Nikita Banerjee,nikita.banerjee@hrhub.co.in,nikita.banerjee,1,Y,80,HRHub Solutions Pvt. Ltd.,Information Technology & Business Services,India,47,46-55,1979-08-02,Divorced,Diploma,Civil,Maharashtra,Pune,9666069508,Human Resources,Talent Acquisition Specialist,Travel_Rarely,Work From Office,1.2,1,1,0,0,2027-10-21,22800,0-3 LPA,13,3,3,1,3,1,2,5,1.2,Yes,No,No
HRA240331,Female,Ritika Kapoor,ritika.kapoor@hrhub.co.in,ritika.kapoor,1,Y,80,HRHub Solutions Pvt. Ltd.,Information Technology & Business Services,India,50,46-55,1976-08-02,Married,Bachelor,Marketing,Telangana,Hyderabad,9001820871,IT,Data Analyst,Travel_Rarely,Work From Office,17.2,4,3,0,4,2011-10-25,139500,10+ LPA,23,1,3,1,4,2,1,3,5.0,Yes,No,No
HRA240332,Female,Vidya Kumar,vidya.kumar@hrhub.co.in,vidya.kumar,1,Y,80,HRHub Solutions Pvt. Ltd.,Information Technology & Business Services,India,47,46-55,1979-08-02,Married,High School,General Education,Rajasthan,Jaipur,9867522624,Marketing,Marketing Executive,Travel_Rarely,Hybrid,16.0,5,4,0,3,2013-01-05,183750,10+ LPA,15,0,3,4,2,1,2,0,9.0,No,No,No
HRA240333,Male,Amit Jain,amit.jain@hrhub.co.in,amit.jain,1,Y,80,HRHub Solutions Pvt. Ltd.,Information Technology & Business Services,India,38,36-45,1988-07-30,Single,PhD,Management,Telangana,Hyderabad,9559376511,Sales,Business Development Executive,Non-Travel,Work From Office,12.8,6,5,2,0,2016-03-18,109900,10+ LPA,24,0,3,4,1,3,3,4,3.0,No,No,No
HRA240334,Male,Harsh Chatterjee,harsh.chatterjee@hrhub.co.in,harsh.chatterjee,1,Y,80,HRHub Solutions Pvt. Ltd.,Information Technology & Business Services,India,32,26-35,1994-07-29,Married,High School,General Education,Delhi,New Delhi,9607496875,IT,System Administrator,Travel_Frequently,Work From Office,7.7,4,2,2,1,2021-04-23,67200,6-10 LPA,20,1,3,2,1,2,3,2,7.7,No,No,No
HRA240335,Male,Vivek Kumar,vivek.kumar@hrhub.co.in,vivek.kumar,1,Y,80,HRHub Solutions Pvt. Ltd.,Information Technology & Business Services,India,21,18-25,2005-07-26,Single,High School,General Education,Karnataka,Bengaluru,9465086569,Marketing,Digital Marketing Specialist,Travel_Frequently,Work From Office,0.0,0,0,0,0,2029-01-01,24150,0-3 LPA,14,0,2,2,2,3,1,0,0.0,No,No,No
HRA240336,Female,Pooja Verma,pooja.verma@hrhub.co.in,pooja.verma,1,Y,80,HRHub Solutions Pvt. Ltd.,Information Technology & Business Services,India,42,36-45,1984-07-31,Single,Diploma,Mechanical,Telangana,Warangal,9039336777,Human Resources,HR Business Partner,Non-Travel,Work From Office,15.4,8,3,4,7,2013-08-12,180600,10+ LPA,8,1,4,1,1,2,3,0,9.0,No,No,No
HRA240337,Male,Rahul Sharma,rahul.sharma@hrhub.co.in,rahul.sharma,1,Y,80,HRHub Solutions Pvt. Ltd.,Information Technology & Business Services,India,25,18-25,2001-07-27,Married,Master,Finance,West Bengal,Kolkata,9310666465,Administration,Facility Coordinator,Non-Travel,Work From Office,3.2,3,3,1,2,2025-10-21,48400,3-6 LPA,25,3,3,3,4,4,1,0,3.2,No,Yes,No
HRA240338,Female,Pooja Bose,pooja.bose@hrhub.co.in,pooja.bose,1,Y,80,HRHub Solutions Pvt. Ltd.,Information Technology & Business Services,India,59,55+,1967-08-05,Married,High School,General Education,Kerala,Kozhikode,9239510832,Sales,Sales Manager,Travel_Frequently,Remote,14.9,13,6,4,10,2014-02-11,174650,10+ LPA,14,1,1,2,2,4,3,0,10.0,No,Yes,No
HRA240339,Male,Gaurav Chatterjee,gaurav.chatterjee@hrhub.co.in,gaurav.chatterjee,1,Y,80,HRHub Solutions Pvt. Ltd.,Information Technology & Business Services,India,24,18-25,2002-07-27,Single,Diploma,Mechanical,Uttar Pradesh,Noida,9513352949,Human Resources,HR Business Partner,Travel_Rarely,Work From Office,3.0,3,0,0,2,2026-01-02,41500,3-6 LPA,23,3,2,3,2,4,4,3,1.0,Yes,No,No
HRA240340,Female,Nikita Das,nikita.das@hrhub.co.in,nikita.das,1,Y,80,HRHub Solutions Pvt. Ltd.,Information Technology & Business Services,India,25,18-25,2001-07-27,Married,Diploma,Civil,Tamil Nadu,Madurai,9561431538,Operations,Operations Executive,Travel_Frequently,Work From Office,3.3,2,0,0,0,2025-09-15,35900,3-6 LPA,21,2,3,1,3,1,1,6,2.0,No,No,No
HRA240341,Male,Mohit Shah,mohit.shah@hrhub.co.in,mohit.shah,1,Y,80,HRHub Solutions Pvt. Ltd.,Information Technology & Business Services,India,34,26-35,1992-07-29,Single,Diploma,Computer,Delhi,New Delhi,9134241471,Sales,Business Development Executive,Travel_Rarely,Work From Office,10.7,2,0,1,1,2018-04-24,129700,10+ LPA,14,1,4,2,1,1,1,3,2.0,No,Yes,No
HRA240342,Male,Varun Khan,varun.khan@hrhub.co.in,varun.khan,1,Y,80,HRHub Solutions Pvt. Ltd.,Information Technology & Business Services,India,23,18-25,2003-07-27,Married,Bachelor,Computer Science,Uttar Pradesh,Kanpur,9963132404,Marketing,Digital Marketing Specialist,Non-Travel,Work From Office,0.8,0,0,0,0,2028-03-15,27750,3-6 LPA,7,2,3,1,4,3,4,6,0.8,No,No,No
HRA240343,Male,Pranav Patel,pranav.patel@hrhub.co.in,pranav.patel,1,Y,80,HRHub Solutions Pvt. Ltd.,Information Technology & Business Services,India,41,36-45,1985-07-31,Married,Master,Marketing,Karnataka,Hubballi,9712199939,Sales,Sales Executive,Travel_Rarely,Hybrid,9.6,7,0,0,2,2019-05-30,63900,6-10 LPA,19,3,3,3,3,3,2,3,8.0,No,No,No
HRA240344,Male,Deepak Roy,deepak.roy@hrhub.co.in,deepak.roy,1,Y,80,HRHub Solutions Pvt. Ltd.,Information Technology & Business Services,India,52,46-55,1974-08-03,Married,PhD,Computer Science,Telangana,Warangal,9659491868,Operations,Supply Chain Coordinator,Non-Travel,Work From Office,20.2,15,8,3,5,2008-10-25,124200,10+ LPA,23,1,2,4,4,1,2,3,5.0,No,No,No
HRA240345,Female,Khushi Khan,khushi.khan@hrhub.co.in,khushi.khan,1,Y,80,HRHub Solutions Pvt. Ltd.,Information Technology & Business Services,India,48,46-55,1978-08-02,Married,Master,Human Resources,Delhi,New Delhi,9924643081,Finance,Accountant,Travel_Rarely,Work From Office,12.4,0,0,0,0,2016-08-11,99200,10+ LPA,17,2,3,3,1,3,3,2,10.0,No,Yes,No
HRA240346,Male,Sumit Mishra,sumit.mishra@hrhub.co.in,sumit.mishra,1,Y,80,HRHub Solutions Pvt. Ltd.,Information Technology & Business Services,India,45,36-45,1981-08-01,Single,PhD,Management,Uttar Pradesh,Noida,9603828071,Administration,Office Administrator,Travel_Rarely,Work From Office,18.5,16,13,4,3,2010-07-08,161200,10+ LPA,19,1,3,4,4,2,2,6,9.0,No,Yes,No
HRA240347,Male,Raj Mukherjee,raj.mukherjee@hrhub.co.in,raj.mukherjee,1,Y,80,HRHub Solutions Pvt. Ltd.,Information Technology & Business Services,India,45,36-45,1981-08-01,Married,Diploma,Computer,Rajasthan,Jodhpur,9825817386,Marketing,Marketing Executive,Non-Travel,Work From Office,4.3,1,0,0,0,2024-09-15,56050,6-10 LPA,25,1,3,4,2,3,2,0,4.3,No,Yes,No
HRA240348,Female,Sonali Mehta,sonali.mehta@hrhub.co.in,sonali.mehta,1,Y,80,HRHub Solutions Pvt. Ltd.,Information Technology & Business Services,India,19,18-25,2007-07-26,Married,Diploma,Civil,West Bengal,Durgapur,9950867226,Operations,Supply Chain Coordinator,Travel_Rarely,Work From Office,0.0,0,0,0,0,2029-01-01,35800,3-6 LPA,22,3,4,2,4,1,1,4,0.0,No,No,No
HRA240349,Female,Ritika Sinha,ritika.sinha@hrhub.co.in,ritika.sinha,1,Y,80,HRHub Solutions Pvt. Ltd.,Information Technology & Business Services,India,54,46-55,1972-08-03,Married,Diploma,Electrical,Maharashtra,Pune,9374062426,Administration,Office Administrator,Travel_Frequently,Work From Office,9.2,8,7,3,3,2019-10-24,62750,6-10 LPA,16,0,3,3,1,4,4,0,3.0,Yes,No,No
HRA240350,Female,Riya Ghosh,riya.ghosh@hrhub.co.in,riya.ghosh,1,Y,80,HRHub Solutions Pvt. Ltd.,Information Technology & Business Services,India,34,26-35,1992-07-29,Married,Diploma,Civil,Uttar Pradesh,Lucknow,9685007284,Sales,Sales Executive,Travel_Rarely,Hybrid,4.6,0,0,0,0,2024-05-29,46700,3-6 LPA,13,2,3,3,1,3,1,2,4.6,No,No,No
HRA240351,Female,Neha Joshi,neha.joshi@hrhub.co.in,neha.joshi,1,Y,80,HRHub Solutions Pvt. Ltd.,Information Technology & Business Services,India,32,26-35,1994-07-29,Married,Bachelor,Information Technology,Telangana,Warangal,9996107799,Operations,Operations Manager,Travel_Rarely,Work From Office,1.6,1,1,0,0,2027-05-28,72950,6-10 LPA,12,0,1,4,1,2,4,6,1.6,No,No,No
HRA240352,Female,Sonali Nair,sonali.nair@hrhub.co.in,sonali.nair,1,Y,80,HRHub Solutions Pvt. Ltd.,Information Technology & Business Services,India,45,36-45,1981-08-01,Married,Diploma,Mechanical,Gujarat,Ahmedabad,9453869016,Marketing,Marketing Executive,Travel_Rarely,Remote,0.9,0,0,0,0,2028-02-08,28250,3-6 LPA,16,2,3,3,2,2,2,6,0.9,No,No,No
HRA240353,Male,Ayush Ghosh,ayush.ghosh@hrhub.co.in,ayush.ghosh,1,Y,80,HRHub Solutions Pvt. Ltd.,Information Technology & Business Services,India,26,26-35,2000-07-27,Single,PhD,Finance,Kerala,Thiruvananthapuram,9413999517,IT,Data Analyst,Travel_Rarely,Work From Office,2.8,1,1,0,0,2026-03-17,53000,6-10 LPA,16,3,3,1,1,4,2,3,1.0,No,Yes,Yes
HRA240354,Female,Khushi Banerjee,khushi.banerjee@hrhub.co.in,khushi.banerjee,1,Y,80,HRHub Solutions Pvt. Ltd.,Information Technology & Business Services,India,50,46-55,1976-08-02,Married,High School,General Education,Delhi,New Delhi,9699382145,Finance,Finance Executive,Travel_Rarely,Remote,15.1,12,2,4,9,2013-11-30,140450,10+ LPA,25,1,3,1,3,2,1,4,5.0,Yes,No,Yes
HRA240355,Male,Vikas Chatterjee,vikas.chatterjee@hrhub.co.in,vikas.chatterjee,1,Y,80,HRHub Solutions Pvt. Ltd.,Information Technology & Business Services,India,54,46-55,1972-08-03,Single,PhD,Management,Maharashtra,Pune,9858965498,Administration,Facility Coordinator,Non-Travel,Work From Office,0.5,0,0,0,0,2028-07-03,25500,3-6 LPA,7,1,4,1,3,3,4,2,0.5,No,No,No
HRA240356,Male,Aarav Sinha,aarav.sinha@hrhub.co.in,aarav.sinha,1,Y,80,HRHub Solutions Pvt. Ltd.,Information Technology & Business Services,India,21,18-25,2005-07-26,Married,Master,Computer Science,Kerala,Kozhikode,9446150123,Human Resources,HR Executive,Travel_Rarely,Work From Office,0.0,0,0,0,0,2029-01-01,27250,3-6 LPA,5,2,3,4,4,3,4,4,0.0,No,No,No
HRA240357,Male,Sahil Chatterjee,sahil.chatterjee@hrhub.co.in,sahil.chatterjee,1,Y,80,HRHub Solutions Pvt. Ltd.,Information Technology & Business Services,India,56,55+,1970-08-04,Single,Bachelor,Information Technology,Uttar Pradesh,Lucknow,9990352196,Sales,Sales Executive,Travel_Rarely,Work From Office,15.9,8,7,0,4,2013-02-11,137350,10+ LPA,25,1,2,1,1,1,2,3,10.0,No,No,No
HRA240358,Female,Harini Saha,harini.saha@hrhub.co.in,harini.saha,1,Y,80,HRHub Solutions Pvt. Ltd.,Information Technology & Business Services,India,53,46-55,1973-08-03,Single,Diploma,Electrical,Maharashtra,Nagpur,9831452378,Sales,Sales Executive,Travel_Rarely,Work From Office,25.6,23,5,8,14,2003-06-03,145500,10+ LPA,9,2,3,4,4,4,1,5,10.0,No,No,Yes
HRA240359,Male,Varun Kumar,varun.kumar@hrhub.co.in,varun.kumar,1,Y,80,HRHub Solutions Pvt. Ltd.,Information Technology & Business Services,India,53,46-55,1973-08-03,Married,Bachelor,Human Resources,Delhi,New Delhi,9575015438,Operations,Supply Chain Coordinator,Non-Travel,Work From Office,17.3,17,1,7,14,2011-09-19,164950,10+ LPA,24,0,3,1,3,1,3,2,6.0,No,No,No
HRA240360,Female,Kavya Chatterjee,kavya.chatterjee@hrhub.co.in,kavya.chatterjee,1,Y,80,HRHub Solutions Pvt. Ltd.,Information Technology & Business Services,India,47,46-55,1979-08-02,Single,High School,General Education,Gujarat,Surat,9266688545,Operations,Operations Manager,Travel_Rarely,Hybrid,17.8,7,7,3,6,2011-03-20,203150,10+ LPA,24,2,3,1,2,2,3,2,2.0,No,No,No
HRA240361,Female,Divya Ghosh,divya.ghosh@hrhub.co.in,divya.ghosh,1,Y,80,HRHub Solutions Pvt. Ltd.,Information Technology & Business Services,India,42,36-45,1984-07-31,Married,Bachelor,Marketing,Tamil Nadu,Madurai,9186146288,Finance,Financial Analyst,Travel_Rarely,Work From Office,19.7,11,3,1,1,2009-04-26,171100,10+ LPA,7,1,2,2,3,4,1,6,1.0,No,No,Yes
HRA240362,Female,Riya Gupta,riya.gupta@hrhub.co.in,riya.gupta,1,Y,80,HRHub Solutions Pvt. Ltd.,Information Technology & Business Services,India,37,36-45,1989-07-30,Single,MBA,Marketing,Uttar Pradesh,Lucknow,9239176196,Marketing,Marketing Executive,Non-Travel,Work From Office,8.7,8,4,1,1,2020-04-23,62650,6-10 LPA,20,2,1,4,3,4,3,0,7.0,No,No,No
HRA240363,Female,Anusha Sharma,anusha.sharma@hrhub.co.in,anusha.sharma,1,Y,80,HRHub Solutions Pvt. Ltd.,Information Technology & Business Services,India,49,46-55,1977-08-02,Single,Bachelor,Finance,Uttar Pradesh,Kanpur,9906183442,Human Resources,HR Executive,Travel_Rarely,Work From Office,8.9,5,2,0,4,2020-02-10,84300,10+ LPA,9,2,2,2,4,2,3,4,4.0,Yes,No,No
HRA240364,Male,Sumit Mukherjee,sumit.mukherjee@hrhub.co.in,sumit.mukherjee,1,Y,80,HRHub Solutions Pvt. Ltd.,Information Technology & Business Services,India,21,18-25,2005-07-26,Married,PhD,Finance,Telangana,Warangal,9914453375,Sales,Sales Executive,Travel_Rarely,Hybrid,0.0,0,0,0,0,2029-01-01,32850,3-6 LPA,14,0,3,4,2,2,4,3,0.0,No,No,Yes
HRA240365,Female,Anjali Saha,anjali.saha@hrhub.co.in,anjali.saha,1,Y,80,HRHub Solutions Pvt. Ltd.,Information Technology & Business Services,India,49,46-55,1977-08-02,Married,High School,General Education,Uttar Pradesh,Lucknow,9957145149,Human Resources,HR Executive,Travel_Rarely,Hybrid,18.2,10,8,1,8,2010-10-25,156400,10+ LPA,11,3,3,4,2,4,4,5,1.0,No,No,No
HRA240366,Male,Raj Patel,raj.patel@hrhub.co.in,raj.patel,1,Y,80,HRHub Solutions Pvt. Ltd.,Information Technology & Business Services,India,22,18-25,2004-07-26,Single,MBA,Human Resources,Rajasthan,Jaipur,9723099070,Sales,Sales Manager,Travel_Frequently,Work From Office,0.3,0,0,0,0,2028-09-14,62750,6-10 LPA,13,2,3,1,1,1,4,1,0.3,Yes,Yes,No
HRA240367,Female,Ishita Shah,ishita.shah@hrhub.co.in,ishita.shah,1,Y,80,HRHub Solutions Pvt. Ltd.,Information Technology & Business Services,India,26,26-35,2000-07-27,Married,Master,Finance,West Bengal,Kolkata,9736950432,Operations,Operations Manager,Non-Travel,Work From Office,0.2,0,0,0,0,2028-10-20,61900,6-10 LPA,18,2,3,2,1,3,2,4,0.2,No,No,No
HRA240368,Male,Ayush Sen,ayush.sen@hrhub.co.in,ayush.sen,1,Y,80,HRHub Solutions Pvt. Ltd.,Information Technology & Business Services,India,60,55+,1966-08-05,Single,MBA,Operations,Tamil Nadu,Chennai,9606009897,Finance,Financial Analyst,Travel_Rarely,Work From Office,12.3,4,1,0,3,2016-09-17,104800,10+ LPA,7,0,3,4,3,4,3,5,0.0,No,No,No
HRA240369,Female,Khushi Verma,khushi.verma@hrhub.co.in,khushi.verma,1,Y,80,HRHub Solutions Pvt. Ltd.,Information Technology & Business Services,India,29,26-35,1997-07-28,Married,High School,General Education,West Bengal,Durgapur,9922384357,Marketing,Content Strategist,Travel_Rarely,Work From Office,2.6,2,1,1,2,2026-05-28,41750,3-6 LPA,15,0,3,3,4,3,2,4,2.6,No,No,No
HRA240370,Female,Anusha Ghosh,anusha.ghosh@hrhub.co.in,anusha.ghosh,1,Y,80,HRHub Solutions Pvt. Ltd.,Information Technology & Business Services,India,50,46-55,1976-08-02,Married,MBA,Human Resources,Telangana,Hyderabad,9836766570,Finance,Accountant,Travel_Frequently,Work From Office,3.7,0,0,0,0,2025-04-22,55100,6-10 LPA,11,2,2,3,3,2,3,2,3.7,No,No,No
HRA240371,Female,Sneha Patel,sneha.patel@hrhub.co.in,sneha.patel,1,Y,80,HRHub Solutions Pvt. Ltd.,Information Technology & Business Services,India,51,46-55,1975-08-03,Married,Diploma,Computer,Rajasthan,Jaipur,9825254309,Sales,Sales Executive,Non-Travel,Hybrid,28.0,10,2,0,5,2001-01-08,131150,10+ LPA,11,2,3,4,1,4,2,5,4.0,No,No,No
HRA240372,Female,Pooja Chatterjee,pooja.chatterjee@hrhub.co.in,pooja.chatterjee,1,Y,80,HRHub Solutions Pvt. Ltd.,Information Technology & Business Services,India,19,18-25,2007-07-26,Married,PhD,Computer Science,Maharashtra,Mumbai,9022123955,Administration,Office Administrator,Travel_Rarely,Hybrid,0.0,0,0,0,0,2029-01-01,27100,3-6 LPA,16,2,2,2,2,4,2,5,0.0,No,No,Yes
HRA240373,Female,Kavya Khan,kavya.khan@hrhub.co.in,kavya.khan,1,Y,80,HRHub Solutions Pvt. Ltd.,Information Technology & Business Services,India,30,26-35,1996-07-28,Married,High School,General Education,Maharashtra,Pune,9519678778,Marketing,Marketing Executive,Travel_Frequently,Remote,6.1,5,2,2,0,2022-11-28,61300,6-10 LPA,18,2,2,2,4,2,3,2,4.0,No,No,No
HRA240374,Female,Vidya Reddy,vidya.reddy@hrhub.co.in,vidya.reddy,1,Y,80,HRHub Solutions Pvt. Ltd.,Information Technology & Business Services,India,30,26-35,1996-07-28,Single,Bachelor,Finance,Karnataka,Hubballi,9732381545,Human Resources,HR Executive,Travel_Rarely,Remote,5.0,3,3,0,3,2024-01-03,54800,6-10 LPA,10,1,3,3,1,2,1,4,5.0,No,No,No
HRA240375,Male,Sandeep Sharma,sandeep.sharma@hrhub.co.in,sandeep.sharma,1,Y,80,HRHub Solutions Pvt. Ltd.,Information Technology & Business Services,India,41,36-45,1985-07-31,Single,PhD,Finance,Telangana,Warangal,9969999381,Marketing,Content Strategist,Travel_Rarely,Hybrid,11.4,8,7,2,6,2017-08-11,92150,10+ LPA,12,0,3,1,1,2,3,0,5.0,No,No,No
HRA240376,Female,Harini Mukherjee,harini.mukherjee@hrhub.co.in,harini.mukherjee,1,Y,80,HRHub Solutions Pvt. Ltd.,Information Technology & Business Services,India,31,26-35,1995-07-29,Single,Diploma,Electrical,Uttar Pradesh,Lucknow,9289966686,Sales,Business Development Executive,Travel_Rarely,Work From Office,7.5,3,0,0,3,2021-07-05,58850,6-10 LPA,6,3,3,1,3,3,4,1,7.5,No,No,No
HRA240377,Female,Vidya Gupta,vidya.gupta@hrhub.co.in,vidya.gupta,1,Y,80,HRHub Solutions Pvt. Ltd.,Information Technology & Business Services,India,23,18-25,2003-07-27,Single,Bachelor,Finance,Uttar Pradesh,Lucknow,9030275960,Marketing,Content Strategist,Travel_Rarely,Work From Office,0.7,0,0,0,0,2028-04-21,32000,3-6 LPA,11,2,4,2,1,3,3,6,0.7,Yes,Yes,No
HRA240378,Female,Ananya Mishra,ananya.mishra@hrhub.co.in,ananya.mishra,1,Y,80,HRHub Solutions Pvt. Ltd.,Information Technology & Business Services,India,26,26-35,2000-07-27,Married,High School,General Education,Rajasthan,Jaipur,9409991514,Operations,Operations Executive,Travel_Rarely,Work From Office,0.3,0,0,0,0,2028-09-14,33250,3-6 LPA,20,2,3,4,2,4,3,0,0.3,Yes,No,No
HRA240379,Female,Vaishnavi Joshi,vaishnavi.joshi@hrhub.co.in,vaishnavi.joshi,1,Y,80,HRHub Solutions Pvt. Ltd.,Information Technology & Business Services,India,32,26-35,1994-07-29,Married,PhD,Computer Science,Tamil Nadu,Coimbatore,9396042408,Administration,Administrative Executive,Travel_Rarely,Work From Office,1.5,0,0,0,0,2027-07-04,25400,3-6 LPA,18,1,1,1,1,2,2,2,1.5,No,No,No
HRA240380,Male,Sandeep Sinha,sandeep.sinha@hrhub.co.in,sandeep.sinha,1,Y,80,HRHub Solutions Pvt. Ltd.,Information Technology & Business Services,India,49,46-55,1977-08-02,Single,High School,General Education,Kerala,Kozhikode,9096351591,Administration,Administrative Executive,Travel_Rarely,Work From Office,3.3,0,0,0,0,2025-09-15,39850,3-6 LPA,20,3,1,4,1,3,2,3,3.3,No,No,No
HRA240381,Female,Harini Mukherjee,harini.mukherjee@hrhub.co.in,harini.mukherjee,1,Y,80,HRHub Solutions Pvt. Ltd.,Information Technology & Business Services,India,23,18-25,2003-07-27,Married,High School,General Education,Gujarat,Ahmedabad,9330032569,Sales,Sales Manager,Travel_Rarely,Hybrid,1.8,0,0,0,0,2027-03-16,58550,6-10 LPA,24,3,3,3,3,2,2,3,1.8,No,Yes,No
HRA240382,Male,Aarav Reddy,aarav.reddy@hrhub.co.in,aarav.reddy,1,Y,80,HRHub Solutions Pvt. Ltd.,Information Technology & Business Services,India,57,55+,1969-08-04,Single,Diploma,Civil,Kerala,Kochi,9315653667,Administration,Office Administrator,Travel_Rarely,Work From Office,32.7,12,5,0,11,1996-04-29,139750,10+ LPA,15,1,2,2,2,2,3,5,3.0,No,No,No
HRA240383,Male,Varun Roy,varun.roy@hrhub.co.in,varun.roy,1,Y,80,HRHub Solutions Pvt. Ltd.,Information Technology & Business Services,India,46,46-55,1980-08-01,Married,MBA,Marketing,Tamil Nadu,Madurai,9657758335,Finance,Accountant,Travel_Frequently,Work From Office,24.5,12,4,0,6,2004-07-09,144600,10+ LPA,9,1,4,1,3,3,1,1,4.0,No,No,No
HRA240384,Female,Megha Agarwal,megha.agarwal@hrhub.co.in,megha.agarwal,1,Y,80,HRHub Solutions Pvt. Ltd.,Information Technology & Business Services,India,24,18-25,2002-07-27,Single,Diploma,Computer,Maharashtra,Mumbai,9491410526,Marketing,Content Strategist,Travel_Rarely,Hybrid,1.2,1,0,0,0,2027-10-21,33550,3-6 LPA,10,3,4,3,3,3,2,3,1.2,No,No,No
HRA240385,Female,Riya Sen,riya.sen@hrhub.co.in,riya.sen,1,Y,80,HRHub Solutions Pvt. Ltd.,Information Technology & Business Services,India,37,36-45,1989-07-30,Single,PhD,Computer Science,Telangana,Warangal,9301333279,Sales,Business Development Executive,Travel_Frequently,Remote,8.8,2,0,1,0,2020-03-17,63850,6-10 LPA,18,3,2,4,1,3,3,4,1.0,No,No,No
HRA240386,Female,Neha Mishra,neha.mishra@hrhub.co.in,neha.mishra,1,Y,80,HRHub Solutions Pvt. Ltd.,Information Technology & Business Services,India,25,18-25,2001-07-27,Divorced,PhD,Computer Science,Delhi,New Delhi,9952606822,Marketing,Digital Marketing Specialist,Travel_Rarely,Hybrid,0.3,0,0,0,0,2028-09-14,25150,3-6 LPA,24,1,3,2,2,3,4,4,0.3,Yes,No,No
HRA240387,Male,Nikhil Reddy,nikhil.reddy@hrhub.co.in,nikhil.reddy,1,Y,80,HRHub Solutions Pvt. Ltd.,Information Technology & Business Services,India,18,18-25,2008-07-25,Single,PhD,Computer Science,Tamil Nadu,Madurai,9711202730,Sales,Business Development Executive,Travel_Rarely,Work From Office,0.0,0,0,0,0,2029-01-01,35850,3-6 LPA,9,0,3,2,2,1,2,1,0.0,No,Yes,No
HRA240388,Female,Anjali Chatterjee,anjali.chatterjee@hrhub.co.in,anjali.chatterjee,1,Y,80,HRHub Solutions Pvt. Ltd.,Information Technology & Business Services,India,25,18-25,2001-07-27,Divorced,PhD,Finance,Kerala,Thiruvananthapuram,9738792787,IT,Network Engineer,Non-Travel,Hybrid,1.0,0,0,0,0,2028-01-02,39000,3-6 LPA,18,2,2,3,3,4,3,3,1.0,No,No,No
HRA240389,Male,Mohit Patel,mohit.patel@hrhub.co.in,mohit.patel,1,Y,80,HRHub Solutions Pvt. Ltd.,Information Technology & Business Services,India,22,18-25,2004-07-26,Single,PhD,Finance,Tamil Nadu,Madurai,9919872029,Marketing,Marketing Executive,Travel_Rarely,Work From Office,0.0,0,0,0,0,2029-01-01,26450,3-6 LPA,23,0,3,1,4,4,2,1,0.0,No,No,No
HRA240390,Female,Sneha Khan,sneha.khan@hrhub.co.in,sneha.khan,1,Y,80,HRHub Solutions Pvt. Ltd.,Information Technology & Business Services,India,21,18-25,2005-07-26,Married,Bachelor,Information Technology,West Bengal,Howrah,9192980284,Operations,Operations Manager,Travel_Frequently,Work From Office,0.0,0,0,0,0,2029-01-01,73650,6-10 LPA,6,2,4,1,4,2,2,1,0.0,Yes,No,No
HRA240391,Female,Riya Shah,riya.shah@hrhub.co.in,riya.shah,1,Y,80,HRHub Solutions Pvt. Ltd.,Information Technology & Business Services,India,60,55+,1966-08-05,Single,High School,General Education,Uttar Pradesh,Noida,9226594152,Human Resources,Talent Acquisition Specialist,Travel_Rarely,Work From Office,31.3,14,5,7,8,1997-09-22,129050,10+ LPA,8,3,3,3,4,4,3,6,7.0,Yes,Yes,No
HRA240392,Male,Amit Singh,amit.singh@hrhub.co.in,amit.singh,1,Y,80,HRHub Solutions Pvt. Ltd.,Information Technology & Business Services,India,21,18-25,2005-07-26,Married,MBA,Finance,Gujarat,Vadodara,9511858110,Administration,Administrative Executive,Travel_Rarely,Work From Office,0.0,0,0,0,0,2029-01-01,26350,3-6 LPA,10,0,2,3,1,1,2,5,0.0,No,Yes,Yes
HRA240393,Female,Nikita Mehta,nikita.mehta@hrhub.co.in,nikita.mehta,1,Y,80,HRHub Solutions Pvt. Ltd.,Information Technology & Business Services,India,21,18-25,2005-07-26,Single,High School,General Education,Rajasthan,Jodhpur,9278884787,Administration,Facility Coordinator,Travel_Rarely,Work From Office,0.0,0,0,0,0,2029-01-01,30250,3-6 LPA,6,2,4,1,3,4,2,0,0.0,No,Yes,No
HRA240394,Male,Ayush Chatterjee,ayush.chatterjee@hrhub.co.in,ayush.chatterjee,1,Y,80,HRHub Solutions Pvt. Ltd.,Information Technology & Business Services,India,23,18-25,2003-07-27,Married,MBA,Marketing,Tamil Nadu,Madurai,9143044469,IT,System Administrator,Travel_Rarely,Work From Office,0.8,0,0,0,0,2028-03-15,40100,3-6 LPA,18,1,3,3,1,1,3,0,0.8,No,No,No
HRA240395,Male,Ayush Agarwal,ayush.agarwal@hrhub.co.in,ayush.agarwal,1,Y,80,HRHub Solutions Pvt. Ltd.,Information Technology & Business Services,India,46,46-55,1980-08-01,Married,Master,Computer Science,Uttar Pradesh,Lucknow,9616684648,Operations,Operations Executive,Travel_Frequently,Remote,23.3,16,15,2,16,2005-09-20,146550,10+ LPA,7,0,3,4,2,2,3,2,4.0,Yes,No,No
HRA240396,Female,Riya Singh,riya.singh@hrhub.co.in,riya.singh,1,Y,80,HRHub Solutions Pvt. Ltd.,Information Technology & Business Services,India,47,46-55,1979-08-02,Single,Diploma,Computer,Delhi,New Delhi,9209160494,Administration,Administrative Executive,Travel_Frequently,Work From Office,5.0,4,0,0,3,2024-01-03,51850,6-10 LPA,17,3,4,4,2,4,2,0,5.0,No,No,No
HRA240397,Female,Ritika Joshi,ritika.joshi@hrhub.co.in,ritika.joshi,1,Y,80,HRHub Solutions Pvt. Ltd.,Information Technology & Business Services,India,59,55+,1967-08-05,Single,Bachelor,Finance,Maharashtra,Pune,9712656564,Administration,Facility Coordinator,Travel_Rarely,Work From Office,15.9,3,2,1,0,2013-02-11,125450,10+ LPA,8,1,1,4,1,1,1,5,5.0,No,No,No
HRA240398,Female,Sneha Mishra,sneha.mishra@hrhub.co.in,sneha.mishra,1,Y,80,HRHub Solutions Pvt. Ltd.,Information Technology & Business Services,India,49,46-55,1977-08-02,Married,Diploma,Computer,West Bengal,Howrah,9525761503,Finance,Financial Analyst,Non-Travel,Work From Office,17.6,8,8,0,8,2011-06-01,152900,10+ LPA,21,3,3,2,1,3,2,2,2.0,Yes,No,No
HRA240399,Female,Shreya Kumar,shreya.kumar@hrhub.co.in,shreya.kumar,1,Y,80,HRHub Solutions Pvt. Ltd.,Information Technology & Business Services,India,31,26-35,1995-07-29,Single,High School,General Education,Karnataka,Hubballi,9339893090,Human Resources,HR Executive,Travel_Rarely,Work From Office,8.1,6,2,2,6,2020-11-28,78850,6-10 LPA,23,0,2,3,1,3,4,2,0.0,Yes,No,No
HRA240400,Male,Sumit Sharma,sumit.sharma@hrhub.co.in,sumit.sharma,1,Y,80,HRHub Solutions Pvt. Ltd.,Information Technology & Business Services,India,56,55+,1970-08-04,Single,Bachelor,Marketing,Maharashtra,Mumbai,9799046369,Sales,Sales Executive,Travel_Frequently,Hybrid,31.9,12,12,4,6,1997-02-15,182900,10+ LPA,21,1,3,4,4,1,4,5,3.0,No,No,No
HRA240401,Male,Pranav Shah,pranav.shah@hrhub.co.in,pranav.shah,1,Y,80,HRHub Solutions Pvt. Ltd.,Information Technology & Business Services,India,47,46-55,1979-08-02,Single,MBA,Operations,Kerala,Kozhikode,9426915489,IT,Software Engineer,Travel_Frequently,Work From Office,17.9,8,5,1,7,2011-02-12,182050,10+ LPA,6,2,1,4,3,3,1,2,6.0,Yes,No,No
HRA240402,Male,Rohan Sharma,rohan.sharma@hrhub.co.in,rohan.sharma,1,Y,80,HRHub Solutions Pvt. Ltd.,Information Technology & Business Services,India,52,46-55,1974-08-03,Married,Master,Marketing,Rajasthan,Jodhpur,9501391938,IT,Software Engineer,Travel_Rarely,Work From Office,22.2,9,2,0,1,2006-10-26,145300,10+ LPA,24,2,3,2,1,3,1,2,6.0,Yes,No,No
HRA240403,Male,Manish Verma,manish.verma@hrhub.co.in,manish.verma,1,Y,80,HRHub Solutions Pvt. Ltd.,Information Technology & Business Services,India,46,46-55,1980-08-01,Married,Diploma,Electrical,Telangana,Hyderabad,9733089034,Human Resources,HR Business Partner,Travel_Rarely,Hybrid,7.1,3,1,0,0,2021-11-28,83100,6-10 LPA,24,2,3,4,4,1,4,3,7.1,No,No,No
HRA240404,Male,Sahil Roy,sahil.roy@hrhub.co.in,sahil.roy,1,Y,80,HRHub Solutions Pvt. Ltd.,Information Technology & Business Services,India,22,18-25,2004-07-26,Married,PhD,Finance,Kerala,Kozhikode,9846761709,Marketing,Digital Marketing Specialist,Travel_Rarely,Hybrid,0.2,0,0,0,0,2028-10-20,32150,3-6 LPA,9,0,2,1,2,1,3,3,0.2,No,No,Yes
HRA240405,Male,Vivek Joshi,vivek.joshi@hrhub.co.in,vivek.joshi,1,Y,80,HRHub Solutions Pvt. Ltd.,Information Technology & Business Services,India,37,36-45,1989-07-30,Single,Bachelor,Finance,Telangana,Hyderabad,9057275622,Administration,Office Administrator,Travel_Rarely,Work From Office,9.1,8,3,4,0,2019-11-29,60500,6-10 LPA,11,3,1,2,4,4,1,5,7.0,No,No,No
HRA240406,Female,Ritika Roy,ritika.roy@hrhub.co.in,ritika.roy,1,Y,80,HRHub Solutions Pvt. Ltd.,Information Technology & Business Services,India,30,26-35,1996-07-28,Married,Diploma,Electrical,Uttar Pradesh,Noida,9567794668,Human Resources,HR Executive,Non-Travel,Work From Office,8.7,4,4,1,1,2020-04-23,67400,6-10 LPA,22,0,4,4,3,4,3,3,5.0,No,No,No
HRA240407,Female,Nikita Verma,nikita.verma@hrhub.co.in,nikita.verma,1,Y,80,HRHub Solutions Pvt. Ltd.,Information Technology & Business Services,India,37,36-45,1989-07-30,Single,PhD,Finance,West Bengal,Howrah,9279346829,Operations,Supply Chain Coordinator,Non-Travel,Work From Office,5.5,1,1,0,1,2023-07-05,56250,6-10 LPA,22,3,3,4,2,3,1,2,4.0,No,No,No
HRA240408,Female,Priya Mishra,priya.mishra@hrhub.co.in,priya.mishra,1,Y,80,HRHub Solutions Pvt. Ltd.,Information Technology & Business Services,India,30,26-35,1996-07-28,Married,PhD,Finance,Karnataka,Bengaluru,9318872779,IT,Software Engineer,Non-Travel,Hybrid,4.5,4,3,1,2,2024-07-04,42900,3-6 LPA,15,0,3,3,4,3,4,1,2.0,No,No,No
HRA240409,Female,Megha Bose,megha.bose@hrhub.co.in,megha.bose,1,Y,80,HRHub Solutions Pvt. Ltd.,Information Technology & Business Services,India,52,46-55,1974-08-03,Married,Bachelor,Business Administration,Karnataka,Mysuru,9312141382,Operations,Supply Chain Coordinator,Travel_Rarely,Hybrid,19.3,17,13,8,13,2009-09-19,143500,10+ LPA,25,2,3,4,1,1,4,0,5.0,No,No,No
HRA240410,Male,Varun Khan,varun.khan@hrhub.co.in,varun.khan,1,Y,80,HRHub Solutions Pvt. Ltd.,Information Technology & Business Services,India,41,36-45,1985-07-31,Married,Diploma,Electrical,Telangana,Warangal,9124655295,Operations,Operations Manager,Travel_Rarely,Remote,19.4,6,2,0,3,2009-08-14,194100,10+ LPA,5,1,2,4,1,1,2,5,1.0,No,Yes,Yes
HRA240411,Female,Sonali Patel,sonali.patel@hrhub.co.in,sonali.patel,1,Y,80,HRHub Solutions Pvt. Ltd.,Information Technology & Business Services,India,21,18-25,2005-07-26,Single,MBA,Human Resources,Uttar Pradesh,Kanpur,9555773432,Marketing,Marketing Executive,Travel_Rarely,Work From Office,0.0,0,0,0,0,2029-01-01,32650,3-6 LPA,24,1,3,1,3,4,4,1,0.0,No,No,No
HRA240412,Female,Megha Mishra,megha.mishra@hrhub.co.in,megha.mishra,1,Y,80,HRHub Solutions Pvt. Ltd.,Information Technology & Business Services,India,27,26-35,1999-07-28,Married,PhD,Computer Science,Uttar Pradesh,Lucknow,9244698459,Marketing,Content Strategist,Travel_Frequently,Work From Office,2.3,0,0,0,0,2026-09-15,40200,3-6 LPA,9,3,3,3,4,2,3,2,2.3,No,No,No
HRA240413,Male,Vikas Patel,vikas.patel@hrhub.co.in,vikas.patel,1,Y,80,HRHub Solutions Pvt. Ltd.,Information Technology & Business Services,India,35,26-35,1991-07-30,Married,PhD,Computer Science,Kerala,Kochi,9749390981,Operations,Operations Executive,Travel_Rarely,Work From Office,13.4,1,1,0,0,2015-08-12,118200,10+ LPA,7,1,3,3,1,3,3,6,1.0,No,No,No
HRA240414,Male,Rahul Agarwal,rahul.agarwal@hrhub.co.in,rahul.agarwal,1,Y,80,HRHub Solutions Pvt. Ltd.,Information Technology & Business Services,India,18,18-25,2008-07-25,Married,Master,Marketing,Uttar Pradesh,Noida,9190032260,IT,Data Analyst,Travel_Rarely,Hybrid,0.0,0,0,0,0,2029-01-01,34850,3-6 LPA,22,2,3,2,1,1,2,1,0.0,No,No,No
HRA240415,Female,Kavya Jain,kavya.jain@hrhub.co.in,kavya.jain,1,Y,80,HRHub Solutions Pvt. Ltd.,Information Technology & Business Services,India,46,46-55,1980-08-01,Married,Master,Finance,Maharashtra,Nagpur,9585821964,Sales,Sales Manager,Travel_Frequently,Work From Office,13.6,2,1,0,0,2015-05-31,149300,10+ LPA,7,1,3,3,2,2,2,0,7.0,No,Yes,Yes
HRA240416,Female,Priya Agarwal,priya.agarwal@hrhub.co.in,priya.agarwal,1,Y,80,HRHub Solutions Pvt. Ltd.,Information Technology & Business Services,India,60,55+,1966-08-05,Single,High School,General Education,Uttar Pradesh,Kanpur,9244547597,Administration,Office Administrator,Travel_Rarely,Work From Office,31.5,26,25,8,26,1997-07-11,151900,10+ LPA,11,0,3,2,3,2,4,6,4.0,No,No,No
HRA240417,Male,Sahil Joshi,sahil.joshi@hrhub.co.in,sahil.joshi,1,Y,80,HRHub Solutions Pvt. Ltd.,Information Technology & Business Services,India,45,36-45,1981-08-01,Married,Bachelor,Marketing,Delhi,New Delhi,9090358587,Finance,Financial Analyst,Travel_Rarely,Work From Office,19.3,11,0,1,7,2009-09-19,167100,10+ LPA,24,1,3,2,1,1,2,1,8.0,No,No,No
HRA240418,Male,Rahul Jain,rahul.jain@hrhub.co.in,rahul.jain,1,Y,80,HRHub Solutions Pvt. Ltd.,Information Technology & Business Services,India,45,36-45,1981-08-01,Divorced,PhD,Finance,Tamil Nadu,Madurai,9706959901,Marketing,Digital Marketing Specialist,Travel_Frequently,Hybrid,5.3,5,5,0,2,2023-09-16,67750,6-10 LPA,11,2,3,2,1,1,1,4,5.3,Yes,Yes,Yes
HRA240419,Male,Arjun Das,arjun.das@hrhub.co.in,arjun.das,1,Y,80,HRHub Solutions Pvt. Ltd.,Information Technology & Business Services,India,21,18-25,2005-07-26,Single,Diploma,Electrical,Maharashtra,Nagpur,9939560898,Administration,Administrative Executive,Travel_Rarely,Work From Office,0.0,0,0,0,0,2029-01-01,26800,3-6 LPA,10,2,4,3,1,1,4,1,0.0,Yes,No,No
HRA240420,Female,Ritika Patel,ritika.patel@hrhub.co.in,ritika.patel,1,Y,80,HRHub Solutions Pvt. Ltd.,Information Technology & Business Services,India,58,55+,1968-08-04,Married,Bachelor,Finance,Telangana,Hyderabad,9273160350,Finance,Finance Executive,Travel_Rarely,Hybrid,0.6,0,0,0,0,2028-05-27,40000,3-6 LPA,16,1,4,3,1,4,3,6,0.6,No,No,No
HRA240421,Female,Nikita Mukherjee,nikita.mukherjee@hrhub.co.in,nikita.mukherjee,1,Y,80,HRHub Solutions Pvt. Ltd.,Information Technology & Business Services,India,43,36-45,1983-08-01,Married,PhD,Finance,Tamil Nadu,Coimbatore,9914284000,Sales,Sales Executive,Non-Travel,Work From Office,16.7,14,4,3,7,2012-04-25,158700,10+ LPA,20,0,1,4,2,2,2,1,2.0,No,No,No
HRA240422,Male,Deepak Nair,deepak.nair@hrhub.co.in,deepak.nair,1,Y,80,HRHub Solutions Pvt. Ltd.,Information Technology & Business Services,India,45,36-45,1981-08-01,Married,Diploma,Electrical,Delhi,New Delhi,9450154177,IT,System Administrator,Travel_Rarely,Remote,24.0,13,1,0,11,2005-01-07,168500,10+ LPA,6,0,4,1,1,4,2,5,4.0,No,No,No
HRA240423,Male,Harsh Patel,harsh.patel@hrhub.co.in,harsh.patel,1,Y,80,HRHub Solutions Pvt. Ltd.,Information Technology & Business Services,India,60,55+,1966-08-05,Married,Bachelor,Computer Science,West Bengal,Howrah,9963155580,Operations,Operations Executive,Travel_Rarely,Work From Office,30.1,14,5,1,11,1998-12-04,136800,10+ LPA,21,1,3,2,2,4,1,5,8.0,No,Yes,No
HRA240424,Female,Aditi Chatterjee,aditi.chatterjee@hrhub.co.in,aditi.chatterjee,1,Y,80,HRHub Solutions Pvt. Ltd.,Information Technology & Business Services,India,60,55+,1966-08-05,Single,MBA,Finance,Delhi,New Delhi,9418429326,Operations,Operations Manager,Non-Travel,Work From Office,2.6,1,0,0,1,2026-05-28,67350,6-10 LPA,18,2,2,1,3,3,4,0,2.0,No,Yes,No
HRA240425,Male,Mohit Ghosh,mohit.ghosh@hrhub.co.in,mohit.ghosh,1,Y,80,HRHub Solutions Pvt. Ltd.,Information Technology & Business Services,India,59,55+,1967-08-05,Married,Master,Human Resources,Telangana,Hyderabad,9604186960,Marketing,Digital Marketing Specialist,Travel_Rarely,Hybrid,3.8,1,0,0,0,2025-03-16,53300,6-10 LPA,21,3,3,3,2,1,4,2,3.0,No,No,No
HRA240426,Female,Sneha Das,sneha.das@hrhub.co.in,sneha.das,1,Y,80,HRHub Solutions Pvt. Ltd.,Information Technology & Business Services,India,50,46-55,1976-08-02,Married,Master,Business Administration,Karnataka,Hubballi,9617568634,Human Resources,Talent Acquisition Specialist,Travel_Rarely,Work From Office,11.1,4,1,0,0,2017-11-29,111600,10+ LPA,23,1,3,3,2,1,1,1,5.0,No,No,No
HRA240427,Female,Neha Mehta,neha.mehta@hrhub.co.in,neha.mehta,1,Y,80,HRHub Solutions Pvt. Ltd.,Information Technology & Business Services,India,58,55+,1968-08-04,Divorced,Diploma,Civil,Tamil Nadu,Madurai,9108853488,Finance,Accountant,Non-Travel,Hybrid,33.4,28,23,2,14,1995-08-17,187050,10+ LPA,19,1,3,4,2,2,1,4,1.0,No,No,No
HRA240428,Female,Priya Sen,priya.sen@hrhub.co.in,priya.sen,1,Y,80,HRHub Solutions Pvt. Ltd.,Information Technology & Business Services,India,24,18-25,2002-07-27,Single,Diploma,Civil,Maharashtra,Mumbai,9073617457,Sales,Sales Manager,Travel_Rarely,Work From Office,0.2,0,0,0,0,2028-10-20,58100,6-10 LPA,7,1,3,2,1,3,1,2,0.0,Yes,No,No
HRA240429,Male,Amit Kumar,amit.kumar@hrhub.co.in,amit.kumar,1,Y,80,HRHub Solutions Pvt. Ltd.,Information Technology & Business Services,India,60,55+,1966-08-05,Married,PhD,Computer Science,Kerala,Kochi,9772443764,Human Resources,HR Business Partner,Travel_Rarely,Hybrid,28.9,9,6,4,9,2000-02-15,179700,10+ LPA,16,1,3,4,3,4,3,3,0.0,No,No,No
HRA240430,Female,Ritika Mukherjee,ritika.mukherjee@hrhub.co.in,ritika.mukherjee,1,Y,80,HRHub Solutions Pvt. Ltd.,Information Technology & Business Services,India,25,18-25,2001-07-27,Married,PhD,Finance,Kerala,Kochi,9833826561,Marketing,Digital Marketing Specialist,Travel_Rarely,Hybrid,2.3,2,0,0,1,2026-09-15,51600,6-10 LPA,24,0,3,2,4,4,1,5,2.3,No,No,No
HRA240431,Female,Priya Sinha,priya.sinha@hrhub.co.in,priya.sinha,1,Y,80,HRHub Solutions Pvt. Ltd.,Information Technology & Business Services,India,36,36-45,1990-07-30,Married,PhD,Management,Gujarat,Vadodara,9775977673,Operations,Supply Chain Coordinator,Travel_Frequently,Work From Office,0.2,0,0,0,0,2028-10-20,29700,3-6 LPA,11,1,3,2,2,2,3,3,0.2,No,No,No
HRA240432,Female,Riya Rao,riya.rao@hrhub.co.in,riya.rao,1,Y,80,HRHub Solutions Pvt. Ltd.,Information Technology & Business Services,India,50,46-55,1976-08-02,Single,Bachelor,Finance,Maharashtra,Pune,9385460521,IT,Data Analyst,Travel_Rarely,Work From Office,0.1,0,0,0,0,2028-11-26,28250,3-6 LPA,23,2,3,4,4,2,1,4,0.1,No,No,No
HRA240433,Female,Sonali Sharma,sonali.sharma@hrhub.co.in,sonali.sharma,1,Y,80,HRHub Solutions Pvt. Ltd.,Information Technology & Business Services,India,55,46-55,1971-08-04,Married,PhD,Finance,Kerala,Kozhikode,9062315434,Human Resources,Talent Acquisition Specialist,Travel_Rarely,Hybrid,10.5,7,0,2,6,2018-07-06,113500,10+ LPA,8,3,3,2,3,3,4,1,4.0,No,No,No
HRA240434,Male,Sandeep Joshi,sandeep.joshi@hrhub.co.in,sandeep.joshi,1,Y,80,HRHub Solutions Pvt. Ltd.,Information Technology & Business Services,India,24,18-25,2002-07-27,Single,Diploma,Computer,Uttar Pradesh,Lucknow,9408962870,Administration,Facility Coordinator,Travel_Rarely,Hybrid,1.1,1,1,0,0,2027-11-27,19050,0-3 LPA,24,0,3,1,4,1,1,2,1.1,No,No,No
HRA240435,Male,Rahul Sinha,rahul.sinha@hrhub.co.in,rahul.sinha,1,Y,80,HRHub Solutions Pvt. Ltd.,Information Technology & Business Services,India,23,18-25,2003-07-27,Married,MBA,Finance,West Bengal,Kolkata,9131896050,Finance,Financial Analyst,Travel_Rarely,Hybrid,1.3,1,0,0,0,2027-09-15,36700,3-6 LPA,13,0,3,3,3,3,3,0,1.3,No,No,No
HRA240436,Female,Neha Reddy,neha.reddy@hrhub.co.in,neha.reddy,1,Y,80,HRHub Solutions Pvt. Ltd.,Information Technology & Business Services,India,22,18-25,2004-07-26,Single,Bachelor,Human Resources,Kerala,Kochi,9566303633,Marketing,Digital Marketing Specialist,Travel_Frequently,Work From Office,0.3,0,0,0,0,2028-09-14,27100,3-6 LPA,10,2,4,1,1,1,4,2,0.3,No,No,No
HRA240437,Female,Sonali Mishra,sonali.mishra@hrhub.co.in,sonali.mishra,1,Y,80,HRHub Solutions Pvt. Ltd.,Information Technology & Business Services,India,58,55+,1968-08-04,Married,Master,Marketing,Rajasthan,Jodhpur,9134145244,Marketing,Digital Marketing Specialist,Travel_Rarely,Work From Office,25.3,10,3,2,0,2003-09-21,160550,10+ LPA,13,1,4,1,3,1,4,1,9.0,Yes,No,No
HRA240438,Female,Neha Chatterjee,neha.chatterjee@hrhub.co.in,neha.chatterjee,1,Y,80,HRHub Solutions Pvt. Ltd.,Information Technology & Business Services,India,31,26-35,1995-07-29,Single,Master,Computer Science,Maharashtra,Mumbai,9499126438,Human Resources,HR Business Partner,Travel_Frequently,Hybrid,5.6,4,1,2,0,2023-05-30,63050,6-10 LPA,24,0,4,2,2,2,2,6,5.6,Yes,No,No
HRA240439,Female,Neha Nair,neha.nair@hrhub.co.in,neha.nair,1,Y,80,HRHub Solutions Pvt. Ltd.,Information Technology & Business Services,India,25,18-25,2001-07-27,Single,PhD,Finance,West Bengal,Durgapur,9491283006,Finance,Accountant,Travel_Frequently,Work From Office,0.8,0,0,0,0,2028-03-15,33850,3-6 LPA,23,0,3,4,1,4,1,3,0.8,No,Yes,Yes
HRA240440,Male,Deepak Jain,deepak.jain@hrhub.co.in,deepak.jain,1,Y,80,HRHub Solutions Pvt. Ltd.,Information Technology & Business Services,India,38,36-45,1988-07-30,Married,Diploma,Electrical,Gujarat,Ahmedabad,9153562872,Operations,Operations Manager,Non-Travel,Hybrid,10.8,4,0,2,2,2018-03-18,146950,10+ LPA,19,3,2,4,2,2,1,4,10.0,Yes,No,No
HRA240441,Male,Mohit Gupta,mohit.gupta@hrhub.co.in,mohit.gupta,1,Y,80,HRHub Solutions Pvt. Ltd.,Information Technology & Business Services,India,42,36-45,1984-07-31,Single,Master,Computer Science,Delhi,New Delhi,9473223224,Finance,Financial Analyst,Travel_Rarely,Remote,11.7,3,3,0,1,2017-04-24,109350,10+ LPA,8,2,3,2,4,3,4,2,9.0,Yes,Yes,No
HRA240442,Male,Pranav Mishra,pranav.mishra@hrhub.co.in,pranav.mishra,1,Y,80,HRHub Solutions Pvt. Ltd.,Information Technology & Business Services,India,37,36-45,1989-07-30,Single,Bachelor,Computer Science,Maharashtra,Pune,9794065253,Finance,Finance Executive,Travel_Rarely,Work From Office,4.8,2,2,0,1,2024-03-16,50250,6-10 LPA,23,2,3,1,4,4,3,6,4.0,No,No,No
HRA240443,Female,Tanvi Mukherjee,tanvi.mukherjee@hrhub.co.in,tanvi.mukherjee,1,Y,80,HRHub Solutions Pvt. Ltd.,Information Technology & Business Services,India,19,18-25,2007-07-26,Married,Master,Finance,Gujarat,Vadodara,9016220437,IT,Software Engineer,Travel_Rarely,Hybrid,0.0,0,0,0,0,2029-01-01,34700,3-6 LPA,18,0,3,2,1,3,4,4,0.0,No,No,No
HRA240444,Male,Raj Ghosh,raj.ghosh@hrhub.co.in,raj.ghosh,1,Y,80,HRHub Solutions Pvt. Ltd.,Information Technology & Business Services,India,19,18-25,2007-07-26,Married,PhD,Finance,Maharashtra,Nagpur,9882209252,Operations,Operations Executive,Travel_Rarely,Hybrid,0.0,0,0,0,0,2029-01-01,32650,3-6 LPA,7,1,1,2,4,2,1,1,0.0,Yes,Yes,No
HRA240445,Male,Arjun Nair,arjun.nair@hrhub.co.in,arjun.nair,1,Y,80,HRHub Solutions Pvt. Ltd.,Information Technology & Business Services,India,56,55+,1970-08-04,Married,Diploma,Civil,Uttar Pradesh,Kanpur,9988359432,IT,Software Engineer,Travel_Rarely,Hybrid,10.5,8,0,3,7,2018-07-06,87300,10+ LPA,12,3,3,1,4,1,3,0,6.0,No,Yes,No
HRA240446,Female,Sneha Ghosh,sneha.ghosh@hrhub.co.in,sneha.ghosh,1,Y,80,HRHub Solutions Pvt. Ltd.,Information Technology & Business Services,India,21,18-25,2005-07-26,Married,High School,General Education,Karnataka,Bengaluru,9286600999,Operations,Operations Manager,Non-Travel,Work From Office,0.0,0,0,0,0,2029-01-01,90300,10+ LPA,6,1,3,4,2,4,2,5,0.0,No,No,No
HRA240447,Male,Ankit Khan,ankit.khan@hrhub.co.in,ankit.khan,1,Y,80,HRHub Solutions Pvt. Ltd.,Information Technology & Business Services,India,56,55+,1970-08-04,Married,MBA,Human Resources,Rajasthan,Jodhpur,9343297867,Administration,Administrative Executive,Travel_Rarely,Remote,23.0,5,5,2,5,2006-01-07,170000,10+ LPA,15,2,4,1,3,4,4,0,0.0,No,Yes,No
HRA240448,Male,Deepak Kumar,deepak.kumar@hrhub.co.in,deepak.kumar,1,Y,80,HRHub Solutions Pvt. Ltd.,Information Technology & Business Services,India,30,26-35,1996-07-28,Single,Diploma,Civil,Kerala,Kochi,9172340515,Human Resources,Talent Acquisition Specialist,Non-Travel,Remote,5.8,3,3,0,0,2023-03-17,75250,6-10 LPA,13,1,3,1,4,1,1,2,4.0,Yes,No,Yes
HRA240449,Female,Sonali Joshi,sonali.joshi@hrhub.co.in,sonali.joshi,1,Y,80,HRHub Solutions Pvt. Ltd.,Information Technology & Business Services,India,56,55+,1970-08-04,Married,High School,General Education,Telangana,Warangal,9951733666,Human Resources,Talent Acquisition Specialist,Travel_Rarely,Work From Office,7.6,7,4,0,0,2021-05-29,74300,6-10 LPA,23,0,4,1,1,4,2,4,2.0,No,No,No
HRA240450,Female,Neha Singh,neha.singh@hrhub.co.in,neha.singh,1,Y,80,HRHub Solutions Pvt. Ltd.,Information Technology & Business Services,India,34,26-35,1992-07-29,Divorced,MBA,Human Resources,Karnataka,Hubballi,9898197855,Administration,Administrative Executive,Travel_Rarely,Work From Office,11.3,6,4,0,5,2017-09-17,94000,10+ LPA,13,2,3,3,2,1,3,4,4.0,Yes,Yes,No
HRA240451,Male,Aarav Mishra,aarav.mishra@hrhub.co.in,aarav.mishra,1,Y,80,HRHub Solutions Pvt. Ltd.,Information Technology & Business Services,India,55,46-55,1971-08-04,Single,MBA,Finance,Kerala,Kozhikode,9333167926,Sales,Sales Manager,Travel_Rarely,Hybrid,28.4,7,0,3,5,2000-08-15,174450,10+ LPA,23,0,3,4,3,1,1,0,6.0,No,Yes,Yes
HRA240452,Female,Neha Chatterjee,neha.chatterjee@hrhub.co.in,neha.chatterjee,1,Y,80,HRHub Solutions Pvt. Ltd.,Information Technology & Business Services,India,19,18-25,2007-07-26,Married,Bachelor,Marketing,West Bengal,Kolkata,9865374945,Operations,Operations Manager,Travel_Frequently,Work From Office,0.0,0,0,0,0,2029-01-01,66850,6-10 LPA,13,3,4,1,2,4,1,0,0.0,No,No,No
HRA240453,Female,Vaishnavi Saha,vaishnavi.saha@hrhub.co.in,vaishnavi.saha,1,Y,80,HRHub Solutions Pvt. Ltd.,Information Technology & Business Services,India,60,55+,1966-08-05,Single,High School,General Education,Kerala,Thiruvananthapuram,9030781762,Finance,Finance Executive,Travel_Rarely,Work From Office,20.7,3,0,0,1,2008-04-26,176950,10+ LPA,19,3,2,3,1,1,4,4,4.0,No,Yes,No
HRA240454,Male,Aditya Joshi,aditya.joshi@hrhub.co.in,aditya.joshi,1,Y,80,HRHub Solutions Pvt. Ltd.,Information Technology & Business Services,India,60,55+,1966-08-05,Married,Bachelor,Marketing,Uttar Pradesh,Noida,9571254458,Human Resources,HR Business Partner,Travel_Rarely,Remote,13.8,9,6,0,4,2015-03-19,122100,10+ LPA,24,0,4,1,3,1,1,2,4.0,No,No,No
HRA240455,Female,Divya Saha,divya.saha@hrhub.co.in,divya.saha,1,Y,80,HRHub Solutions Pvt. Ltd.,Information Technology & Business Services,India,41,36-45,1985-07-31,Single,High School,General Education,Gujarat,Ahmedabad,9897390766,Operations,Operations Manager,Travel_Rarely,Hybrid,16.9,9,2,0,3,2012-02-12,177200,10+ LPA,23,3,1,3,1,1,2,2,5.0,No,No,No
HRA240456,Male,Nikhil Jain,nikhil.jain@hrhub.co.in,nikhil.jain,1,Y,80,HRHub Solutions Pvt. Ltd.,Information Technology & Business Services,India,38,36-45,1988-07-30,Single,MBA,Operations,Rajasthan,Jaipur,9192271662,Finance,Finance Executive,Travel_Frequently,Work From Office,15.4,0,0,0,0,2013-08-12,139800,10+ LPA,15,2,3,2,2,4,1,1,5.0,No,Yes,Yes
HRA240457,Female,Aditi Bose,aditi.bose@hrhub.co.in,aditi.bose,1,Y,80,HRHub Solutions Pvt. Ltd.,Information Technology & Business Services,India,60,55+,1966-08-05,Divorced,MBA,Marketing,Delhi,New Delhi,9200253046,IT,System Administrator,Travel_Rarely,Work From Office,21.2,11,3,1,1,2007-10-26,176100,10+ LPA,15,3,3,2,3,4,2,6,8.0,No,No,No
HRA240458,Female,Shreya Jain,shreya.jain@hrhub.co.in,shreya.jain,1,Y,80,HRHub Solutions Pvt. Ltd.,Information Technology & Business Services,India,33,26-35,1993-07-29,Single,MBA,Marketing,Karnataka,Mysuru,9296458716,IT,Data Analyst,Travel_Frequently,Work From Office,0.6,0,0,0,0,2028-05-27,44450,3-6 LPA,21,0,3,1,2,1,3,2,0.6,No,No,No
HRA240459,Male,Vivek Kumar,vivek.kumar@hrhub.co.in,vivek.kumar,1,Y,80,HRHub Solutions Pvt. Ltd.,Information Technology & Business Services,India,24,18-25,2002-07-27,Single,MBA,Marketing,Delhi,New Delhi,9017919445,Operations,Operations Manager,Non-Travel,Hybrid,2.2,2,2,1,0,2026-10-21,90400,10+ LPA,19,0,2,1,2,1,2,2,2.2,No,No,No
HRA240460,Female,Megha Mehta,megha.mehta@hrhub.co.in,megha.mehta,1,Y,80,HRHub Solutions Pvt. Ltd.,Information Technology & Business Services,India,40,36-45,1986-07-31,Divorced,MBA,Marketing,Delhi,New Delhi,9022422371,IT,Network Engineer,Travel_Rarely,Remote,12.6,3,2,0,3,2016-05-30,96550,10+ LPA,7,0,3,2,4,1,2,5,0.0,No,No,No
HRA240461,Male,Aditya Saha,aditya.saha@hrhub.co.in,aditya.saha,1,Y,80,HRHub Solutions Pvt. Ltd.,Information Technology & Business Services,India,25,18-25,2001-07-27,Married,High School,General Education,Delhi,New Delhi,9010910460,Administration,Administrative Executive,Travel_Rarely,Remote,1.2,1,1,0,1,2027-10-21,29650,3-6 LPA,16,0,1,3,2,4,2,1,1.2,No,No,No
HRA240462,Male,Vikas Roy,vikas.roy@hrhub.co.in,vikas.roy,1,Y,80,HRHub Solutions Pvt. Ltd.,Information Technology & Business Services,India,18,18-25,2008-07-25,Single,Diploma,Electrical,Tamil Nadu,Coimbatore,9888076965,IT,Network Engineer,Travel_Frequently,Work From Office,0.0,0,0,0,0,2029-01-01,33800,3-6 LPA,7,1,4,3,3,2,3,3,0.0,No,No,No
HRA240463,Male,Akash Mehta,akash.mehta@hrhub.co.in,akash.mehta,1,Y,80,HRHub Solutions Pvt. Ltd.,Information Technology & Business Services,India,20,18-25,2006-07-26,Married,Bachelor,Human Resources,Uttar Pradesh,Kanpur,9182223449,Sales,Sales Manager,Travel_Rarely,Hybrid,0.0,0,0,0,0,2029-01-01,94750,10+ LPA,14,2,4,1,3,2,1,5,0.0,No,No,No
HRA240464,Female,Deepika Mehta,deepika.mehta@hrhub.co.in,deepika.mehta,1,Y,80,HRHub Solutions Pvt. Ltd.,Information Technology & Business Services,India,21,18-25,2005-07-26,Married,Diploma,Electrical,Kerala,Kochi,9438276461,Sales,Sales Executive,Travel_Rarely,Work From Office,0.0,0,0,0,0,2029-01-01,36400,3-6 LPA,19,1,4,1,4,4,4,5,0.0,No,No,No
HRA240465,Female,Shreya Agarwal,shreya.agarwal@hrhub.co.in,shreya.agarwal,1,Y,80,HRHub Solutions Pvt. Ltd.,Information Technology & Business Services,India,33,26-35,1993-07-29,Married,MBA,Marketing,Tamil Nadu,Coimbatore,9862075391,Sales,Business Development Executive,Travel_Rarely,Hybrid,7.7,3,1,0,1,2021-04-23,87850,10+ LPA,15,0,3,3,3,3,1,2,0.0,No,Yes,Yes
HRA240466,Male,Gaurav Mishra,gaurav.mishra@hrhub.co.in,gaurav.mishra,1,Y,80,HRHub Solutions Pvt. Ltd.,Information Technology & Business Services,India,26,26-35,2000-07-27,Married,MBA,Human Resources,Telangana,Warangal,9217627243,Sales,Business Development Executive,Non-Travel,Remote,1.5,1,1,0,0,2027-07-04,39550,3-6 LPA,13,3,3,1,1,3,3,3,1.5,No,Yes,No
HRA240467,Female,Aditi Bose,aditi.bose@hrhub.co.in,aditi.bose,1,Y,80,HRHub Solutions Pvt. Ltd.,Information Technology & Business Services,India,26,26-35,2000-07-27,Married,Diploma,Mechanical,Kerala,Kozhikode,9884813120,Human Resources,Talent Acquisition Specialist,Travel_Rarely,Work From Office,2.6,2,0,0,2,2026-05-28,40650,3-6 LPA,10,1,3,2,3,1,4,3,2.6,No,No,Yes
HRA240468,Female,Ritika Gupta,ritika.gupta@hrhub.co.in,ritika.gupta,1,Y,80,HRHub Solutions Pvt. Ltd.,Information Technology & Business Services,India,53,46-55,1973-08-03,Single,Diploma,Computer,Telangana,Warangal,9400097735,Operations,Operations Manager,Travel_Rarely,Work From Office,11.7,9,5,4,0,2017-04-24,123700,10+ LPA,11,2,3,2,1,1,2,2,3.0,No,No,No
HRA240469,Female,Nikita Mishra,nikita.mishra@hrhub.co.in,nikita.mishra,1,Y,80,HRHub Solutions Pvt. Ltd.,Information Technology & Business Services,India,55,46-55,1971-08-04,Single,High School,General Education,Uttar Pradesh,Kanpur,9564403148,Finance,Accountant,Travel_Rarely,Work From Office,8.9,5,5,1,1,2020-02-10,58450,6-10 LPA,16,2,4,2,1,4,3,6,5.0,No,Yes,No
HRA240470,Female,Neha Agarwal,neha.agarwal@hrhub.co.in,neha.agarwal,1,Y,80,HRHub Solutions Pvt. Ltd.,Information Technology & Business Services,India,40,36-45,1986-07-31,Divorced,Diploma,Computer,Maharashtra,Pune,9228849939,Finance,Finance Executive,Non-Travel,Work From Office,10.6,6,3,0,0,2018-05-30,90300,10+ LPA,25,2,4,2,3,3,3,5,3.0,Yes,Yes,No
HRA240471,Female,Anusha Joshi,anusha.joshi@hrhub.co.in,anusha.joshi,1,Y,80,HRHub Solutions Pvt. Ltd.,Information Technology & Business Services,India,24,18-25,2002-07-27,Married,Diploma,Computer,Maharashtra,Pune,9274200502,Operations,Supply Chain Coordinator,Travel_Rarely,Hybrid,2.7,1,0,0,1,2026-04-22,51500,6-10 LPA,6,2,3,1,3,1,3,6,2.7,Yes,No,No
HRA240472,Female,Ritika Kapoor,ritika.kapoor@hrhub.co.in,ritika.kapoor,1,Y,80,HRHub Solutions Pvt. Ltd.,Information Technology & Business Services,India,58,55+,1968-08-04,Single,High School,General Education,Uttar Pradesh,Lucknow,9408877951,Human Resources,Talent Acquisition Specialist,Non-Travel,Work From Office,30.7,4,4,0,1,1998-04-29,153500,10+ LPA,23,0,3,4,3,1,3,5,7.0,No,No,No
HRA240473,Female,Riya Singh,riya.singh@hrhub.co.in,riya.singh,1,Y,80,HRHub Solutions Pvt. Ltd.,Information Technology & Business Services,India,59,55+,1967-08-05,Married,Bachelor,Computer Science,Gujarat,Vadodara,9928427677,Human Resources,HR Executive,Travel_Rarely,Work From Office,16.9,13,11,3,12,2012-02-12,152150,10+ LPA,15,3,3,4,1,4,3,1,6.0,Yes,No,No
HRA240474,Female,Ritika Kumar,ritika.kumar@hrhub.co.in,ritika.kumar,1,Y,80,HRHub Solutions Pvt. Ltd.,Information Technology & Business Services,India,55,46-55,1971-08-04,Married,Diploma,Civil,Karnataka,Mysuru,9168747825,IT,Data Analyst,Travel_Rarely,Hybrid,5.9,0,0,0,0,2023-02-09,58600,6-10 LPA,22,1,3,3,1,3,1,0,1.0,Yes,Yes,No
HRA240475,Female,Khushi Mukherjee,khushi.mukherjee@hrhub.co.in,khushi.mukherjee,1,Y,80,HRHub Solutions Pvt. Ltd.,Information Technology & Business Services,India,34,26-35,1992-07-29,Married,High School,General Education,Uttar Pradesh,Kanpur,9619423802,Operations,Operations Executive,Travel_Rarely,Work From Office,9.0,2,1,1,2,2020-01-04,56450,6-10 LPA,5,3,1,2,4,3,4,2,3.0,No,No,No
HRA240476,Male,Sumit Kapoor,sumit.kapoor@hrhub.co.in,sumit.kapoor,1,Y,80,HRHub Solutions Pvt. Ltd.,Information Technology & Business Services,India,47,46-55,1979-08-02,Single,Diploma,Computer,Kerala,Kochi,9546669207,Sales,Business Development Executive,Travel_Rarely,Work From Office,3.4,1,0,0,0,2025-08-09,55050,6-10 LPA,12,1,4,3,3,3,2,4,3.4,No,No,Yes
HRA240477,Male,Sahil Saha,sahil.saha@hrhub.co.in,sahil.saha,1,Y,80,HRHub Solutions Pvt. Ltd.,Information Technology & Business Services,India,19,18-25,2007-07-26,Married,MBA,Human Resources,Telangana,Hyderabad,9284402783,IT,Data Analyst,Travel_Frequently,Work From Office,0.0,0,0,0,0,2029-01-01,43750,3-6 LPA,24,0,3,4,3,1,3,1,0.0,No,Yes,No
HRA240478,Male,Vivek Mishra,vivek.mishra@hrhub.co.in,vivek.mishra,1,Y,80,HRHub Solutions Pvt. Ltd.,Information Technology & Business Services,India,19,18-25,2007-07-26,Married,Diploma,Electrical,Rajasthan,Jaipur,9000297806,Operations,Operations Manager,Travel_Frequently,Work From Office,0.0,0,0,0,0,2029-01-01,59900,6-10 LPA,9,1,4,1,2,1,4,4,0.0,No,No,No
HRA240479,Male,Vivek Ghosh,vivek.ghosh@hrhub.co.in,vivek.ghosh,1,Y,80,HRHub Solutions Pvt. Ltd.,Information Technology & Business Services,India,27,26-35,1999-07-28,Single,Master,Finance,Delhi,New Delhi,9424160838,Marketing,Content Strategist,Travel_Frequently,Work From Office,3.3,2,2,0,2,2025-09-15,42150,3-6 LPA,11,1,2,3,4,4,1,4,3.3,No,Yes,No
HRA240480,Male,Vivek Patel,vivek.patel@hrhub.co.in,vivek.patel,1,Y,80,HRHub Solutions Pvt. Ltd.,Information Technology & Business Services,India,43,36-45,1983-08-01,Single,High School,General Education,Delhi,New Delhi,9521455447,Finance,Accountant,Travel_Rarely,Hybrid,19.2,16,15,4,8,2009-10-25,137250,10+ LPA,15,3,3,2,4,3,3,5,0.0,No,No,No
HRA240481,Female,Ishita Das,ishita.das@hrhub.co.in,ishita.das,1,Y,80,HRHub Solutions Pvt. Ltd.,Information Technology & Business Services,India,21,18-25,2005-07-26,Married,High School,General Education,Maharashtra,Nagpur,9830773667,Sales,Sales Manager,Non-Travel,Work From Office,0.0,0,0,0,0,2029-01-01,74100,6-10 LPA,12,2,4,2,4,1,2,1,0.0,No,No,No
HRA240482,Female,Tanvi Banerjee,tanvi.banerjee@hrhub.co.in,tanvi.banerjee,1,Y,80,HRHub Solutions Pvt. Ltd.,Information Technology & Business Services,India,38,36-45,1988-07-30,Married,PhD,Management,Uttar Pradesh,Noida,9192781207,Marketing,Content Strategist,Travel_Rarely,Work From Office,0.6,0,0,0,0,2028-05-27,32850,3-6 LPA,19,2,3,4,2,4,2,0,0.6,No,No,No
HRA240483,Male,Akash Chatterjee,akash.chatterjee@hrhub.co.in,akash.chatterjee,1,Y,80,HRHub Solutions Pvt. Ltd.,Information Technology & Business Services,India,46,46-55,1980-08-01,Single,Bachelor,Commerce,Telangana,Warangal,9747351067,Operations,Operations Manager,Non-Travel,Work From Office,15.1,1,1,0,1,2013-11-30,205050,10+ LPA,21,0,3,2,3,2,2,5,10.0,No,No,Yes
HRA240484,Male,Deepak Kapoor,deepak.kapoor@hrhub.co.in,deepak.kapoor,1,Y,80,HRHub Solutions Pvt. Ltd.,Information Technology & Business Services,India,25,18-25,2001-07-27,Married,Master,Computer Science,Gujarat,Vadodara,9503930380,Finance,Financial Analyst,Travel_Rarely,Work From Office,3.7,3,1,0,1,2025-04-22,55600,6-10 LPA,5,2,3,1,4,3,4,1,2.0,No,No,Yes
HRA240485,Female,Ritika Banerjee,ritika.banerjee@hrhub.co.in,ritika.banerjee,1,Y,80,HRHub Solutions Pvt. Ltd.,Information Technology & Business Services,India,57,55+,1969-08-04,Married,MBA,Marketing,Kerala,Kozhikode,9639106204,IT,Network Engineer,Travel_Rarely,Remote,32.7,14,8,1,13,1996-04-29,159900,10+ LPA,7,2,3,4,1,4,4,5,9.0,No,No,No
HRA240486,Female,Kavya Verma,kavya.verma@hrhub.co.in,kavya.verma,1,Y,80,HRHub Solutions Pvt. Ltd.,Information Technology & Business Services,India,35,26-35,1991-07-30,Married,High School,General Education,Karnataka,Bengaluru,9154272557,Finance,Accountant,Travel_Frequently,Remote,10.5,8,7,1,5,2018-07-06,120450,10+ LPA,10,1,1,2,4,2,4,5,5.0,Yes,No,No
HRA240487,Male,Rahul Singh,rahul.singh@hrhub.co.in,rahul.singh,1,Y,80,HRHub Solutions Pvt. Ltd.,Information Technology & Business Services,India,60,55+,1966-08-05,Single,High School,General Education,Tamil Nadu,Chennai,9416638267,IT,System Administrator,Travel_Frequently,Work From Office,18.1,14,1,4,6,2010-12-01,132500,10+ LPA,11,2,4,3,4,3,1,4,6.0,No,Yes,No
HRA240488,Female,Swati Roy,swati.roy@hrhub.co.in,swati.roy,1,Y,80,HRHub Solutions Pvt. Ltd.,Information Technology & Business Services,India,50,46-55,1976-08-02,Married,Master,Human Resources,Telangana,Hyderabad,9929177360,Human Resources,HR Executive,Travel_Frequently,Work From Office,26.5,17,2,1,0,2002-07-10,122650,10+ LPA,20,3,3,1,2,4,2,3,10.0,No,No,No
HRA240489,Male,Ayush Ghosh,ayush.ghosh@hrhub.co.in,ayush.ghosh,1,Y,80,HRHub Solutions Pvt. Ltd.,Information Technology & Business Services,India,29,26-35,1997-07-28,Single,PhD,Finance,Karnataka,Hubballi,9339227445,Human Resources,Talent Acquisition Specialist,Travel_Frequently,Hybrid,2.3,1,1,0,1,2026-09-15,53750,6-10 LPA,20,1,3,4,4,1,4,2,0.0,No,No,No
HRA240490,Female,Deepika Agarwal,deepika.agarwal@hrhub.co.in,deepika.agarwal,1,Y,80,HRHub Solutions Pvt. Ltd.,Information Technology & Business Services,India,42,36-45,1984-07-31,Single,Master,Marketing,Kerala,Kozhikode,9237618259,Sales,Sales Executive,Non-Travel,Work From Office,10.9,7,0,0,2,2018-02-10,116400,10+ LPA,10,0,4,4,2,3,1,2,6.0,No,Yes,No
HRA240491,Female,Divya Ghosh,divya.ghosh@hrhub.co.in,divya.ghosh,1,Y,80,HRHub Solutions Pvt. Ltd.,Information Technology & Business Services,India,38,36-45,1988-07-30,Married,PhD,Computer Science,Kerala,Kochi,9356284437,Operations,Operations Executive,Travel_Frequently,Work From Office,15.5,8,0,0,2,2013-07-07,146350,10+ LPA,6,0,3,2,1,1,2,4,10.0,Yes,No,No
HRA240492,Female,Tanvi Mishra,tanvi.mishra@hrhub.co.in,tanvi.mishra,1,Y,80,HRHub Solutions Pvt. Ltd.,Information Technology & Business Services,India,45,36-45,1981-08-01,Married,PhD,Management,Rajasthan,Jaipur,9031729409,Marketing,Marketing Executive,Non-Travel,Work From Office,1.9,1,1,0,0,2027-02-08,26800,3-6 LPA,24,3,3,1,3,3,1,4,1.9,Yes,No,No
HRA240493,Female,Neha Jain,neha.jain@hrhub.co.in,neha.jain,1,Y,80,HRHub Solutions Pvt. Ltd.,Information Technology & Business Services,India,50,46-55,1976-08-02,Single,MBA,Human Resources,Maharashtra,Pune,9684593401,Administration,Administrative Executive,Travel_Rarely,Work From Office,13.1,13,9,4,7,2015-11-30,90800,10+ LPA,9,2,3,3,1,2,2,2,9.0,No,No,No
HRA240494,Male,Vivek Ghosh,vivek.ghosh@hrhub.co.in,vivek.ghosh,1,Y,80,HRHub Solutions Pvt. Ltd.,Information Technology & Business Services,India,48,46-55,1978-08-02,Single,Bachelor,Commerce,Kerala,Thiruvananthapuram,9503079582,Human Resources,HR Business Partner,Travel_Frequently,Work From Office,11.9,3,3,1,3,2017-02-10,115850,10+ LPA,23,0,4,3,1,4,2,4,0.0,No,Yes,No
HRA240495,Female,Aditi Roy,aditi.roy@hrhub.co.in,aditi.roy,1,Y,80,HRHub Solutions Pvt. Ltd.,Information Technology & Business Services,India,55,46-55,1971-08-04,Married,High School,General Education,Delhi,New Delhi,9229176480,Finance,Financial Analyst,Travel_Rarely,Work From Office,26.2,9,4,0,2,2002-10-27,164650,10+ LPA,24,2,3,1,3,3,3,0,10.0,No,Yes,Yes
HRA240496,Male,Karan Shah,karan.shah@hrhub.co.in,karan.shah,1,Y,80,HRHub Solutions Pvt. Ltd.,Information Technology & Business Services,India,43,36-45,1983-08-01,Single,Diploma,Electrical,Kerala,Kochi,9511748636,Marketing,Marketing Executive,Non-Travel,Hybrid,7.7,4,3,0,3,2021-04-23,55350,6-10 LPA,12,2,3,1,4,3,2,0,7.0,Yes,No,Yes
HRA240497,Male,Rohan Sen,rohan.sen@hrhub.co.in,rohan.sen,1,Y,80,HRHub Solutions Pvt. Ltd.,Information Technology & Business Services,India,34,26-35,1992-07-29,Single,Diploma,Mechanical,Tamil Nadu,Coimbatore,9961265088,Operations,Supply Chain Coordinator,Travel_Frequently,Work From Office,4.4,2,0,1,2,2024-08-09,54050,6-10 LPA,21,0,3,4,1,4,3,0,1.0,No,No,No
HRA240498,Female,Khushi Saha,khushi.saha@hrhub.co.in,khushi.saha,1,Y,80,HRHub Solutions Pvt. Ltd.,Information Technology & Business Services,India,37,36-45,1989-07-30,Married,Diploma,Electrical,Karnataka,Mysuru,9785457477,Administration,Administrative Executive,Travel_Rarely,Hybrid,12.7,11,5,4,11,2016-04-24,113250,10+ LPA,11,2,3,3,4,3,2,1,7.0,No,No,No
HRA240499,Male,Vikas Verma,vikas.verma@hrhub.co.in,vikas.verma,1,Y,80,HRHub Solutions Pvt. Ltd.,Information Technology & Business Services,India,38,36-45,1988-07-30,Married,Diploma,Computer,Uttar Pradesh,Lucknow,9156266998,Administration,Facility Coordinator,Travel_Rarely,Work From Office,7.7,2,0,0,2,2021-04-23,60650,6-10 LPA,13,3,3,1,4,3,4,0,6.0,No,No,No
HRA240500,Male,Arjun Jain,arjun.jain@hrhub.co.in,arjun.jain,1,Y,80,HRHub Solutions Pvt. Ltd.,Information Technology & Business Services,India,49,46-55,1977-08-02,Single,PhD,Finance,Delhi,New Delhi,9331493254,Marketing,Digital Marketing Specialist,Non-Travel,Hybrid,14.0,14,10,2,11,2015-01-05,86750,10+ LPA,18,3,3,3,4,4,1,0,9.0,Yes,Yes,No
HRA240501,Male,Aarav Banerjee,aarav.banerjee@hrhub.co.in,aarav.banerjee,1,Y,80,HRHub Solutions Pvt. Ltd.,Information Technology & Business Services,India,19,18-25,2007-07-26,Single,Diploma,Computer,Telangana,Warangal,9178088644,Operations,Supply Chain Coordinator,Non-Travel,Work From Office,0.0,0,0,0,0,2029-01-01,25700,3-6 LPA,9,2,4,2,3,1,1,1,0.0,No,No,No
HRA240502,Male,Manish Gupta,manish.gupta@hrhub.co.in,manish.gupta,1,Y,80,HRHub Solutions Pvt. Ltd.,Information Technology & Business Services,India,47,46-55,1979-08-02,Single,MBA,Marketing,Uttar Pradesh,Lucknow,9976616242,Marketing,Marketing Executive,Travel_Rarely,Work From Office,21.3,1,1,0,0,2007-09-20,155500,10+ LPA,14,2,3,2,3,4,3,4,1.0,No,No,No
HRA240503,Male,Amit Das,amit.das@hrhub.co.in,amit.das,1,Y,80,HRHub Solutions Pvt. Ltd.,Information Technology & Business Services,India,31,26-35,1995-07-29,Single,Bachelor,Business Administration,Delhi,New Delhi,9976217410,Sales,Business Development Executive,Travel_Rarely,Work From Office,3.0,3,2,1,3,2026-01-02,57900,6-10 LPA,23,1,4,2,4,2,2,3,3.0,No,Yes,No
HRA240504,Female,Harini Kumar,harini.kumar@hrhub.co.in,harini.kumar,1,Y,80,HRHub Solutions Pvt. Ltd.,Information Technology & Business Services,India,41,36-45,1985-07-31,Married,PhD,Finance,Maharashtra,Mumbai,9219914995,Finance,Financial Analyst,Travel_Rarely,Remote,11.5,3,0,0,3,2017-07-06,111150,10+ LPA,23,3,2,3,3,3,1,2,5.0,Yes,No,Yes
HRA240505,Male,Shubham Singh,shubham.singh@hrhub.co.in,shubham.singh,1,Y,80,HRHub Solutions Pvt. Ltd.,Information Technology & Business Services,India,31,26-35,1995-07-29,Married,PhD,Management,Maharashtra,Nagpur,9713604212,Administration,Office Administrator,Travel_Rarely,Work From Office,4.9,3,2,0,0,2024-02-09,33300,3-6 LPA,6,2,3,3,3,2,3,5,4.9,No,No,No
HRA240506,Male,Arjun Ghosh,arjun.ghosh@hrhub.co.in,arjun.ghosh,1,Y,80,HRHub Solutions Pvt. Ltd.,Information Technology & Business Services,India,57,55+,1969-08-04,Single,PhD,Finance,Gujarat,Surat,9417105673,Marketing,Content Strategist,Travel_Rarely,Work From Office,31.2,26,24,9,26,1997-10-28,128950,10+ LPA,5,3,3,4,2,2,3,6,8.0,No,No,No
HRA240507,Male,Rohan Saha,rohan.saha@hrhub.co.in,rohan.saha,1,Y,80,HRHub Solutions Pvt. Ltd.,Information Technology & Business Services,India,54,46-55,1972-08-03,Married,PhD,Management,Karnataka,Mysuru,9520477004,Marketing,Marketing Executive,Travel_Frequently,Hybrid,14.7,2,1,0,0,2014-04-25,109550,10+ LPA,11,1,3,3,2,2,2,5,6.0,No,Yes,Yes
HRA240508,Male,Nikhil Sinha,nikhil.sinha@hrhub.co.in,nikhil.sinha,1,Y,80,HRHub Solutions Pvt. Ltd.,Information Technology & Business Services,India,31,26-35,1995-07-29,Single,Diploma,Computer,Delhi,New Delhi,9301464675,Sales,Sales Executive,Travel_Rarely,Work From Office,6.0,2,2,1,0,2023-01-03,73300,6-10 LPA,10,0,3,4,1,1,1,5,0.0,No,Yes,No
HRA240509,Female,Ananya Reddy,ananya.reddy@hrhub.co.in,ananya.reddy,1,Y,80,HRHub Solutions Pvt. Ltd.,Information Technology & Business Services,India,52,46-55,1974-08-03,Single,MBA,Marketing,Tamil Nadu,Chennai,9960087684,Operations,Supply Chain Coordinator,Travel_Rarely,Work From Office,20.8,4,1,1,1,2008-03-20,181500,10+ LPA,19,3,3,4,3,3,4,6,4.0,No,Yes,No
HRA240510,Female,Megha Agarwal,megha.agarwal@hrhub.co.in,megha.agarwal,1,Y,80,HRHub Solutions Pvt. Ltd.,Information Technology & Business Services,India,23,18-25,2003-07-27,Married,Diploma,Civil,West Bengal,Durgapur,9674942221,IT,Network Engineer,Travel_Rarely,Remote,0.7,0,0,0,0,2028-04-21,28950,3-6 LPA,10,0,3,2,3,4,4,3,0.7,No,Yes,Yes
HRA240511,Male,Raj Mehta,raj.mehta@hrhub.co.in,raj.mehta,1,Y,80,HRHub Solutions Pvt. Ltd.,Information Technology & Business Services,India,31,26-35,1995-07-29,Single,Diploma,Mechanical,Uttar Pradesh,Noida,9533734776,Finance,Accountant,Non-Travel,Hybrid,4.3,4,2,2,1,2024-09-15,58450,6-10 LPA,18,2,3,4,1,3,4,1,4.3,Yes,Yes,No
HRA240512,Female,Ritika Chatterjee,ritika.chatterjee@hrhub.co.in,ritika.chatterjee,1,Y,80,HRHub Solutions Pvt. Ltd.,Information Technology & Business Services,India,35,26-35,1991-07-30,Married,PhD,Finance,Tamil Nadu,Madurai,9298368761,Marketing,Marketing Executive,Travel_Rarely,Work From Office,5.5,0,0,0,0,2023-07-05,80100,6-10 LPA,6,3,4,1,4,4,1,0,5.0,No,No,Yes
HRA240513,Male,Vikas Patel,vikas.patel@hrhub.co.in,vikas.patel,1,Y,80,HRHub Solutions Pvt. Ltd.,Information Technology & Business Services,India,46,46-55,1980-08-01,Married,MBA,Operations,Maharashtra,Mumbai,9268315624,Finance,Accountant,Travel_Rarely,Work From Office,21.9,2,0,1,2,2007-02-13,179300,10+ LPA,18,0,3,2,3,2,4,4,2.0,No,No,No
HRA240514,Female,Vaishnavi Mukherjee,vaishnavi.mukherjee@hrhub.co.in,vaishnavi.mukherjee,1,Y,80,HRHub Solutions Pvt. Ltd.,Information Technology & Business Services,India,23,18-25,2003-07-27,Married,High School,General Education,Delhi,New Delhi,9710732575,Marketing,Marketing Executive,Travel_Rarely,Work From Office,1.6,0,0,0,0,2027-05-28,29750,3-6 LPA,11,0,3,1,1,3,4,1,1.0,No,No,No
HRA240515,Female,Aditi Saha,aditi.saha@hrhub.co.in,aditi.saha,1,Y,80,HRHub Solutions Pvt. Ltd.,Information Technology & Business Services,India,22,18-25,2004-07-26,Married,Master,Business Administration,Delhi,New Delhi,9054459318,Administration,Office Administrator,Non-Travel,Work From Office,0.3,0,0,0,0,2028-09-14,22200,0-3 LPA,8,1,3,1,3,3,1,3,0.3,No,No,Yes
HRA240516,Female,Vaishnavi Das,vaishnavi.das@hrhub.co.in,vaishnavi.das,1,Y,80,HRHub Solutions Pvt. Ltd.,Information Technology & Business Services,India,58,55+,1968-08-04,Married,Diploma,Computer,Rajasthan,Jodhpur,9131453948,Operations,Operations Executive,Travel_Frequently,Hybrid,28.9,26,26,7,24,2000-02-15,158900,10+ LPA,16,2,3,3,1,2,2,1,7.0,No,No,No
HRA240517,Male,Amit Rao,amit.rao@hrhub.co.in,amit.rao,1,Y,80,HRHub Solutions Pvt. Ltd.,Information Technology & Business Services,India,21,18-25,2005-07-26,Married,Master,Marketing,West Bengal,Howrah,9279344451,Operations,Supply Chain Coordinator,Travel_Rarely,Work From Office,0.0,0,0,0,0,2029-01-01,23650,0-3 LPA,11,2,3,4,1,1,3,1,0.0,No,No,No
HRA240518,Female,Divya Sinha,divya.sinha@hrhub.co.in,divya.sinha,1,Y,80,HRHub Solutions Pvt. Ltd.,Information Technology & Business Services,India,32,26-35,1994-07-29,Married,Diploma,Civil,Delhi,New Delhi,9972486898,Sales,Business Development Executive,Travel_Frequently,Remote,2.1,0,0,0,0,2026-11-27,37350,3-6 LPA,10,3,4,3,4,1,2,1,2.1,No,No,No
HRA240519,Female,Aditi Khan,aditi.khan@hrhub.co.in,aditi.khan,1,Y,80,HRHub Solutions Pvt. Ltd.,Information Technology & Business Services,India,51,46-55,1975-08-03,Married,PhD,Finance,Uttar Pradesh,Kanpur,9522212004,Administration,Facility Coordinator,Travel_Rarely,Hybrid,8.4,0,0,0,0,2020-08-10,71000,6-10 LPA,11,2,3,2,3,1,1,1,1.0,No,No,No
HRA240520,Male,Mohit Mehta,mohit.mehta@hrhub.co.in,mohit.mehta,1,Y,80,HRHub Solutions Pvt. Ltd.,Information Technology & Business Services,India,44,36-45,1982-08-01,Married,PhD,Computer Science,Telangana,Warangal,9869491997,Marketing,Content Strategist,Non-Travel,Hybrid,2.6,0,0,0,0,2026-05-28,47550,3-6 LPA,10,3,3,2,4,3,3,6,2.0,No,Yes,No
HRA240521,Female,Anusha Mehta,anusha.mehta@hrhub.co.in,anusha.mehta,1,Y,80,HRHub Solutions Pvt. Ltd.,Information Technology & Business Services,India,44,36-45,1982-08-01,Single,Diploma,Civil,West Bengal,Durgapur,9091154168,Finance,Financial Analyst,Travel_Frequently,Work From Office,0.1,0,0,0,0,2028-11-26,39600,3-6 LPA,13,0,4,4,3,3,4,3,0.1,Yes,Yes,No
HRA240522,Female,Tanvi Saha,tanvi.saha@hrhub.co.in,tanvi.saha,1,Y,80,HRHub Solutions Pvt. Ltd.,Information Technology & Business Services,India,59,55+,1967-08-05,Married,MBA,Finance,Uttar Pradesh,Noida,9351383456,Finance,Finance Executive,Travel_Rarely,Work From Office,22.8,13,13,2,1,2006-03-21,152600,10+ LPA,22,1,2,2,1,3,4,3,0.0,No,No,No
HRA240523,Female,Tanvi Singh,tanvi.singh@hrhub.co.in,tanvi.singh,1,Y,80,HRHub Solutions Pvt. Ltd.,Information Technology & Business Services,India,45,36-45,1981-08-01,Single,Bachelor,Marketing,Rajasthan,Jodhpur,9334414679,Sales,Sales Manager,Travel_Rarely,Hybrid,4.9,4,1,1,1,2024-02-09,84300,10+ LPA,25,1,4,2,3,2,1,4,3.0,Yes,No,No
HRA240524,Female,Priya Shah,priya.shah@hrhub.co.in,priya.shah,1,Y,80,HRHub Solutions Pvt. Ltd.,Information Technology & Business Services,India,34,26-35,1992-07-29,Married,Bachelor,Business Administration,Uttar Pradesh,Kanpur,9687320718,Administration,Office Administrator,Travel_Rarely,Work From Office,10.9,10,8,1,6,2018-02-10,119500,10+ LPA,20,0,3,4,1,1,3,1,9.0,No,No,No
HRA240525,Male,Manish Singh,manish.singh@hrhub.co.in,manish.singh,1,Y,80,HRHub Solutions Pvt. Ltd.,Information Technology & Business Services,India,35,26-35,1991-07-30,Single,High School,General Education,Kerala,Kozhikode,9511742614,Finance,Accountant,Non-Travel,Work From Office,4.2,0,0,0,0,2024-10-21,58050,6-10 LPA,25,1,3,1,1,1,2,2,4.2,No,Yes,Yes
HRA240526,Male,Aditya Agarwal,aditya.agarwal@hrhub.co.in,aditya.agarwal,1,Y,80,HRHub Solutions Pvt. Ltd.,Information Technology & Business Services,India,37,36-45,1989-07-30,Married,MBA,Marketing,Tamil Nadu,Coimbatore,9012854997,Finance,Financial Analyst,Travel_Frequently,Work From Office,10.4,0,0,0,0,2018-08-11,117300,10+ LPA,6,2,4,2,3,4,1,1,5.0,No,Yes,No
HRA240527,Female,Deepika Sharma,deepika.sharma@hrhub.co.in,deepika.sharma,1,Y,80,HRHub Solutions Pvt. Ltd.,Information Technology & Business Services,India,59,55+,1967-08-05,Married,Diploma,Civil,Kerala,Kozhikode,9488769186,Human Resources,Talent Acquisition Specialist,Travel_Frequently,Work From Office,37.6,5,1,0,2,1991-06-06,159900,10+ LPA,6,2,3,2,4,1,4,1,7.0,Yes,No,No
HRA240528,Male,Mohit Bose,mohit.bose@hrhub.co.in,mohit.bose,1,Y,80,HRHub Solutions Pvt. Ltd.,Information Technology & Business Services,India,25,18-25,2001-07-27,Single,MBA,Operations,Maharashtra,Nagpur,9571629847,Operations,Operations Manager,Non-Travel,Work From Office,3.9,0,0,0,0,2025-02-08,82350,6-10 LPA,23,2,3,3,4,1,1,3,3.9,No,No,No
HRA240529,Female,Priya Patel,priya.patel@hrhub.co.in,priya.patel,1,Y,80,HRHub Solutions Pvt. Ltd.,Information Technology & Business Services,India,56,55+,1970-08-04,Single,PhD,Computer Science,Tamil Nadu,Madurai,9753930361,Sales,Business Development Executive,Travel_Rarely,Work From Office,13.2,0,0,0,0,2015-10-24,113250,10+ LPA,19,2,4,2,4,2,4,5,8.0,Yes,Yes,Yes
HRA240530,Male,Rohan Mishra,rohan.mishra@hrhub.co.in,rohan.mishra,1,Y,80,HRHub Solutions Pvt. Ltd.,Information Technology & Business Services,India,38,36-45,1988-07-30,Married,MBA,Finance,Uttar Pradesh,Noida,9612046545,IT,System Administrator,Travel_Rarely,Work From Office,6.6,6,1,3,1,2022-05-29,87200,10+ LPA,8,1,4,2,2,2,2,6,0.0,No,No,No
HRA240531,Male,Deepak Nair,deepak.nair@hrhub.co.in,deepak.nair,1,Y,80,HRHub Solutions Pvt. Ltd.,Information Technology & Business Services,India,56,55+,1970-08-04,Married,MBA,Marketing,Maharashtra,Pune,9879370123,Finance,Financial Analyst,Travel_Frequently,Hybrid,19.9,6,5,3,5,2009-02-12,161700,10+ LPA,16,0,2,2,2,2,1,0,3.0,No,Yes,No
HRA240532,Female,Kavya Shah,kavya.shah@hrhub.co.in,kavya.shah,1,Y,80,HRHub Solutions Pvt. Ltd.,Information Technology & Business Services,India,18,18-25,2008-07-25,Married,Bachelor,Computer Science,Uttar Pradesh,Kanpur,9491139282,Finance,Financial Analyst,Travel_Rarely,Hybrid,0.0,0,0,0,0,2029-01-01,31400,3-6 LPA,5,0,3,2,2,2,2,3,0.0,No,No,No
HRA240533,Female,Anjali Kapoor,anjali.kapoor@hrhub.co.in,anjali.kapoor,1,Y,80,HRHub Solutions Pvt. Ltd.,Information Technology & Business Services,India,21,18-25,2005-07-26,Single,PhD,Management,Karnataka,Hubballi,9456158181,Operations,Operations Executive,Travel_Rarely,Hybrid,0.0,0,0,0,0,2029-01-01,24400,0-3 LPA,24,3,3,3,2,2,1,0,0.0,No,No,No
HRA240534,Male,Aarav Nair,aarav.nair@hrhub.co.in,aarav.nair,1,Y,80,HRHub Solutions Pvt. Ltd.,Information Technology & Business Services,India,28,26-35,1998-07-28,Single,PhD,Computer Science,Uttar Pradesh,Noida,9783019441,Administration,Facility Coordinator,Non-Travel,Work From Office,5.3,2,1,0,1,2023-09-16,58150,6-10 LPA,20,2,2,3,1,4,3,4,4.0,No,No,No
HRA240535,Male,Raj Sen,raj.sen@hrhub.co.in,raj.sen,1,Y,80,HRHub Solutions Pvt. Ltd.,Information Technology & Business Services,India,58,55+,1968-08-04,Single,High School,General Education,Gujarat,Surat,9191043979,Operations,Operations Executive,Non-Travel,Work From Office,11.5,1,0,0,1,2017-07-06,94300,10+ LPA,6,2,3,4,2,1,1,3,2.0,No,No,No
HRA240536,Male,Rohan Mukherjee,rohan.mukherjee@hrhub.co.in,rohan.mukherjee,1,Y,80,HRHub Solutions Pvt. Ltd.,Information Technology & Business Services,India,47,46-55,1979-08-02,Married,PhD,Finance,Kerala,Thiruvananthapuram,9176872962,Operations,Operations Executive,Travel_Rarely,Hybrid,12.8,12,11,4,10,2016-03-18,88250,10+ LPA,7,2,2,1,2,3,2,1,0.0,No,Yes,No
HRA240537,Male,Karan Chatterjee,karan.chatterjee@hrhub.co.in,karan.chatterjee,1,Y,80,HRHub Solutions Pvt. Ltd.,Information Technology & Business Services,India,38,36-45,1988-07-30,Married,MBA,Finance,Maharashtra,Pune,9960546905,Sales,Sales Executive,Travel_Rarely,Work From Office,10.0,5,5,0,3,2019-01-04,86050,10+ LPA,9,0,3,4,2,1,4,4,8.0,No,No,No
HRA240538,Male,Arjun Ghosh,arjun.ghosh@hrhub.co.in,arjun.ghosh,1,Y,80,HRHub Solutions Pvt. Ltd.,Information Technology & Business Services,India,51,46-55,1975-08-03,Married,Bachelor,Computer Science,Delhi,New Delhi,9358021037,Operations,Operations Manager,Travel_Rarely,Work From Office,24.8,10,8,1,3,2004-03-21,188150,10+ LPA,10,3,3,1,3,4,1,4,8.0,No,No,No
HRA240539,Male,Gaurav Chatterjee,gaurav.chatterjee@hrhub.co.in,gaurav.chatterjee,1,Y,80,HRHub Solutions Pvt. Ltd.,Information Technology & Business Services,India,42,36-45,1984-07-31,Single,Diploma,Civil,Tamil Nadu,Chennai,9491892455,IT,System Administrator,Travel_Frequently,Work From Office,15.2,6,1,0,2,2013-10-24,178800,10+ LPA,11,0,3,3,1,1,3,5,8.0,No,Yes,Yes
HRA240540,Female,Deepika Roy,deepika.roy@hrhub.co.in,deepika.roy,1,Y,80,HRHub Solutions Pvt. Ltd.,Information Technology & Business Services,India,27,26-35,1999-07-28,Single,MBA,Finance,Kerala,Kozhikode,9491943733,Finance,Accountant,Travel_Rarely,Remote,3.7,1,1,0,1,2025-04-22,56550,6-10 LPA,22,2,4,1,2,2,1,5,3.7,Yes,Yes,No
HRA240541,Female,Tanvi Sen,tanvi.sen@hrhub.co.in,tanvi.sen,1,Y,80,HRHub Solutions Pvt. Ltd.,Information Technology & Business Services,India,54,46-55,1972-08-03,Married,Diploma,Computer,Kerala,Thiruvananthapuram,9132465183,Operations,Operations Manager,Non-Travel,Work From Office,8.4,1,0,0,0,2020-08-10,109450,10+ LPA,19,1,3,1,4,4,1,6,8.4,No,No,Yes
HRA240542,Male,Rohan Sharma,rohan.sharma@hrhub.co.in,rohan.sharma,1,Y,80,HRHub Solutions Pvt. Ltd.,Information Technology & Business Services,India,32,26-35,1994-07-29,Married,Master,Finance,Tamil Nadu,Madurai,9963215533,Sales,Business Development Executive,Travel_Frequently,Hybrid,3.5,0,0,0,0,2025-07-04,56000,6-10 LPA,8,1,4,2,3,1,1,0,2.0,No,Yes,No
HRA240543,Female,Shreya Bose,shreya.bose@hrhub.co.in,shreya.bose,1,Y,80,HRHub Solutions Pvt. Ltd.,Information Technology & Business Services,India,52,46-55,1974-08-03,Single,High School,General Education,West Bengal,Kolkata,9874089757,Operations,Supply Chain Coordinator,Travel_Frequently,Hybrid,28.4,11,1,5,8,2000-08-15,166450,10+ LPA,10,3,3,1,3,2,3,0,6.0,No,No,No
HRA240544,Female,Riya Mukherjee,riya.mukherjee@hrhub.co.in,riya.mukherjee,1,Y,80,HRHub Solutions Pvt. Ltd.,Information Technology & Business Services,India,59,55+,1967-08-05,Married,Diploma,Computer,Kerala,Thiruvananthapuram,9939205515,Operations,Supply Chain Coordinator,Travel_Rarely,Hybrid,30.9,27,22,3,23,1998-02-15,172350,10+ LPA,5,2,3,3,1,3,2,5,6.0,No,No,No
HRA240545,Female,Harini Chatterjee,harini.chatterjee@hrhub.co.in,harini.chatterjee,1,Y,80,HRHub Solutions Pvt. Ltd.,Information Technology & Business Services,India,34,26-35,1992-07-29,Married,High School,General Education,Kerala,Kochi,9300810391,Administration,Office Administrator,Travel_Frequently,Work From Office,4.5,4,3,2,3,2024-07-04,37500,3-6 LPA,7,3,4,3,3,3,2,0,4.5,No,No,No
HRA240546,Female,Megha Kumar,megha.kumar@hrhub.co.in,megha.kumar,1,Y,80,HRHub Solutions Pvt. Ltd.,Information Technology & Business Services,India,19,18-25,2007-07-26,Married,Diploma,Electrical,Rajasthan,Jaipur,9888161371,Marketing,Digital Marketing Specialist,Travel_Frequently,Work From Office,0.0,0,0,0,0,2029-01-01,25500,3-6 LPA,17,1,3,3,2,3,4,6,0.0,No,Yes,No
HRA240547,Female,Divya Banerjee,divya.banerjee@hrhub.co.in,divya.banerjee,1,Y,80,HRHub Solutions Pvt. Ltd.,Information Technology & Business Services,India,31,26-35,1995-07-29,Divorced,Diploma,Electrical,Rajasthan,Jaipur,9227049432,IT,System Administrator,Travel_Rarely,Work From Office,3.4,2,2,0,1,2025-08-09,58200,6-10 LPA,6,1,3,2,1,1,1,4,3.4,No,No,No
HRA240548,Female,Vidya Sen,vidya.sen@hrhub.co.in,vidya.sen,1,Y,80,HRHub Solutions Pvt. Ltd.,Information Technology & Business Services,India,23,18-25,2003-07-27,Single,PhD,Finance,Rajasthan,Jodhpur,9273749099,Human Resources,Talent Acquisition Specialist,Travel_Rarely,Remote,1.1,0,0,0,0,2027-11-27,31600,3-6 LPA,18,1,4,3,4,1,2,1,1.1,No,Yes,No
HRA240549,Female,Ananya Ghosh,ananya.ghosh@hrhub.co.in,ananya.ghosh,1,Y,80,HRHub Solutions Pvt. Ltd.,Information Technology & Business Services,India,38,36-45,1988-07-30,Single,PhD,Management,Delhi,New Delhi,9814157718,Administration,Facility Coordinator,Travel_Rarely,Work From Office,2.3,2,2,0,2,2026-09-15,46050,3-6 LPA,18,2,2,3,1,3,1,4,0.0,No,No,No
HRA240550,Female,Kavya Khan,kavya.khan@hrhub.co.in,kavya.khan,1,Y,80,HRHub Solutions Pvt. Ltd.,Information Technology & Business Services,India,60,55+,1966-08-05,Married,Bachelor,Finance,Gujarat,Vadodara,9925076337,Sales,Business Development Executive,Travel_Frequently,Work From Office,33.0,12,5,6,3,1996-01-10,156400,10+ LPA,10,0,3,2,1,4,1,5,0.0,No,No,No
HRA240551,Male,Gaurav Ghosh,gaurav.ghosh@hrhub.co.in,gaurav.ghosh,1,Y,80,HRHub Solutions Pvt. Ltd.,Information Technology & Business Services,India,52,46-55,1974-08-03,Married,Master,Finance,West Bengal,Kolkata,9102655747,Human Resources,Talent Acquisition Specialist,Travel_Rarely,Work From Office,12.2,3,2,0,0,2016-10-23,107300,10+ LPA,21,1,3,2,4,3,1,4,3.0,No,No,No
HRA240552,Female,Kavya Nair,kavya.nair@hrhub.co.in,kavya.nair,1,Y,80,HRHub Solutions Pvt. Ltd.,Information Technology & Business Services,India,56,55+,1970-08-04,Married,Bachelor,Information Technology,Kerala,Kozhikode,9562154262,Sales,Sales Manager,Travel_Rarely,Work From Office,18.4,5,3,2,3,2010-08-14,164600,10+ LPA,18,0,3,4,4,4,2,1,2.0,Yes,No,No
HRA240553,Female,Neha Reddy,neha.reddy@hrhub.co.in,neha.reddy,1,Y,80,HRHub Solutions Pvt. Ltd.,Information Technology & Business Services,India,35,26-35,1991-07-30,Married,Bachelor,Commerce,Uttar Pradesh,Noida,9204533769,Sales,Sales Manager,Travel_Rarely,Hybrid,1.9,1,0,0,0,2027-02-08,85350,10+ LPA,6,3,3,1,4,2,2,5,1.9,No,No,No
HRA240554,Male,Rahul Patel,rahul.patel@hrhub.co.in,rahul.patel,1,Y,80,HRHub Solutions Pvt. Ltd.,Information Technology & Business Services,India,49,46-55,1977-08-02,Married,PhD,Finance,Gujarat,Surat,9392118781,Operations,Operations Manager,Travel_Rarely,Work From Office,24.1,16,15,7,7,2004-12-02,176050,10+ LPA,16,3,3,3,4,3,1,0,9.0,No,No,No
HRA240555,Male,Sahil Jain,sahil.jain@hrhub.co.in,sahil.jain,1,Y,80,HRHub Solutions Pvt. Ltd.,Information Technology & Business Services,India,59,55+,1967-08-05,Single,PhD,Computer Science,Telangana,Warangal,9290879296,Marketing,Digital Marketing Specialist,Travel_Rarely,Hybrid,16.2,15,14,6,7,2012-10-24,166950,10+ LPA,17,1,4,2,4,2,4,0,0.0,No,No,No
HRA240556,Female,Aditi Saha,aditi.saha@hrhub.co.in,aditi.saha,1,Y,80,HRHub Solutions Pvt. Ltd.,Information Technology & Business Services,India,53,46-55,1973-08-03,Single,PhD,Computer Science,Rajasthan,Jaipur,9890117528,Operations,Operations Executive,Travel_Rarely,Remote,20.5,19,0,7,15,2008-07-08,182650,10+ LPA,21,3,2,2,3,4,1,3,6.0,No,No,No
HRA240557,Male,Ankit Rao,ankit.rao@hrhub.co.in,ankit.rao,1,Y,80,HRHub Solutions Pvt. Ltd.,Information Technology & Business Services,India,19,18-25,2007-07-26,Single,Diploma,Civil,Tamil Nadu,Coimbatore,9616517586,IT,Network Engineer,Non-Travel,Hybrid,0.0,0,0,0,0,2029-01-01,40600,3-6 LPA,11,1,3,2,2,3,1,4,0.0,No,Yes,No
HRA240558,Male,Pranav Mehta,pranav.mehta@hrhub.co.in,pranav.mehta,1,Y,80,HRHub Solutions Pvt. Ltd.,Information Technology & Business Services,India,34,26-35,1992-07-29,Married,Bachelor,Finance,Uttar Pradesh,Noida,9273598407,Administration,Facility Coordinator,Non-Travel,Work From Office,6.1,0,0,0,0,2022-11-28,77800,6-10 LPA,17,2,4,4,4,3,4,0,6.1,No,No,No
HRA240559,Female,Shreya Banerjee,shreya.banerjee@hrhub.co.in,shreya.banerjee,1,Y,80,HRHub Solutions Pvt. Ltd.,Information Technology & Business Services,India,49,46-55,1977-08-02,Single,PhD,Computer Science,Maharashtra,Mumbai,9179776600,Finance,Accountant,Travel_Rarely,Work From Office,7.0,6,2,1,1,2022-01-03,73150,6-10 LPA,9,1,3,2,2,1,3,0,2.0,No,No,No
HRA240560,Female,Divya Saha,divya.saha@hrhub.co.in,divya.saha,1,Y,80,HRHub Solutions Pvt. Ltd.,Information Technology & Business Services,India,58,55+,1968-08-04,Single,PhD,Computer Science,West Bengal,Howrah,9409411396,Human Resources,HR Business Partner,Travel_Rarely,Work From Office,11.6,7,6,2,6,2017-05-30,118650,10+ LPA,18,2,4,3,1,2,4,1,8.0,No,No,No
HRA240561,Female,Deepika Banerjee,deepika.banerjee@hrhub.co.in,deepika.banerjee,1,Y,80,HRHub Solutions Pvt. Ltd.,Information Technology & Business Services,India,60,55+,1966-08-05,Married,PhD,Computer Science,Tamil Nadu,Madurai,9306143288,Human Resources,Talent Acquisition Specialist,Travel_Rarely,Work From Office,1.5,0,0,0,0,2027-07-04,25900,3-6 LPA,20,0,2,3,1,4,1,5,1.0,No,No,No
HRA240562,Male,Mohit Shah,mohit.shah@hrhub.co.in,mohit.shah,1,Y,80,HRHub Solutions Pvt. Ltd.,Information Technology & Business Services,India,52,46-55,1974-08-03,Married,Master,Business Administration,Gujarat,Vadodara,9039127790,Human Resources,HR Executive,Non-Travel,Work From Office,15.5,2,2,1,0,2013-07-07,171950,10+ LPA,13,1,4,4,1,2,4,5,7.0,No,No,Yes
HRA240563,Male,Gaurav Bose,gaurav.bose@hrhub.co.in,gaurav.bose,1,Y,80,HRHub Solutions Pvt. Ltd.,Information Technology & Business Services,India,34,26-35,1992-07-29,Married,Diploma,Electrical,Telangana,Warangal,9410423200,Operations,Supply Chain Coordinator,Travel_Rarely,Work From Office,7.1,2,2,0,0,2021-11-28,65100,6-10 LPA,20,0,3,3,2,1,1,2,7.0,No,No,No
HRA240564,Female,Ishita Ghosh,ishita.ghosh@hrhub.co.in,ishita.ghosh,1,Y,80,HRHub Solutions Pvt. Ltd.,Information Technology & Business Services,India,38,36-45,1988-07-30,Single,PhD,Management,Karnataka,Mysuru,9617312432,Administration,Facility Coordinator,Travel_Rarely,Work From Office,2.6,1,1,0,1,2026-05-28,40950,3-6 LPA,6,1,3,2,1,1,3,3,2.6,No,Yes,No
HRA240565,Female,Harini Joshi,harini.joshi@hrhub.co.in,harini.joshi,1,Y,80,HRHub Solutions Pvt. Ltd.,Information Technology & Business Services,India,21,18-25,2005-07-26,Single,Master,Human Resources,Tamil Nadu,Chennai,9326301508,Operations,Supply Chain Coordinator,Travel_Rarely,Work From Office,0.0,0,0,0,0,2029-01-01,27200,3-6 LPA,5,2,3,1,2,4,1,3,0.0,No,Yes,No
HRA240566,Female,Harini Singh,harini.singh@hrhub.co.in,harini.singh,1,Y,80,HRHub Solutions Pvt. Ltd.,Information Technology & Business Services,India,35,26-35,1991-07-30,Single,Diploma,Civil,Karnataka,Hubballi,9728558679,Operations,Operations Executive,Travel_Rarely,Remote,0.6,0,0,0,0,2028-05-27,34400,3-6 LPA,22,3,4,3,4,1,2,4,0.0,No,No,No
HRA240567,Female,Megha Sinha,megha.sinha@hrhub.co.in,megha.sinha,1,Y,80,HRHub Solutions Pvt. Ltd.,Information Technology & Business Services,India,28,26-35,1998-07-28,Married,High School,General Education,Kerala,Thiruvananthapuram,9316156678,Operations,Operations Manager,Travel_Frequently,Hybrid,1.5,0,0,0,0,2027-07-04,87200,10+ LPA,21,0,1,2,2,3,2,2,1.5,No,No,No
HRA240568,Female,Neha Banerjee,neha.banerjee@hrhub.co.in,neha.banerjee,1,Y,80,HRHub Solutions Pvt. Ltd.,Information Technology & Business Services,India,50,46-55,1976-08-02,Single,Bachelor,Marketing,Rajasthan,Udaipur,9980690439,Sales,Business Development Executive,Travel_Rarely,Work From Office,27.8,18,18,4,17,2001-03-22,182250,10+ LPA,13,0,3,2,4,1,3,4,4.0,Yes,No,No
HRA240569,Male,Arjun Agarwal,arjun.agarwal@hrhub.co.in,arjun.agarwal,1,Y,80,HRHub Solutions Pvt. Ltd.,Information Technology & Business Services,India,49,46-55,1977-08-02,Married,Diploma,Mechanical,Rajasthan,Jodhpur,9153029333,IT,Network Engineer,Travel_Rarely,Work From Office,15.8,4,2,0,4,2013-03-19,146800,10+ LPA,9,3,3,1,2,2,3,1,3.0,Yes,No,No
HRA240570,Female,Swati Singh,swati.singh@hrhub.co.in,swati.singh,1,Y,80,HRHub Solutions Pvt. Ltd.,Information Technology & Business Services,India,19,18-25,2007-07-26,Single,High School,General Education,West Bengal,Howrah,9422121154,Operations,Operations Manager,Travel_Rarely,Remote,0.0,0,0,0,0,2029-01-01,62650,6-10 LPA,7,3,4,1,1,4,1,1,0.0,No,No,No
HRA240571,Male,Aarav Roy,aarav.roy@hrhub.co.in,aarav.roy,1,Y,80,HRHub Solutions Pvt. Ltd.,Information Technology & Business Services,India,58,55+,1968-08-04,Married,High School,General Education,Telangana,Hyderabad,9737204032,Operations,Operations Manager,Travel_Rarely,Work From Office,0.8,0,0,0,0,2028-03-15,88150,10+ LPA,25,2,2,1,3,3,3,6,0.0,Yes,No,No
HRA240572,Male,Arjun Patel,arjun.patel@hrhub.co.in,arjun.patel,1,Y,80,HRHub Solutions Pvt. Ltd.,Information Technology & Business Services,India,45,36-45,1981-08-01,Married,Master,Marketing,Uttar Pradesh,Noida,9564698363,Finance,Accountant,Travel_Rarely,Work From Office,17.9,13,8,6,5,2011-02-12,138200,10+ LPA,23,0,3,4,1,1,3,3,1.0,No,No,No
HRA240573,Male,Rahul Shah,rahul.shah@hrhub.co.in,rahul.shah,1,Y,80,HRHub Solutions Pvt. Ltd.,Information Technology & Business Services,India,32,26-35,1994-07-29,Married,Diploma,Civil,Telangana,Warangal,9831464250,Marketing,Content Strategist,Travel_Frequently,Work From Office,8.5,3,3,1,2,2020-07-05,80200,6-10 LPA,20,1,4,2,4,2,3,6,8.5,No,Yes,Yes
HRA240574,Male,Deepak Jain,deepak.jain@hrhub.co.in,deepak.jain,1,Y,80,HRHub Solutions Pvt. Ltd.,Information Technology & Business Services,India,26,26-35,2000-07-27,Single,High School,General Education,Karnataka,Hubballi,9694605692,IT,System Administrator,Non-Travel,Work From Office,1.8,1,1,0,1,2027-03-16,31400,3-6 LPA,23,0,2,2,1,2,3,4,0.0,No,No,Yes
HRA240575,Female,Kavya Nair,kavya.nair@hrhub.co.in,kavya.nair,1,Y,80,HRHub Solutions Pvt. Ltd.,Information Technology & Business Services,India,45,36-45,1981-08-01,Single,PhD,Management,Maharashtra,Pune,9241426562,IT,Software Engineer,Non-Travel,Work From Office,9.7,3,0,0,3,2019-04-24,65250,6-10 LPA,19,3,4,1,3,2,1,6,3.0,No,No,No
HRA240576,Female,Khushi Nair,khushi.nair@hrhub.co.in,khushi.nair,1,Y,80,HRHub Solutions Pvt. Ltd.,Information Technology & Business Services,India,42,36-45,1984-07-31,Single,PhD,Finance,Delhi,New Delhi,9772424278,Human Resources,Talent Acquisition Specialist,Travel_Rarely,Hybrid,14.0,10,6,0,2,2015-01-05,114650,10+ LPA,18,0,2,4,4,3,1,4,4.0,No,Yes,No
HRA240577,Male,Arjun Mukherjee,arjun.mukherjee@hrhub.co.in,arjun.mukherjee,1,Y,80,HRHub Solutions Pvt. Ltd.,Information Technology & Business Services,India,40,36-45,1986-07-31,Single,High School,General Education,Tamil Nadu,Chennai,9867325868,Human Resources,Talent Acquisition Specialist,Travel_Rarely,Work From Office,3.0,3,0,1,2,2026-01-02,48350,3-6 LPA,11,3,4,1,2,1,3,2,1.0,No,Yes,Yes
HRA240578,Female,Ritika Mishra,ritika.mishra@hrhub.co.in,ritika.mishra,1,Y,80,HRHub Solutions Pvt. Ltd.,Information Technology & Business Services,India,37,36-45,1989-07-30,Married,Master,Computer Science,Karnataka,Mysuru,9962023362,IT,Software Engineer,Travel_Rarely,Hybrid,10.8,1,0,0,1,2018-03-18,112600,10+ LPA,11,2,3,2,3,1,2,4,0.0,No,No,No
HRA240579,Female,Ishita Shah,ishita.shah@hrhub.co.in,ishita.shah,1,Y,80,HRHub Solutions Pvt. Ltd.,Information Technology & Business Services,India,53,46-55,1973-08-03,Single,MBA,Human Resources,West Bengal,Howrah,9050045106,Operations,Operations Manager,Travel_Frequently,Work From Office,17.8,1,1,0,1,2011-03-20,191550,10+ LPA,25,0,3,2,2,2,3,6,7.0,Yes,Yes,No
HRA240580,Female,Nikita Sen,nikita.sen@hrhub.co.in,nikita.sen,1,Y,80,HRHub Solutions Pvt. Ltd.,Information Technology & Business Services,India,20,18-25,2006-07-26,Single,MBA,Marketing,Rajasthan,Jaipur,9498965691,Sales,Business Development Executive,Travel_Rarely,Work From Office,0.0,0,0,0,0,2029-01-01,34850,3-6 LPA,7,2,3,2,2,4,4,6,0.0,No,No,No
HRA240581,Female,Priya Shah,priya.shah@hrhub.co.in,priya.shah,1,Y,80,HRHub Solutions Pvt. Ltd.,Information Technology & Business Services,India,36,36-45,1990-07-30,Single,Diploma,Civil,West Bengal,Howrah,9784566115,Human Resources,HR Business Partner,Travel_Rarely,Work From Office,6.1,0,0,0,0,2022-11-28,64900,6-10 LPA,21,3,4,4,1,1,4,4,2.0,No,No,No
HRA240582,Female,Vidya Saha,vidya.saha@hrhub.co.in,vidya.saha,1,Y,80,HRHub Solutions Pvt. Ltd.,Information Technology & Business Services,India,48,46-55,1978-08-02,Single,Master,Human Resources,Rajasthan,Jodhpur,9027972730,Administration,Facility Coordinator,Non-Travel,Work From Office,21.3,18,9,6,11,2007-09-20,172100,10+ LPA,9,0,3,3,4,3,3,1,8.0,No,No,No
HRA240583,Male,Varun Rao,varun.rao@hrhub.co.in,varun.rao,1,Y,80,HRHub Solutions Pvt. Ltd.,Information Technology & Business Services,India,19,18-25,2007-07-26,Married,MBA,Human Resources,Karnataka,Mysuru,9579557381,Human Resources,Talent Acquisition Specialist,Travel_Rarely,Work From Office,0.0,0,0,0,0,2029-01-01,26300,3-6 LPA,11,0,2,2,2,4,4,1,0.0,No,No,No
HRA240584,Female,Sonali Nair,sonali.nair@hrhub.co.in,sonali.nair,1,Y,80,HRHub Solutions Pvt. Ltd.,Information Technology & Business Services,India,31,26-35,1995-07-29,Divorced,MBA,Operations,Telangana,Warangal,9659647181,Operations,Operations Manager,Travel_Rarely,Work From Office,0.4,0,0,0,0,2028-08-08,78900,6-10 LPA,20,2,3,2,3,3,1,3,0.0,Yes,Yes,Yes
HRA240585,Female,Divya Mishra,divya.mishra@hrhub.co.in,divya.mishra,1,Y,80,HRHub Solutions Pvt. Ltd.,Information Technology & Business Services,India,57,55+,1969-08-04,Single,Master,Marketing,West Bengal,Howrah,9833226373,Administration,Facility Coordinator,Travel_Rarely,Work From Office,11.0,6,4,0,6,2018-01-04,88300,10+ LPA,6,0,3,4,2,4,4,0,5.0,No,No,No
HRA240586,Female,Aditi Bose,aditi.bose@hrhub.co.in,aditi.bose,1,Y,80,HRHub Solutions Pvt. Ltd.,Information Technology & Business Services,India,28,26-35,1998-07-28,Married,MBA,Marketing,Kerala,Kozhikode,9454164607,Operations,Operations Executive,Travel_Rarely,Work From Office,4.5,3,2,0,2,2024-07-04,40950,3-6 LPA,6,2,3,4,4,3,2,1,2.0,No,No,No
HRA240587,Male,Vivek Mehta,vivek.mehta@hrhub.co.in,vivek.mehta,1,Y,80,HRHub Solutions Pvt. Ltd.,Information Technology & Business Services,India,40,36-45,1986-07-31,Married,MBA,Operations,Uttar Pradesh,Noida,9144201803,Human Resources,HR Executive,Travel_Rarely,Work From Office,13.9,8,7,1,1,2015-02-11,113850,10+ LPA,13,3,3,4,1,1,4,4,6.0,Yes,Yes,No
HRA240588,Male,Ankit Jain,ankit.jain@hrhub.co.in,ankit.jain,1,Y,80,HRHub Solutions Pvt. Ltd.,Information Technology & Business Services,India,20,18-25,2006-07-26,Single,PhD,Management,Rajasthan,Jaipur,9659980166,Human Resources,Talent Acquisition Specialist,Non-Travel,Work From Office,0.0,0,0,0,0,2029-01-01,32850,3-6 LPA,22,3,4,1,2,1,2,6,0.0,No,No,No
HRA240589,Female,Ishita Roy,ishita.roy@hrhub.co.in,ishita.roy,1,Y,80,HRHub Solutions Pvt. Ltd.,Information Technology & Business Services,India,54,46-55,1972-08-03,Single,MBA,Marketing,Tamil Nadu,Madurai,9814608247,Human Resources,HR Executive,Non-Travel,Work From Office,22.8,9,3,2,4,2006-03-21,142950,10+ LPA,8,3,4,4,4,4,1,6,9.0,No,Yes,No
HRA240590,Male,Sahil Ghosh,sahil.ghosh@hrhub.co.in,sahil.ghosh,1,Y,80,HRHub Solutions Pvt. Ltd.,Information Technology & Business Services,India,57,55+,1969-08-04,Single,High School,General Education,Telangana,Hyderabad,9032165808,IT,Data Analyst,Travel_Rarely,Work From Office,1.2,1,0,0,0,2027-10-21,45450,3-6 LPA,22,1,4,1,1,3,3,5,1.2,Yes,No,No
HRA240591,Male,Sandeep Bose,sandeep.bose@hrhub.co.in,sandeep.bose,1,Y,80,HRHub Solutions Pvt. Ltd.,Information Technology & Business Services,India,56,55+,1970-08-04,Married,High School,General Education,West Bengal,Kolkata,9185905273,Administration,Office Administrator,Travel_Frequently,Work From Office,13.8,13,6,3,2,2015-03-19,92150,10+ LPA,13,0,2,4,3,1,2,6,8.0,No,Yes,No
HRA240592,Female,Sneha Roy,sneha.roy@hrhub.co.in,sneha.roy,1,Y,80,HRHub Solutions Pvt. Ltd.,Information Technology & Business Services,India,58,55+,1968-08-04,Married,Diploma,Electrical,Tamil Nadu,Madurai,9244406615,Marketing,Content Strategist,Travel_Rarely,Work From Office,1.9,1,1,0,1,2027-02-08,26600,3-6 LPA,11,1,3,3,1,3,2,1,1.0,No,No,No
HRA240593,Female,Nikita Sharma,nikita.sharma@hrhub.co.in,nikita.sharma,1,Y,80,HRHub Solutions Pvt. Ltd.,Information Technology & Business Services,India,21,18-25,2005-07-26,Married,High School,General Education,Maharashtra,Nagpur,9086178087,Administration,Office Administrator,Travel_Rarely,Remote,0.0,0,0,0,0,2029-01-01,20550,0-3 LPA,6,2,3,2,4,3,3,4,0.0,No,Yes,No
HRA240594,Female,Swati Sharma,swati.sharma@hrhub.co.in,swati.sharma,1,Y,80,HRHub Solutions Pvt. Ltd.,Information Technology & Business Services,India,54,46-55,1972-08-03,Single,High School,General Education,Telangana,Hyderabad,9172137026,Operations,Operations Executive,Travel_Rarely,Work From Office,30.1,15,5,7,1,1998-12-04,133100,10+ LPA,14,0,1,2,4,2,1,0,8.0,No,No,No
HRA240595,Male,Vivek Sinha,vivek.sinha@hrhub.co.in,vivek.sinha,1,Y,80,HRHub Solutions Pvt. Ltd.,Information Technology & Business Services,India,55,46-55,1971-08-04,Single,PhD,Computer Science,Karnataka,Hubballi,9384153118,Marketing,Marketing Executive,Travel_Rarely,Work From Office,7.9,3,3,0,3,2021-02-09,81200,6-10 LPA,21,3,4,1,2,1,3,1,3.0,No,No,No
HRA240596,Male,Vikas Reddy,vikas.reddy@hrhub.co.in,vikas.reddy,1,Y,80,HRHub Solutions Pvt. Ltd.,Information Technology & Business Services,India,18,18-25,2008-07-25,Single,Master,Marketing,Kerala,Thiruvananthapuram,9427709785,Finance,Financial Analyst,Travel_Rarely,Remote,0.0,0,0,0,0,2029-01-01,25950,3-6 LPA,8,3,3,3,3,3,1,6,0.0,No,No,Yes
HRA240597,Male,Ayush Joshi,ayush.joshi@hrhub.co.in,ayush.joshi,1,Y,80,HRHub Solutions Pvt. Ltd.,Information Technology & Business Services,India,34,26-35,1992-07-29,Single,Bachelor,Human Resources,Rajasthan,Jodhpur,9855108892,Operations,Operations Executive,Travel_Rarely,Remote,11.6,10,7,2,8,2017-05-30,105300,10+ LPA,7,2,3,4,3,4,1,4,7.0,No,No,No
HRA240598,Female,Riya Nair,riya.nair@hrhub.co.in,riya.nair,1,Y,80,HRHub Solutions Pvt. Ltd.,Information Technology & Business Services,India,39,36-45,1987-07-31,Single,MBA,Finance,Uttar Pradesh,Noida,9835324781,Sales,Business Development Executive,Travel_Rarely,Hybrid,11.9,1,1,0,0,2017-02-10,127100,10+ LPA,23,3,3,3,4,2,1,3,8.0,No,No,No
HRA240599,Female,Tanvi Sen,tanvi.sen@hrhub.co.in,tanvi.sen,1,Y,80,HRHub Solutions Pvt. Ltd.,Information Technology & Business Services,India,22,18-25,2004-07-26,Single,MBA,Finance,Kerala,Kochi,9704451964,Sales,Business Development Executive,Non-Travel,Work From Office,0.0,0,0,0,0,2029-01-01,34200,3-6 LPA,13,2,2,3,2,3,4,6,0.0,Yes,Yes,No
HRA240600,Female,Riya Gupta,riya.gupta@hrhub.co.in,riya.gupta,1,Y,80,HRHub Solutions Pvt. Ltd.,Information Technology & Business Services,India,55,46-55,1971-08-04,Single,MBA,Operations,Gujarat,Ahmedabad,9589832435,Operations,Supply Chain Coordinator,Non-Travel,Hybrid,34.0,7,3,1,3,1995-01-10,129900,10+ LPA,24,2,4,2,2,2,2,2,6.0,No,No,Yes
HRA240601,Female,Shreya Patel,shreya.patel@hrhub.co.in,shreya.patel,1,Y,80,HRHub Solutions Pvt. Ltd.,Information Technology & Business Services,India,30,26-35,1996-07-28,Married,Master,Marketing,Uttar Pradesh,Lucknow,9043971888,Operations,Operations Manager,Travel_Rarely,Hybrid,6.6,5,4,1,2,2022-05-29,109600,10+ LPA,16,1,3,2,3,1,2,2,6.6,No,No,No
HRA240602,Female,Vaishnavi Joshi,vaishnavi.joshi@hrhub.co.in,vaishnavi.joshi,1,Y,80,HRHub Solutions Pvt. Ltd.,Information Technology & Business Services,India,37,36-45,1989-07-30,Single,Master,Business Administration,Kerala,Kozhikode,9425328369,Finance,Accountant,Non-Travel,Remote,0.5,0,0,0,0,2028-07-03,35200,3-6 LPA,23,1,3,2,1,1,3,3,0.5,No,No,No
HRA240603,Male,Rohan Mishra,rohan.mishra@hrhub.co.in,rohan.mishra,1,Y,80,HRHub Solutions Pvt. Ltd.,Information Technology & Business Services,India,60,55+,1966-08-05,Single,PhD,Computer Science,Karnataka,Hubballi,9619136406,Marketing,Digital Marketing Specialist,Non-Travel,Work From Office,37.7,4,4,1,0,1991-05-01,146450,10+ LPA,20,1,3,2,1,3,4,6,4.0,Yes,Yes,Yes
HRA240604,Female,Neha Mishra,neha.mishra@hrhub.co.in,neha.mishra,1,Y,80,HRHub Solutions Pvt. Ltd.,Information Technology & Business Services,India,32,26-35,1994-07-29,Married,Diploma,Computer,Telangana,Hyderabad,9235217921,Administration,Facility Coordinator,Travel_Rarely,Work From Office,0.8,0,0,0,0,2028-03-15,20550,0-3 LPA,19,0,3,3,1,3,4,6,0.8,No,No,No
HRA240605,Female,Deepika Jain,deepika.jain@hrhub.co.in,deepika.jain,1,Y,80,HRHub Solutions Pvt. Ltd.,Information Technology & Business Services,India,31,26-35,1995-07-29,Single,Bachelor,Finance,Kerala,Kozhikode,9768854346,Sales,Sales Manager,Travel_Rarely,Work From Office,3.2,3,1,1,1,2025-10-21,75250,6-10 LPA,6,1,3,3,4,1,4,5,3.2,No,Yes,No
HRA240606,Male,Manish Jain,manish.jain@hrhub.co.in,manish.jain,1,Y,80,HRHub Solutions Pvt. Ltd.,Information Technology & Business Services,India,59,55+,1967-08-05,Married,High School,General Education,Rajasthan,Jodhpur,9194001129,Human Resources,HR Executive,Travel_Rarely,Hybrid,19.1,17,15,4,3,2009-12-01,142450,10+ LPA,16,3,4,2,4,1,4,0,10.0,No,No,No
HRA240607,Female,Harini Singh,harini.singh@hrhub.co.in,harini.singh,1,Y,80,HRHub Solutions Pvt. Ltd.,Information Technology & Business Services,India,47,46-55,1979-08-02,Married,High School,General Education,Delhi,New Delhi,9355462228,Operations,Operations Manager,Travel_Rarely,Remote,10.1,0,0,0,0,2018-11-29,171650,10+ LPA,9,3,2,2,3,1,3,0,4.0,Yes,No,No
HRA240608,Female,Ananya Banerjee,ananya.banerjee@hrhub.co.in,ananya.banerjee,1,Y,80,HRHub Solutions Pvt. Ltd.,Information Technology & Business Services,India,37,36-45,1989-07-30,Divorced,MBA,Operations,Gujarat,Surat,9084695449,Sales,Sales Manager,Non-Travel,Hybrid,14.5,13,7,3,5,2014-07-07,170600,10+ LPA,7,1,3,1,1,1,3,1,2.0,No,No,Yes
HRA240609,Male,Manish Agarwal,manish.agarwal@hrhub.co.in,manish.agarwal,1,Y,80,HRHub Solutions Pvt. Ltd.,Information Technology & Business Services,India,48,46-55,1978-08-02,Married,MBA,Human Resources,West Bengal,Kolkata,9121722094,Finance,Financial Analyst,Travel_Rarely,Work From Office,25.0,9,1,4,8,2004-01-08,170800,10+ LPA,19,3,3,4,2,3,1,5,3.0,No,Yes,Yes
HRA240610,Female,Ishita Khan,ishita.khan@hrhub.co.in,ishita.khan,1,Y,80,HRHub Solutions Pvt. Ltd.,Information Technology & Business Services,India,49,46-55,1977-08-02,Single,Diploma,Computer,Karnataka,Hubballi,9774978953,Operations,Supply Chain Coordinator,Travel_Rarely,Remote,9.0,5,1,1,2,2020-01-04,77500,6-10 LPA,15,0,3,1,3,2,4,0,4.0,No,No,No
HRA240611,Male,Aarav Rao,aarav.rao@hrhub.co.in,aarav.rao,1,Y,80,HRHub Solutions Pvt. Ltd.,Information Technology & Business Services,India,50,46-55,1976-08-02,Single,Master,Computer Science,Telangana,Warangal,9144250969,Finance,Accountant,Travel_Frequently,Work From Office,14.1,10,0,0,5,2014-11-30,108450,10+ LPA,21,0,4,2,3,3,3,2,5.0,Yes,No,No
HRA240612,Male,Sandeep Mehta,sandeep.mehta@hrhub.co.in,sandeep.mehta,1,Y,80,HRHub Solutions Pvt. Ltd.,Information Technology & Business Services,India,40,36-45,1986-07-31,Single,High School,General Education,Uttar Pradesh,Noida,9809856835,Administration,Administrative Executive,Travel_Rarely,Work From Office,5.3,0,0,0,0,2023-09-16,61900,6-10 LPA,13,3,3,1,3,2,3,0,3.0,No,No,No
HRA240613,Male,Harsh Banerjee,harsh.banerjee@hrhub.co.in,harsh.banerjee,1,Y,80,HRHub Solutions Pvt. Ltd.,Information Technology & Business Services,India,27,26-35,1999-07-28,Married,High School,General Education,Tamil Nadu,Coimbatore,9498046065,Finance,Financial Analyst,Travel_Frequently,Work From Office,3.7,3,3,0,2,2025-04-22,44450,3-6 LPA,17,0,3,3,4,4,2,6,3.7,Yes,No,No
HRA240614,Male,Nikhil Ghosh,nikhil.ghosh@hrhub.co.in,nikhil.ghosh,1,Y,80,HRHub Solutions Pvt. Ltd.,Information Technology & Business Services,India,32,26-35,1994-07-29,Single,MBA,Marketing,Karnataka,Hubballi,9210811038,IT,Network Engineer,Travel_Rarely,Hybrid,10.6,8,0,0,7,2018-05-30,126900,10+ LPA,24,0,4,4,4,1,4,6,6.0,No,No,No
HRA240615,Male,Ayush Bose,ayush.bose@hrhub.co.in,ayush.bose,1,Y,80,HRHub Solutions Pvt. Ltd.,Information Technology & Business Services,India,45,36-45,1981-08-01,Single,MBA,Marketing,Delhi,New Delhi,9272490140,Human Resources,HR Business Partner,Travel_Rarely,Work From Office,6.7,4,4,2,4,2022-04-23,61650,6-10 LPA,12,2,3,3,2,4,2,2,6.7,Yes,No,No
HRA240616,Male,Sumit Kumar,sumit.kumar@hrhub.co.in,sumit.kumar,1,Y,80,HRHub Solutions Pvt. Ltd.,Information Technology & Business Services,India,51,46-55,1975-08-03,Single,Master,Finance,Maharashtra,Mumbai,9323020192,IT,Network Engineer,Travel_Rarely,Work From Office,6.9,2,1,1,1,2022-02-09,67400,6-10 LPA,16,0,3,1,4,4,1,2,2.0,No,No,No
HRA240617,Male,Nikhil Nair,nikhil.nair@hrhub.co.in,nikhil.nair,1,Y,80,HRHub Solutions Pvt. Ltd.,Information Technology & Business Services,India,48,46-55,1978-08-02,Married,High School,General Education,Karnataka,Bengaluru,9080026491,Finance,Financial Analyst,Travel_Frequently,Work From Office,22.8,16,11,6,8,2006-03-21,137200,10+ LPA,9,3,3,2,1,4,4,6,9.0,No,Yes,No
HRA240618,Female,Divya Kumar,divya.kumar@hrhub.co.in,divya.kumar,1,Y,80,HRHub Solutions Pvt. Ltd.,Information Technology & Business Services,India,44,36-45,1982-08-01,Single,Diploma,Electrical,Uttar Pradesh,Lucknow,9434889190,Administration,Office Administrator,Non-Travel,Work From Office,4.1,0,0,0,0,2024-11-27,44300,3-6 LPA,5,3,4,2,3,3,4,4,4.1,No,Yes,Yes
HRA240619,Female,Ritika Kapoor,ritika.kapoor@hrhub.co.in,ritika.kapoor,1,Y,80,HRHub Solutions Pvt. Ltd.,Information Technology & Business Services,India,29,26-35,1997-07-28,Single,PhD,Computer Science,Uttar Pradesh,Noida,9219404789,Sales,Business Development Executive,Travel_Rarely,Work From Office,0.9,0,0,0,0,2028-02-08,32600,3-6 LPA,17,1,3,2,4,3,1,2,0.9,No,No,Yes
HRA240620,Female,Ishita Singh,ishita.singh@hrhub.co.in,ishita.singh,1,Y,80,HRHub Solutions Pvt. Ltd.,Information Technology & Business Services,India,31,26-35,1995-07-29,Single,High School,General Education,Maharashtra,Mumbai,9824298527,Administration,Administrative Executive,Travel_Frequently,Work From Office,2.3,1,1,0,0,2026-09-15,41650,3-6 LPA,17,2,3,4,3,1,2,0,1.0,Yes,No,No
HRA240621,Male,Vikas Bose,vikas.bose@hrhub.co.in,vikas.bose,1,Y,80,HRHub Solutions Pvt. Ltd.,Information Technology & Business Services,India,58,55+,1968-08-04,Married,Bachelor,Business Administration,Kerala,Thiruvananthapuram,9881236886,IT,Software Engineer,Travel_Rarely,Work From Office,6.4,1,0,0,0,2022-08-10,61400,6-10 LPA,23,2,3,2,3,3,3,2,6.4,Yes,Yes,No
HRA240622,Male,Aditya Verma,aditya.verma@hrhub.co.in,aditya.verma,1,Y,80,HRHub Solutions Pvt. Ltd.,Information Technology & Business Services,India,23,18-25,2003-07-27,Divorced,PhD,Computer Science,West Bengal,Howrah,9707308141,Human Resources,HR Executive,Non-Travel,Work From Office,0.9,0,0,0,0,2028-02-08,30150,3-6 LPA,19,1,3,2,1,1,4,2,0.9,No,No,No
HRA240623,Male,Manish Sharma,manish.sharma@hrhub.co.in,manish.sharma,1,Y,80,HRHub Solutions Pvt. Ltd.,Information Technology & Business Services,India,54,46-55,1972-08-03,Single,Master,Human Resources,Gujarat,Vadodara,9172864213,IT,Software Engineer,Non-Travel,Work From Office,3.1,3,1,0,1,2025-11-27,51700,6-10 LPA,11,0,3,3,1,4,3,6,3.1,No,Yes,No
HRA240624,Female,Kavya Agarwal,kavya.agarwal@hrhub.co.in,kavya.agarwal,1,Y,80,HRHub Solutions Pvt. Ltd.,Information Technology & Business Services,India,19,18-25,2007-07-26,Married,PhD,Computer Science,Rajasthan,Jodhpur,9094207961,Operations,Supply Chain Coordinator,Travel_Rarely,Hybrid,0.0,0,0,0,0,2029-01-01,22500,0-3 LPA,22,3,1,4,1,3,4,2,0.0,No,Yes,No
HRA240625,Male,Nikhil Khan,nikhil.khan@hrhub.co.in,nikhil.khan,1,Y,80,HRHub Solutions Pvt. Ltd.,Information Technology & Business Services,India,45,36-45,1981-08-01,Married,PhD,Finance,Rajasthan,Udaipur,9678851682,Administration,Office Administrator,Non-Travel,Remote,19.9,4,4,1,3,2009-02-12,160100,10+ LPA,14,0,2,3,3,1,3,0,6.0,No,No,No
HRA240626,Male,Rohan Rao,rohan.rao@hrhub.co.in,rohan.rao,1,Y,80,HRHub Solutions Pvt. Ltd.,Information Technology & Business Services,India,59,55+,1967-08-05,Single,Master,Marketing,Rajasthan,Udaipur,9348085149,IT,Network Engineer,Travel_Rarely,Work From Office,3.8,3,2,1,0,2025-03-16,44750,3-6 LPA,8,1,3,3,2,4,2,4,3.8,No,No,No
HRA240627,Female,Anusha Jain,anusha.jain@hrhub.co.in,anusha.jain,1,Y,80,HRHub Solutions Pvt. Ltd.,Information Technology & Business Services,India,58,55+,1968-08-04,Married,Bachelor,Finance,Maharashtra,Mumbai,9168451224,Operations,Operations Executive,Travel_Rarely,Work From Office,16.5,6,0,1,4,2012-07-07,132000,10+ LPA,19,3,4,1,3,1,4,6,2.0,No,No,No
HRA240628,Male,Ankit Kumar,ankit.kumar@hrhub.co.in,ankit.kumar,1,Y,80,HRHub Solutions Pvt. Ltd.,Information Technology & Business Services,India,54,46-55,1972-08-03,Married,PhD,Management,Delhi,New Delhi,9621098532,Operations,Operations Manager,Travel_Rarely,Hybrid,26.3,1,1,0,1,2002-09-21,207250,10+ LPA,23,0,3,4,2,1,2,3,5.0,No,No,No
HRA240629,Male,Raj Singh,raj.singh@hrhub.co.in,raj.singh,1,Y,80,HRHub Solutions Pvt. Ltd.,Information Technology & Business Services,India,51,46-55,1975-08-03,Single,PhD,Management,Rajasthan,Jaipur,9948170496,IT,Data Analyst,Travel_Rarely,Work From Office,21.6,2,2,0,1,2007-06-02,187950,10+ LPA,19,0,1,4,2,1,2,5,8.0,No,No,No
HRA240630,Male,Sahil Mukherjee,sahil.mukherjee@hrhub.co.in,sahil.mukherjee,1,Y,80,HRHub Solutions Pvt. Ltd.,Information Technology & Business Services,India,54,46-55,1972-08-03,Married,Master,Computer Science,Rajasthan,Udaipur,9701524244,Finance,Accountant,Travel_Rarely,Remote,20.5,6,6,1,0,2008-07-08,128200,10+ LPA,17,3,3,3,1,1,2,5,5.0,No,No,No
HRA240631,Female,Aditi Sinha,aditi.sinha@hrhub.co.in,aditi.sinha,1,Y,80,HRHub Solutions Pvt. Ltd.,Information Technology & Business Services,India,55,46-55,1971-08-04,Married,High School,General Education,Rajasthan,Jaipur,9343071488,Operations,Operations Executive,Non-Travel,Remote,25.4,9,5,0,8,2003-08-15,134700,10+ LPA,25,2,3,4,3,1,4,2,8.0,No,No,No
HRA240632,Female,Kavya Rao,kavya.rao@hrhub.co.in,kavya.rao,1,Y,80,HRHub Solutions Pvt. Ltd.,Information Technology & Business Services,India,27,26-35,1999-07-28,Single,Diploma,Computer,Tamil Nadu,Chennai,9504647174,Finance,Financial Analyst,Travel_Rarely,Hybrid,3.3,2,0,1,1,2025-09-15,41000,3-6 LPA,13,2,1,1,4,1,1,1,3.3,No,No,Yes
HRA240633,Male,Amit Shah,amit.shah@hrhub.co.in,amit.shah,1,Y,80,HRHub Solutions Pvt. Ltd.,Information Technology & Business Services,India,44,36-45,1982-08-01,Single,Master,Finance,Karnataka,Bengaluru,9969262168,Human Resources,HR Business Partner,Travel_Rarely,Work From Office,1.1,0,0,0,0,2027-11-27,32350,3-6 LPA,23,1,3,2,2,3,3,0,1.1,No,No,No
HRA240634,Female,Khushi Das,khushi.das@hrhub.co.in,khushi.das,1,Y,80,HRHub Solutions Pvt. Ltd.,Information Technology & Business Services,India,54,46-55,1972-08-03,Married,PhD,Computer Science,Uttar Pradesh,Lucknow,9472731889,IT,Software Engineer,Travel_Rarely,Work From Office,8.8,2,0,0,1,2020-03-17,68950,6-10 LPA,16,3,2,1,4,4,2,2,2.0,No,Yes,Yes
HRA240635,Male,Amit Joshi,amit.joshi@hrhub.co.in,amit.joshi,1,Y,80,HRHub Solutions Pvt. Ltd.,Information Technology & Business Services,India,19,18-25,2007-07-26,Married,MBA,Finance,Delhi,New Delhi,9649290703,Marketing,Marketing Executive,Non-Travel,Work From Office,0.0,0,0,0,0,2029-01-01,29500,3-6 LPA,18,2,3,2,2,2,3,5,0.0,No,No,No
HRA240636,Female,Ananya Sinha,ananya.sinha@hrhub.co.in,ananya.sinha,1,Y,80,HRHub Solutions Pvt. Ltd.,Information Technology & Business Services,India,19,18-25,2007-07-26,Single,MBA,Human Resources,West Bengal,Howrah,9143456466,Finance,Finance Executive,Travel_Rarely,Hybrid,0.0,0,0,0,0,2029-01-01,28350,3-6 LPA,16,3,3,4,3,4,3,3,0.0,No,No,No
HRA240637,Female,Nikita Mehta,nikita.mehta@hrhub.co.in,nikita.mehta,1,Y,80,HRHub Solutions Pvt. Ltd.,Information Technology & Business Services,India,46,46-55,1980-08-01,Married,MBA,Finance,Delhi,New Delhi,9816940324,Sales,Sales Executive,Travel_Rarely,Work From Office,17.5,11,3,5,2,2011-07-08,185750,10+ LPA,14,2,3,2,1,3,4,0,0.0,Yes,No,No
HRA240638,Male,Aditya Khan,aditya.khan@hrhub.co.in,aditya.khan,1,Y,80,HRHub Solutions Pvt. Ltd.,Information Technology & Business Services,India,50,46-55,1976-08-02,Single,MBA,Marketing,Telangana,Warangal,9146905918,Finance,Financial Analyst,Travel_Rarely,Work From Office,13.3,12,0,0,5,2015-09-18,119500,10+ LPA,11,2,2,1,4,3,1,4,5.0,Yes,No,No
HRA240639,Female,Kavya Kumar,kavya.kumar@hrhub.co.in,kavya.kumar,1,Y,80,HRHub Solutions Pvt. Ltd.,Information Technology & Business Services,India,25,18-25,2001-07-27,Single,Master,Human Resources,Maharashtra,Mumbai,9942208595,Administration,Office Administrator,Non-Travel,Work From Office,3.2,0,0,0,0,2025-10-21,44050,3-6 LPA,23,1,4,1,4,1,4,3,3.2,No,No,No
HRA240640,Male,Amit Rao,amit.rao@hrhub.co.in,amit.rao,1,Y,80,HRHub Solutions Pvt. Ltd.,Information Technology & Business Services,India,23,18-25,2003-07-27,Single,Master,Computer Science,Delhi,New Delhi,9803253836,Administration,Administrative Executive,Travel_Rarely,Hybrid,1.4,0,0,0,0,2027-08-10,28700,3-6 LPA,18,2,2,1,1,1,3,3,1.4,No,Yes,Yes
HRA240641,Female,Ishita Nair,ishita.nair@hrhub.co.in,ishita.nair,1,Y,80,HRHub Solutions Pvt. Ltd.,Information Technology & Business Services,India,18,18-25,2008-07-25,Single,Bachelor,Information Technology,Rajasthan,Udaipur,9503559967,Finance,Accountant,Travel_Rarely,Work From Office,0.0,0,0,0,0,2029-01-01,33000,3-6 LPA,17,3,3,2,1,2,4,1,0.0,No,No,No
HRA240642,Female,Aditi Singh,aditi.singh@hrhub.co.in,aditi.singh,1,Y,80,HRHub Solutions Pvt. Ltd.,Information Technology & Business Services,India,42,36-45,1984-07-31,Single,Bachelor,Finance,Karnataka,Hubballi,9205849844,IT,System Administrator,Travel_Rarely,Work From Office,19.1,0,0,0,0,2009-12-01,141350,10+ LPA,16,1,3,2,4,3,1,6,7.0,No,No,No
HRA240643,Female,Tanvi Kumar,tanvi.kumar@hrhub.co.in,tanvi.kumar,1,Y,80,HRHub Solutions Pvt. Ltd.,Information Technology & Business Services,India,42,36-45,1984-07-31,Single,Diploma,Civil,Gujarat,Surat,9838686123,Operations,Operations Manager,Travel_Frequently,Work From Office,0.0,0,0,0,0,2029-01-01,57600,6-10 LPA,20,1,3,3,4,2,4,3,0.0,No,Yes,No
HRA240644,Female,Vidya Ghosh,vidya.ghosh@hrhub.co.in,vidya.ghosh,1,Y,80,HRHub Solutions Pvt. Ltd.,Information Technology & Business Services,India,51,46-55,1975-08-03,Single,Diploma,Computer,Gujarat,Surat,9701121435,Marketing,Content Strategist,Travel_Rarely,Work From Office,17.1,5,3,0,4,2011-12-01,178400,10+ LPA,22,0,3,4,3,4,1,2,0.0,Yes,No,No
HRA240645,Female,Priya Agarwal,priya.agarwal@hrhub.co.in,priya.agarwal,1,Y,80,HRHub Solutions Pvt. Ltd.,Information Technology & Business Services,India,42,36-45,1984-07-31,Single,High School,General Education,Delhi,New Delhi,9782992442,Finance,Financial Analyst,Travel_Frequently,Work From Office,10.9,3,1,0,3,2018-02-10,89950,10+ LPA,9,3,2,2,2,1,2,4,4.0,No,No,No
HRA240646,Female,Kavya Kumar,kavya.kumar@hrhub.co.in,kavya.kumar,1,Y,80,HRHub Solutions Pvt. Ltd.,Information Technology & Business Services,India,34,26-35,1992-07-29,Married,Master,Computer Science,Delhi,New Delhi,9868659279,Sales,Business Development Executive,Non-Travel,Remote,1.5,0,0,0,0,2027-07-04,29900,3-6 LPA,9,3,3,3,1,1,3,0,1.5,No,No,No
HRA240647,Male,Sahil Chatterjee,sahil.chatterjee@hrhub.co.in,sahil.chatterjee,1,Y,80,HRHub Solutions Pvt. Ltd.,Information Technology & Business Services,India,25,18-25,2001-07-27,Married,Bachelor,Business Administration,Tamil Nadu,Chennai,9147082319,Sales,Sales Manager,Travel_Rarely,Work From Office,1.4,0,0,0,0,2027-08-10,80150,6-10 LPA,21,0,3,3,1,2,3,0,1.4,Yes,No,No
HRA240648,Female,Swati Kapoor,swati.kapoor@hrhub.co.in,swati.kapoor,1,Y,80,HRHub Solutions Pvt. Ltd.,Information Technology & Business Services,India,46,46-55,1980-08-01,Married,Master,Finance,Telangana,Warangal,9183704702,Finance,Financial Analyst,Travel_Frequently,Hybrid,4.1,0,0,0,0,2024-11-27,41550,3-6 LPA,12,2,3,2,4,3,1,4,4.1,No,No,No
HRA240649,Female,Deepika Joshi,deepika.joshi@hrhub.co.in,deepika.joshi,1,Y,80,HRHub Solutions Pvt. Ltd.,Information Technology & Business Services,India,20,18-25,2006-07-26,Single,MBA,Operations,West Bengal,Kolkata,9591998855,Finance,Accountant,Travel_Frequently,Work From Office,0.0,0,0,0,0,2029-01-01,33400,3-6 LPA,15,2,4,2,2,1,3,2,0.0,No,No,Yes
HRA240650,Male,Arjun Roy,arjun.roy@hrhub.co.in,arjun.roy,1,Y,80,HRHub Solutions Pvt. Ltd.,Information Technology & Business Services,India,50,46-55,1976-08-02,Married,PhD,Finance,Telangana,Warangal,9335370632,Finance,Accountant,Travel_Rarely,Work From Office,2.5,2,1,1,1,2026-07-04,52650,6-10 LPA,9,2,3,1,4,4,2,0,2.5,No,No,No
HRA240651,Female,Shreya Sharma,shreya.sharma@hrhub.co.in,shreya.sharma,1,Y,80,HRHub Solutions Pvt. Ltd.,Information Technology & Business Services,India,42,36-45,1984-07-31,Single,Bachelor,Business Administration,Uttar Pradesh,Lucknow,9303663860,Finance,Financial Analyst,Travel_Frequently,Work From Office,2.4,1,1,0,0,2026-08-09,49800,3-6 LPA,7,3,3,3,2,2,4,3,1.0,No,No,No
HRA240652,Male,Aarav Jain,aarav.jain@hrhub.co.in,aarav.jain,1,Y,80,HRHub Solutions Pvt. Ltd.,Information Technology & Business Services,India,36,36-45,1990-07-30,Single,Bachelor,Business Administration,Rajasthan,Jodhpur,9287035171,Marketing,Content Strategist,Travel_Rarely,Hybrid,8.5,4,2,0,0,2020-07-05,76700,6-10 LPA,6,3,3,3,1,4,1,5,2.0,No,Yes,No
HRA240653,Female,Anusha Chatterjee,anusha.chatterjee@hrhub.co.in,anusha.chatterjee,1,Y,80,HRHub Solutions Pvt. Ltd.,Information Technology & Business Services,India,38,36-45,1988-07-30,Married,Bachelor,Human Resources,Gujarat,Ahmedabad,9402782015,Marketing,Marketing Executive,Travel_Rarely,Remote,15.2,7,5,1,1,2013-10-24,131450,10+ LPA,25,2,3,1,3,2,2,6,3.0,No,No,Yes
HRA240654,Female,Aditi Sen,aditi.sen@hrhub.co.in,aditi.sen,1,Y,80,HRHub Solutions Pvt. Ltd.,Information Technology & Business Services,India,48,46-55,1978-08-02,Married,PhD,Computer Science,Uttar Pradesh,Noida,9670806060,Human Resources,Talent Acquisition Specialist,Non-Travel,Hybrid,7.8,5,0,0,4,2021-03-17,59250,6-10 LPA,22,2,1,1,3,3,1,3,7.8,Yes,Yes,No
HRA240655,Male,Karan Jain,karan.jain@hrhub.co.in,karan.jain,1,Y,80,HRHub Solutions Pvt. Ltd.,Information Technology & Business Services,India,24,18-25,2002-07-27,Married,PhD,Computer Science,Tamil Nadu,Coimbatore,9155224113,Human Resources,HR Executive,Travel_Rarely,Work From Office,2.8,0,0,0,0,2026-03-17,47350,3-6 LPA,12,2,4,2,4,2,2,6,2.8,No,No,No
HRA240656,Female,Pooja Agarwal,pooja.agarwal@hrhub.co.in,pooja.agarwal,1,Y,80,HRHub Solutions Pvt. Ltd.,Information Technology & Business Services,India,44,36-45,1982-08-01,Divorced,MBA,Human Resources,Gujarat,Surat,9847093195,IT,Network Engineer,Travel_Rarely,Work From Office,22.2,7,4,2,4,2006-10-26,169000,10+ LPA,5,3,3,3,3,4,3,2,9.0,No,Yes,No
HRA240657,Male,Aditya Nair,aditya.nair@hrhub.co.in,aditya.nair,1,Y,80,HRHub Solutions Pvt. Ltd.,Information Technology & Business Services,India,48,46-55,1978-08-02,Single,Bachelor,Human Resources,Telangana,Warangal,9028601183,IT,Network Engineer,Non-Travel,Remote,0.9,0,0,0,0,2028-02-08,32550,3-6 LPA,8,0,1,4,1,3,3,5,0.9,No,No,No
HRA240658,Male,Manish Mehta,manish.mehta@hrhub.co.in,manish.mehta,1,Y,80,HRHub Solutions Pvt. Ltd.,Information Technology & Business Services,India,48,46-55,1978-08-02,Single,PhD,Computer Science,Kerala,Kozhikode,9511094526,Human Resources,Talent Acquisition Specialist,Travel_Frequently,Work From Office,11.0,5,0,1,3,2018-01-04,95100,10+ LPA,5,0,1,4,4,3,1,2,3.0,No,No,No
HRA240659,Female,Megha Mishra,megha.mishra@hrhub.co.in,megha.mishra,1,Y,80,HRHub Solutions Pvt. Ltd.,Information Technology & Business Services,India,55,46-55,1971-08-04,Divorced,PhD,Computer Science,Karnataka,Mysuru,9935488107,Finance,Accountant,Travel_Rarely,Hybrid,32.0,4,4,2,4,1997-01-09,172650,10+ LPA,12,3,4,4,2,1,1,0,2.0,No,No,No
HRA240660,Female,Tanvi Khan,tanvi.khan@hrhub.co.in,tanvi.khan,1,Y,80,HRHub Solutions Pvt. Ltd.,Information Technology & Business Services,India,55,46-55,1971-08-04,Single,Bachelor,Marketing,Gujarat,Ahmedabad,9514940074,Sales,Sales Manager,Non-Travel,Work From Office,7.7,7,1,0,2,2021-04-23,116900,10+ LPA,6,3,3,1,3,3,3,4,7.7,No,No,No
HRA240661,Male,Gaurav Das,gaurav.das@hrhub.co.in,gaurav.das,1,Y,80,HRHub Solutions Pvt. Ltd.,Information Technology & Business Services,India,41,36-45,1985-07-31,Single,Master,Marketing,Telangana,Warangal,9732549660,Sales,Sales Manager,Travel_Frequently,Work From Office,12.7,3,3,0,1,2016-04-24,161100,10+ LPA,19,0,4,1,4,4,2,4,6.0,No,No,No
HRA240662,Male,Rahul Jain,rahul.jain@hrhub.co.in,rahul.jain,1,Y,80,HRHub Solutions Pvt. Ltd.,Information Technology & Business Services,India,34,26-35,1992-07-29,Single,MBA,Finance,Tamil Nadu,Chennai,9685446068,Marketing,Content Strategist,Travel_Rarely,Work From Office,7.9,3,1,0,0,2021-02-09,76850,6-10 LPA,11,0,4,3,2,1,4,4,5.0,No,No,No
HRA240663,Female,Pooja Joshi,pooja.joshi@hrhub.co.in,pooja.joshi,1,Y,80,HRHub Solutions Pvt. Ltd.,Information Technology & Business Services,India,40,36-45,1986-07-31,Married,Bachelor,Commerce,Telangana,Hyderabad,9404416316,Operations,Supply Chain Coordinator,Travel_Frequently,Hybrid,14.6,4,0,1,0,2014-05-31,86000,10+ LPA,12,1,3,1,3,4,3,6,2.0,Yes,No,Yes
HRA240664,Female,Aditi Kumar,aditi.kumar@hrhub.co.in,aditi.kumar,1,Y,80,HRHub Solutions Pvt. Ltd.,Information Technology & Business Services,India,50,46-55,1976-08-02,Single,MBA,Human Resources,Telangana,Hyderabad,9289170888,Administration,Administrative Executive,Non-Travel,Work From Office,27.6,15,10,3,0,2001-06-03,169500,10+ LPA,22,3,4,2,2,4,4,6,6.0,No,Yes,No
HRA240665,Female,Ananya Bose,ananya.bose@hrhub.co.in,ananya.bose,1,Y,80,HRHub Solutions Pvt. Ltd.,Information Technology & Business Services,India,38,36-45,1988-07-30,Married,High School,General Education,Rajasthan,Udaipur,9491465167,Sales,Business Development Executive,Travel_Rarely,Work From Office,7.5,5,1,1,0,2021-07-05,69850,6-10 LPA,21,3,3,4,2,4,2,0,1.0,No,Yes,No
HRA240666,Female,Kavya Mukherjee,kavya.mukherjee@hrhub.co.in,kavya.mukherjee,1,Y,80,HRHub Solutions Pvt. Ltd.,Information Technology & Business Services,India,23,18-25,2003-07-27,Single,Diploma,Civil,Rajasthan,Jaipur,9963481300,Human Resources,Talent Acquisition Specialist,Non-Travel,Work From Office,0.8,0,0,0,0,2028-03-15,31300,3-6 LPA,12,1,1,1,4,4,2,2,0.0,No,No,Yes
HRA240667,Male,Aditya Mishra,aditya.mishra@hrhub.co.in,aditya.mishra,1,Y,80,HRHub Solutions Pvt. Ltd.,Information Technology & Business Services,India,22,18-25,2004-07-26,Married,PhD,Finance,Karnataka,Mysuru,9189329865,Finance,Financial Analyst,Non-Travel,Hybrid,0.3,0,0,0,0,2028-09-14,35150,3-6 LPA,6,1,4,3,2,4,1,1,0.3,Yes,Yes,No
HRA240668,Female,Anusha Patel,anusha.patel@hrhub.co.in,anusha.patel,1,Y,80,HRHub Solutions Pvt. Ltd.,Information Technology & Business Services,India,56,55+,1970-08-04,Married,Diploma,Civil,Karnataka,Mysuru,9212193387,Finance,Accountant,Travel_Rarely,Work From Office,27.9,20,5,8,18,2001-02-14,159000,10+ LPA,16,3,3,4,3,4,3,5,1.0,Yes,No,No
HRA240669,Male,Aditya Nair,aditya.nair@hrhub.co.in,aditya.nair,1,Y,80,HRHub Solutions Pvt. Ltd.,Information Technology & Business Services,India,26,26-35,2000-07-27,Divorced,Bachelor,Marketing,Tamil Nadu,Madurai,9037649413,Finance,Accountant,Non-Travel,Work From Office,4.4,2,2,1,1,2024-08-09,47950,3-6 LPA,9,2,3,3,2,2,3,6,1.0,No,No,No
HRA240670,Male,Ankit Kumar,ankit.kumar@hrhub.co.in,ankit.kumar,1,Y,80,HRHub Solutions Pvt. Ltd.,Information Technology & Business Services,India,38,36-45,1988-07-30,Married,Master,Computer Science,Delhi,New Delhi,9330561311,Administration,Facility Coordinator,Travel_Frequently,Work From Office,2.4,0,0,0,0,2026-08-09,48750,3-6 LPA,10,0,4,3,2,2,1,6,1.0,Yes,No,Yes
HRA240671,Male,Sumit Sharma,sumit.sharma@hrhub.co.in,sumit.sharma,1,Y,80,HRHub Solutions Pvt. Ltd.,Information Technology & Business Services,India,21,18-25,2005-07-26,Married,MBA,Marketing,Delhi,New Delhi,9091389198,Sales,Sales Manager,Non-Travel,Work From Office,0.0,0,0,0,0,2029-01-01,63950,6-10 LPA,15,3,2,2,3,1,3,4,0.0,No,No,No
HRA240672,Female,Ritika Banerjee,ritika.banerjee@hrhub.co.in,ritika.banerjee,1,Y,80,HRHub Solutions Pvt. Ltd.,Information Technology & Business Services,India,47,46-55,1979-08-02,Single,Master,Business Administration,Maharashtra,Mumbai,9446442359,Marketing,Content Strategist,Non-Travel,Hybrid,7.1,4,0,2,4,2021-11-28,62950,6-10 LPA,5,1,3,4,3,3,2,6,2.0,No,No,No
HRA240673,Male,Akash Kapoor,akash.kapoor@hrhub.co.in,akash.kapoor,1,Y,80,HRHub Solutions Pvt. Ltd.,Information Technology & Business Services,India,47,46-55,1979-08-02,Single,MBA,Marketing,Telangana,Hyderabad,9915965866,Operations,Supply Chain Coordinator,Travel_Frequently,Work From Office,1.4,0,0,0,0,2027-08-10,27200,3-6 LPA,12,3,3,2,2,4,2,1,1.4,No,No,No
HRA240674,Male,Akash Nair,akash.nair@hrhub.co.in,akash.nair,1,Y,80,HRHub Solutions Pvt. Ltd.,Information Technology & Business Services,India,40,36-45,1986-07-31,Divorced,MBA,Operations,Telangana,Hyderabad,9446658490,Marketing,Content Strategist,Travel_Frequently,Remote,6.7,0,0,0,0,2022-04-23,66550,6-10 LPA,8,2,4,2,2,2,3,6,6.7,No,No,No
HRA240675,Female,Neha Ghosh,neha.ghosh@hrhub.co.in,neha.ghosh,1,Y,80,HRHub Solutions Pvt. Ltd.,Information Technology & Business Services,India,29,26-35,1997-07-28,Married,MBA,Human Resources,Maharashtra,Nagpur,9443604884,Marketing,Content Strategist,Travel_Frequently,Hybrid,5.8,0,0,0,0,2023-03-17,67200,6-10 LPA,15,3,3,2,4,2,4,4,5.8,Yes,Yes,No
HRA240676,Female,Ishita Saha,ishita.saha@hrhub.co.in,ishita.saha,1,Y,80,HRHub Solutions Pvt. Ltd.,Information Technology & Business Services,India,21,18-25,2005-07-26,Single,Bachelor,Marketing,Maharashtra,Pune,9746743340,Marketing,Content Strategist,Travel_Frequently,Work From Office,0.0,0,0,0,0,2029-01-01,26550,3-6 LPA,12,0,4,4,2,4,3,4,0.0,No,Yes,No
HRA240677,Female,Ishita Sharma,ishita.sharma@hrhub.co.in,ishita.sharma,1,Y,80,HRHub Solutions Pvt. Ltd.,Information Technology & Business Services,India,34,26-35,1992-07-29,Single,Diploma,Computer,Karnataka,Hubballi,9015852632,Finance,Accountant,Travel_Rarely,Hybrid,10.3,10,5,3,7,2018-09-17,124350,10+ LPA,22,2,3,1,3,3,2,0,1.0,Yes,No,No
HRA240678,Male,Rahul Ghosh,rahul.ghosh@hrhub.co.in,rahul.ghosh,1,Y,80,HRHub Solutions Pvt. Ltd.,Information Technology & Business Services,India,43,36-45,1983-08-01,Single,Bachelor,Computer Science,Karnataka,Hubballi,9814977418,Administration,Facility Coordinator,Travel_Frequently,Work From Office,1.8,1,0,0,0,2027-03-16,27650,3-6 LPA,13,1,3,2,4,4,2,2,1.8,No,Yes,No
HRA240679,Female,Vidya Chatterjee,vidya.chatterjee@hrhub.co.in,vidya.chatterjee,1,Y,80,HRHub Solutions Pvt. Ltd.,Information Technology & Business Services,India,52,46-55,1974-08-03,Married,MBA,Operations,Rajasthan,Jaipur,9547374571,Human Resources,Talent Acquisition Specialist,Non-Travel,Work From Office,13.9,10,7,4,3,2015-02-11,92700,10+ LPA,25,0,3,2,2,2,4,3,8.0,Yes,Yes,Yes
HRA240680,Female,Kavya Sinha,kavya.sinha@hrhub.co.in,kavya.sinha,1,Y,80,HRHub Solutions Pvt. Ltd.,Information Technology & Business Services,India,28,26-35,1998-07-28,Married,Master,Finance,Kerala,Kozhikode,9977041458,Marketing,Digital Marketing Specialist,Travel_Rarely,Work From Office,1.4,0,0,0,0,2027-08-10,26000,3-6 LPA,21,3,3,3,3,3,1,6,0.0,No,Yes,Yes
HRA240681,Female,Sneha Shah,sneha.shah@hrhub.co.in,sneha.shah,1,Y,80,HRHub Solutions Pvt. Ltd.,Information Technology & Business Services,India,51,46-55,1975-08-03,Married,Master,Marketing,Maharashtra,Mumbai,9966679399,Operations,Operations Executive,Travel_Rarely,Work From Office,28.1,12,10,5,0,2000-12-03,182950,10+ LPA,23,0,3,4,2,1,4,5,9.0,No,Yes,No
HRA240682,Male,Raj Bose,raj.bose@hrhub.co.in,raj.bose,1,Y,80,HRHub Solutions Pvt. Ltd.,Information Technology & Business Services,India,18,18-25,2008-07-25,Single,Diploma,Computer,West Bengal,Howrah,9083195264,Sales,Sales Manager,Travel_Rarely,Hybrid,0.0,0,0,0,0,2029-01-01,78350,6-10 LPA,5,2,3,4,4,3,1,6,0.0,No,Yes,No
HRA240683,Male,Aarav Das,aarav.das@hrhub.co.in,aarav.das,1,Y,80,HRHub Solutions Pvt. Ltd.,Information Technology & Business Services,India,52,46-55,1974-08-03,Divorced,PhD,Computer Science,Delhi,New Delhi,9371424388,Administration,Office Administrator,Travel_Rarely,Hybrid,26.8,5,5,1,4,2002-03-22,130300,10+ LPA,22,2,4,4,4,3,4,1,8.0,No,No,No
HRA240684,Female,Anusha Ghosh,anusha.ghosh@hrhub.co.in,anusha.ghosh,1,Y,80,HRHub Solutions Pvt. Ltd.,Information Technology & Business Services,India,27,26-35,1999-07-28,Single,Diploma,Mechanical,Gujarat,Vadodara,9805602224,IT,Software Engineer,Travel_Rarely,Work From Office,6.0,0,0,0,0,2023-01-03,72800,6-10 LPA,6,3,3,1,4,3,2,4,3.0,No,No,No
HRA240685,Male,Pranav Saha,pranav.saha@hrhub.co.in,pranav.saha,1,Y,80,HRHub Solutions Pvt. Ltd.,Information Technology & Business Services,India,55,46-55,1971-08-04,Single,High School,General Education,Rajasthan,Jaipur,9244913061,Administration,Facility Coordinator,Travel_Rarely,Hybrid,16.5,8,1,4,3,2012-07-07,146700,10+ LPA,13,0,4,4,3,1,3,6,1.0,No,Yes,No
HRA240686,Male,Harsh Chatterjee,harsh.chatterjee@hrhub.co.in,harsh.chatterjee,1,Y,80,HRHub Solutions Pvt. Ltd.,Information Technology & Business Services,India,32,26-35,1994-07-29,Married,Diploma,Civil,Maharashtra,Mumbai,9023232139,Marketing,Content Strategist,Travel_Frequently,Remote,5.9,4,0,1,1,2023-02-09,71150,6-10 LPA,15,0,2,1,3,1,4,6,1.0,Yes,No,No
HRA240687,Female,Ishita Sen,ishita.sen@hrhub.co.in,ishita.sen,1,Y,80,HRHub Solutions Pvt. Ltd.,Information Technology & Business Services,India,27,26-35,1999-07-28,Divorced,High School,General Education,Kerala,Thiruvananthapuram,9842814351,Operations,Supply Chain Coordinator,Travel_Frequently,Work From Office,4.2,4,4,1,4,2024-10-21,52300,6-10 LPA,20,3,3,1,1,1,3,2,3.0,No,No,No
HRA240688,Male,Akash Sen,akash.sen@hrhub.co.in,akash.sen,1,Y,80,HRHub Solutions Pvt. Ltd.,Information Technology & Business Services,India,36,36-45,1990-07-30,Single,High School,General Education,Rajasthan,Jodhpur,9206456200,Marketing,Content Strategist,Travel_Rarely,Work From Office,7.4,6,6,2,1,2021-08-10,78850,6-10 LPA,11,3,2,2,1,3,4,2,6.0,No,No,No
HRA240689,Female,Priya Verma,priya.verma@hrhub.co.in,priya.verma,1,Y,80,HRHub Solutions Pvt. Ltd.,Information Technology & Business Services,India,22,18-25,2004-07-26,Married,Diploma,Computer,Kerala,Thiruvananthapuram,9401305972,Human Resources,HR Executive,Travel_Rarely,Hybrid,0.3,0,0,0,0,2028-09-14,20900,0-3 LPA,22,3,4,4,4,1,2,6,0.0,No,No,Yes
HRA240690,Male,Rohan Shah,rohan.shah@hrhub.co.in,rohan.shah,1,Y,80,HRHub Solutions Pvt. Ltd.,Information Technology & Business Services,India,40,36-45,1986-07-31,Single,Bachelor,Computer Science,West Bengal,Howrah,9166845015,Sales,Sales Manager,Travel_Frequently,Work From Office,6.5,4,2,2,0,2022-07-05,110200,10+ LPA,18,0,3,2,4,1,3,3,0.0,No,No,No
HRA240691,Female,Tanvi Chatterjee,tanvi.chatterjee@hrhub.co.in,tanvi.chatterjee,1,Y,80,HRHub Solutions Pvt. Ltd.,Information Technology & Business Services,India,48,46-55,1978-08-02,Single,High School,General Education,Telangana,Hyderabad,9533453384,Sales,Sales Executive,Travel_Rarely,Work From Office,11.3,7,3,1,1,2017-09-17,92150,10+ LPA,10,0,3,2,1,3,4,2,5.0,No,Yes,No
HRA240692,Female,Ananya Khan,ananya.khan@hrhub.co.in,ananya.khan,1,Y,80,HRHub Solutions Pvt. Ltd.,Information Technology & Business Services,India,52,46-55,1974-08-03,Married,Master,Human Resources,Kerala,Thiruvananthapuram,9197439504,Human Resources,Talent Acquisition Specialist,Non-Travel,Work From Office,9.3,9,2,0,9,2019-09-17,64350,6-10 LPA,15,2,3,1,2,2,1,6,1.0,No,No,No
HRA240693,Female,Sneha Kapoor,sneha.kapoor@hrhub.co.in,sneha.kapoor,1,Y,80,HRHub Solutions Pvt. Ltd.,Information Technology & Business Services,India,35,26-35,1991-07-30,Married,Diploma,Electrical,West Bengal,Durgapur,9958742796,Operations,Operations Executive,Travel_Rarely,Work From Office,12.0,10,5,0,9,2017-01-04,105550,10+ LPA,22,3,3,1,4,2,2,4,10.0,No,Yes,No
HRA240694,Female,Vidya Verma,vidya.verma@hrhub.co.in,vidya.verma,1,Y,80,HRHub Solutions Pvt. Ltd.,Information Technology & Business Services,India,54,46-55,1972-08-03,Married,Bachelor,Computer Science,West Bengal,Kolkata,9189462311,IT,Network Engineer,Travel_Rarely,Hybrid,12.2,3,3,0,0,2016-10-23,93000,10+ LPA,11,1,3,1,1,3,4,6,4.0,Yes,No,No
HRA240695,Female,Vaishnavi Mehta,vaishnavi.mehta@hrhub.co.in,vaishnavi.mehta,1,Y,80,HRHub Solutions Pvt. Ltd.,Information Technology & Business Services,India,54,46-55,1972-08-03,Single,High School,General Education,Telangana,Warangal,9359283962,Human Resources,HR Business Partner,Non-Travel,Work From Office,3.3,3,0,1,2,2025-09-15,49450,3-6 LPA,17,2,4,4,3,1,4,1,3.0,No,No,No
HRA240696,Female,Anusha Bose,anusha.bose@hrhub.co.in,anusha.bose,1,Y,80,HRHub Solutions Pvt. Ltd.,Information Technology & Business Services,India,21,18-25,2005-07-26,Married,Master,Marketing,Kerala,Thiruvananthapuram,9939249623,Human Resources,HR Business Partner,Travel_Rarely,Work From Office,0.0,0,0,0,0,2029-01-01,24950,0-3 LPA,21,1,4,3,4,4,3,0,0.0,No,Yes,No
HRA240697,Male,Amit Banerjee,amit.banerjee@hrhub.co.in,amit.banerjee,1,Y,80,HRHub Solutions Pvt. Ltd.,Information Technology & Business Services,India,48,46-55,1978-08-02,Married,Master,Marketing,Telangana,Hyderabad,9534503581,IT,System Administrator,Non-Travel,Work From Office,23.9,20,20,0,20,2005-02-13,175850,10+ LPA,8,2,3,4,4,1,3,6,7.0,No,No,No
HRA240698,Male,Ayush Mehta,ayush.mehta@hrhub.co.in,ayush.mehta,1,Y,80,HRHub Solutions Pvt. Ltd.,Information Technology & Business Services,India,30,26-35,1996-07-28,Married,Bachelor,Information Technology,Rajasthan,Udaipur,9622719217,Finance,Financial Analyst,Travel_Rarely,Remote,8.8,6,3,1,4,2020-03-17,59900,6-10 LPA,6,3,4,4,4,2,2,3,5.0,No,No,No
HRA240699,Female,Vaishnavi Mishra,vaishnavi.mishra@hrhub.co.in,vaishnavi.mishra,1,Y,80,HRHub Solutions Pvt. Ltd.,Information Technology & Business Services,India,44,36-45,1982-08-01,Single,PhD,Management,Karnataka,Mysuru,9402261234,Sales,Business Development Executive,Travel_Frequently,Hybrid,7.8,7,2,2,4,2021-03-17,73200,6-10 LPA,19,3,3,2,4,1,3,6,7.8,No,Yes,No
HRA240700,Female,Swati Nair,swati.nair@hrhub.co.in,swati.nair,1,Y,80,HRHub Solutions Pvt. Ltd.,Information Technology & Business Services,India,50,46-55,1976-08-02,Married,MBA,Marketing,Delhi,New Delhi,9703315667,Administration,Administrative Executive,Travel_Rarely,Work From Office,28.5,21,1,8,10,2000-07-10,125700,10+ LPA,24,1,3,4,1,4,4,5,2.0,No,No,No
HRA240701,Female,Pooja Sharma,pooja.sharma@hrhub.co.in,pooja.sharma,1,Y,80,HRHub Solutions Pvt. Ltd.,Information Technology & Business Services,India,54,46-55,1972-08-03,Single,High School,General Education,Maharashtra,Nagpur,9975863804,Administration,Administrative Executive,Travel_Frequently,Work From Office,12.8,6,3,0,1,2016-03-18,80250,6-10 LPA,17,1,3,3,2,4,1,5,0.0,No,No,Yes
HRA240702,Male,Karan Saha,karan.saha@hrhub.co.in,karan.saha,1,Y,80,HRHub Solutions Pvt. Ltd.,Information Technology & Business Services,India,48,46-55,1978-08-02,Married,PhD,Finance,Rajasthan,Jodhpur,9758402493,Marketing,Digital Marketing Specialist,Travel_Rarely,Work From Office,16.2,4,3,2,1,2012-10-24,147500,10+ LPA,13,2,3,1,3,4,2,5,0.0,No,No,No
HRA240703,Male,Mohit Bose,mohit.bose@hrhub.co.in,mohit.bose,1,Y,80,HRHub Solutions Pvt. Ltd.,Information Technology & Business Services,India,35,26-35,1991-07-30,Married,PhD,Management,Rajasthan,Jaipur,9456636305,Administration,Office Administrator,Travel_Rarely,Work From Office,2.7,1,1,0,0,2026-04-22,47100,3-6 LPA,12,1,3,2,3,4,2,3,2.7,No,No,Yes
HRA240704,Male,Amit Khan,amit.khan@hrhub.co.in,amit.khan,1,Y,80,HRHub Solutions Pvt. Ltd.,Information Technology & Business Services,India,20,18-25,2006-07-26,Married,Diploma,Civil,Delhi,New Delhi,9629235621,Sales,Sales Executive,Travel_Rarely,Work From Office,0.0,0,0,0,0,2029-01-01,30300,3-6 LPA,14,1,4,2,4,1,4,4,0.0,No,No,Yes
HRA240705,Female,Ananya Das,ananya.das@hrhub.co.in,ananya.das,1,Y,80,HRHub Solutions Pvt. Ltd.,Information Technology & Business Services,India,34,26-35,1992-07-29,Single,Bachelor,Business Administration,Gujarat,Ahmedabad,9107690700,Sales,Business Development Executive,Travel_Rarely,Work From Office,7.5,7,4,2,3,2021-07-05,76750,6-10 LPA,23,1,3,4,1,4,1,6,5.0,No,No,No
HRA240706,Male,Mohit Agarwal,mohit.agarwal@hrhub.co.in,mohit.agarwal,1,Y,80,HRHub Solutions Pvt. Ltd.,Information Technology & Business Services,India,44,36-45,1982-08-01,Married,High School,General Education,Karnataka,Bengaluru,9231230367,Finance,Financial Analyst,Travel_Rarely,Work From Office,23.0,1,0,0,0,2006-01-07,140750,10+ LPA,5,1,3,3,2,1,4,1,8.0,No,No,No
HRA240707,Male,Gaurav Das,gaurav.das@hrhub.co.in,gaurav.das,1,Y,80,HRHub Solutions Pvt. Ltd.,Information Technology & Business Services,India,36,36-45,1990-07-30,Married,MBA,Human Resources,Karnataka,Hubballi,9168839211,Human Resources,HR Executive,Travel_Frequently,Work From Office,5.2,3,1,0,2,2023-10-22,65200,6-10 LPA,20,3,4,4,2,2,1,0,5.2,No,Yes,No
HRA240708,Female,Riya Kapoor,riya.kapoor@hrhub.co.in,riya.kapoor,1,Y,80,HRHub Solutions Pvt. Ltd.,Information Technology & Business Services,India,45,36-45,1981-08-01,Married,Bachelor,Information Technology,Rajasthan,Jodhpur,9508825704,Human Resources,Talent Acquisition Specialist,Travel_Frequently,Hybrid,6.1,4,1,1,4,2022-11-28,72550,6-10 LPA,20,2,2,1,3,2,1,2,4.0,No,No,No
HRA240709,Female,Vidya Patel,vidya.patel@hrhub.co.in,vidya.patel,1,Y,80,HRHub Solutions Pvt. Ltd.,Information Technology & Business Services,India,55,46-55,1971-08-04,Married,High School,General Education,Rajasthan,Udaipur,9080753939,Marketing,Digital Marketing Specialist,Travel_Frequently,Work From Office,25.9,13,12,0,0,2003-02-14,181550,10+ LPA,10,3,1,2,4,3,3,5,8.0,No,No,No
HRA240710,Male,Sumit Singh,sumit.singh@hrhub.co.in,sumit.singh,1,Y,80,HRHub Solutions Pvt. Ltd.,Information Technology & Business Services,India,31,26-35,1995-07-29,Married,MBA,Finance,Gujarat,Ahmedabad,9634716780,Human Resources,HR Business Partner,Travel_Frequently,Hybrid,5.5,2,2,1,1,2023-07-05,65650,6-10 LPA,9,1,3,2,3,1,3,4,0.0,No,Yes,No
HRA240711,Male,Shubham Patel,shubham.patel@hrhub.co.in,shubham.patel,1,Y,80,HRHub Solutions Pvt. Ltd.,Information Technology & Business Services,India,54,46-55,1972-08-03,Single,PhD,Computer Science,Gujarat,Vadodara,9768694618,Human Resources,HR Executive,Travel_Rarely,Hybrid,2.1,0,0,0,0,2026-11-27,37000,3-6 LPA,15,3,3,2,4,2,3,3,2.1,No,Yes,No
HRA240712,Female,Vidya Sen,vidya.sen@hrhub.co.in,vidya.sen,1,Y,80,HRHub Solutions Pvt. Ltd.,Information Technology & Business Services,India,58,55+,1968-08-04,Married,MBA,Operations,Gujarat,Ahmedabad,9578666736,Sales,Sales Executive,Travel_Rarely,Work From Office,3.6,1,1,0,1,2025-05-28,40600,3-6 LPA,13,3,3,3,3,1,3,0,3.6,No,No,No
HRA240713,Female,Vidya Mishra,vidya.mishra@hrhub.co.in,vidya.mishra,1,Y,80,HRHub Solutions Pvt. Ltd.,Information Technology & Business Services,India,27,26-35,1999-07-28,Married,MBA,Finance,Rajasthan,Jaipur,9371059602,Finance,Accountant,Travel_Frequently,Work From Office,1.7,0,0,0,0,2027-04-22,27350,3-6 LPA,11,3,4,1,1,4,2,2,1.7,No,No,No
HRA240714,Female,Anjali Patel,anjali.patel@hrhub.co.in,anjali.patel,1,Y,80,HRHub Solutions Pvt. Ltd.,Information Technology & Business Services,India,41,36-45,1985-07-31,Single,Bachelor,Human Resources,Uttar Pradesh,Noida,9716315938,Administration,Facility Coordinator,Travel_Frequently,Work From Office,14.7,7,6,0,1,2014-04-25,114000,10+ LPA,23,0,3,2,3,3,1,6,2.0,No,No,Yes
HRA240715,Male,Karan Sen,karan.sen@hrhub.co.in,karan.sen,1,Y,80,HRHub Solutions Pvt. Ltd.,Information Technology & Business Services,India,53,46-55,1973-08-03,Married,MBA,Operations,Tamil Nadu,Madurai,9354085842,Sales,Sales Executive,Travel_Rarely,Hybrid,20.1,19,5,8,15,2008-12-01,152300,10+ LPA,15,3,3,2,4,4,1,2,5.0,No,Yes,No
HRA240716,Male,Sumit Kapoor,sumit.kapoor@hrhub.co.in,sumit.kapoor,1,Y,80,HRHub Solutions Pvt. Ltd.,Information Technology & Business Services,India,23,18-25,2003-07-27,Divorced,Diploma,Electrical,Uttar Pradesh,Lucknow,9326408194,Human Resources,HR Business Partner,Travel_Rarely,Remote,1.5,0,0,0,0,2027-07-04,33950,3-6 LPA,12,2,3,1,2,1,3,3,1.5,No,No,No
HRA240717,Female,Vaishnavi Patel,vaishnavi.patel@hrhub.co.in,vaishnavi.patel,1,Y,80,HRHub Solutions Pvt. Ltd.,Information Technology & Business Services,India,28,26-35,1998-07-28,Married,Master,Computer Science,West Bengal,Kolkata,9528700190,IT,Data Analyst,Non-Travel,Work From Office,5.3,1,0,0,0,2023-09-16,73200,6-10 LPA,9,2,3,4,4,2,2,5,0.0,No,No,No
HRA240718,Female,Swati Saha,swati.saha@hrhub.co.in,swati.saha,1,Y,80,HRHub Solutions Pvt. Ltd.,Information Technology & Business Services,India,44,36-45,1982-08-01,Married,High School,General Education,Uttar Pradesh,Lucknow,9701095575,Finance,Finance Executive,Non-Travel,Remote,3.0,2,2,1,2,2026-01-02,51000,6-10 LPA,11,3,2,1,4,1,3,6,3.0,No,Yes,Yes
HRA240719,Female,Shreya Bose,shreya.bose@hrhub.co.in,shreya.bose,1,Y,80,HRHub Solutions Pvt. Ltd.,Information Technology & Business Services,India,50,46-55,1976-08-02,Married,Bachelor,Business Administration,Rajasthan,Jaipur,9589186239,Finance,Financial Analyst,Travel_Rarely,Work From Office,18.8,2,2,1,1,2010-03-20,133000,10+ LPA,17,1,3,1,1,1,3,3,1.0,No,No,Yes
HRA240720,Female,Pooja Patel,pooja.patel@hrhub.co.in,pooja.patel,1,Y,80,HRHub Solutions Pvt. Ltd.,Information Technology & Business Services,India,39,36-45,1987-07-31,Married,High School,General Education,Delhi,New Delhi,9086146391,Administration,Office Administrator,Travel_Frequently,Work From Office,5.3,1,1,0,1,2023-09-16,71250,6-10 LPA,18,1,4,1,3,4,1,0,2.0,No,Yes,No
HRA240721,Female,Vaishnavi Shah,vaishnavi.shah@hrhub.co.in,vaishnavi.shah,1,Y,80,HRHub Solutions Pvt. Ltd.,Information Technology & Business Services,India,28,26-35,1998-07-28,Divorced,Diploma,Computer,Telangana,Hyderabad,9362013421,Human Resources,Talent Acquisition Specialist,Travel_Rarely,Work From Office,1.6,0,0,0,0,2027-05-28,22600,0-3 LPA,5,1,2,4,3,2,3,4,1.0,No,No,No
HRA240722,Female,Ishita Nair,ishita.nair@hrhub.co.in,ishita.nair,1,Y,80,HRHub Solutions Pvt. Ltd.,Information Technology & Business Services,India,36,36-45,1990-07-30,Married,MBA,Marketing,Tamil Nadu,Coimbatore,9919878133,Marketing,Marketing Executive,Travel_Frequently,Work From Office,11.4,8,8,1,3,2017-08-11,98750,10+ LPA,15,2,2,2,4,1,3,2,4.0,No,Yes,No
HRA240723,Female,Riya Khan,riya.khan@hrhub.co.in,riya.khan,1,Y,80,HRHub Solutions Pvt. Ltd.,Information Technology & Business Services,India,40,36-45,1986-07-31,Single,Bachelor,Computer Science,Delhi,New Delhi,9907024991,Human Resources,Talent Acquisition Specialist,Travel_Rarely,Hybrid,16.4,15,14,6,15,2012-08-13,171650,10+ LPA,11,3,4,1,3,3,3,2,7.0,No,Yes,No
HRA240724,Male,Pranav Gupta,pranav.gupta@hrhub.co.in,pranav.gupta,1,Y,80,HRHub Solutions Pvt. Ltd.,Information Technology & Business Services,India,47,46-55,1979-08-02,Single,Master,Business Administration,Gujarat,Ahmedabad,9724449712,Finance,Financial Analyst,Non-Travel,Work From Office,1.9,0,0,0,0,2027-02-08,28750,3-6 LPA,8,1,4,3,2,3,1,1,1.9,No,Yes,No
HRA240725,Female,Ishita Patel,ishita.patel@hrhub.co.in,ishita.patel,1,Y,80,HRHub Solutions Pvt. Ltd.,Information Technology & Business Services,India,56,55+,1970-08-04,Married,Master,Human Resources,Maharashtra,Mumbai,9374896782,IT,Data Analyst,Non-Travel,Work From Office,4.4,3,0,0,2,2024-08-09,46800,3-6 LPA,22,0,3,3,4,3,1,2,0.0,No,No,No
HRA240726,Male,Karan Reddy,karan.reddy@hrhub.co.in,karan.reddy,1,Y,80,HRHub Solutions Pvt. Ltd.,Information Technology & Business Services,India,35,26-35,1991-07-30,Married,Master,Computer Science,Delhi,New Delhi,9627061050,Administration,Facility Coordinator,Travel_Rarely,Hybrid,13.6,9,5,1,7,2015-05-31,89800,10+ LPA,22,0,3,3,1,3,4,4,7.0,No,Yes,No
HRA240727,Male,Manish Sharma,manish.sharma@hrhub.co.in,manish.sharma,1,Y,80,HRHub Solutions Pvt. Ltd.,Information Technology & Business Services,India,36,36-45,1990-07-30,Single,PhD,Computer Science,Telangana,Warangal,9339828836,Sales,Sales Manager,Non-Travel,Work From Office,6.8,6,0,3,4,2022-03-17,135050,10+ LPA,22,3,3,4,1,4,2,5,6.8,No,No,No
HRA240728,Female,Riya Verma,riya.verma@hrhub.co.in,riya.verma,1,Y,80,HRHub Solutions Pvt. Ltd.,Information Technology & Business Services,India,53,46-55,1973-08-03,Single,PhD,Computer Science,Telangana,Warangal,9841300932,Finance,Accountant,Travel_Rarely,Work From Office,0.7,0,0,0,0,2028-04-21,36200,3-6 LPA,7,2,3,1,2,2,4,1,0.7,No,Yes,No
HRA240729,Male,Vivek Rao,vivek.rao@hrhub.co.in,vivek.rao,1,Y,80,HRHub Solutions Pvt. Ltd.,Information Technology & Business Services,India,21,18-25,2005-07-26,Single,Bachelor,Computer Science,West Bengal,Kolkata,9658177292,Human Resources,HR Business Partner,Travel_Rarely,Work From Office,0.0,0,0,0,0,2029-01-01,27150,3-6 LPA,12,1,4,2,4,1,1,0,0.0,Yes,No,No
HRA240730,Male,Aarav Nair,aarav.nair@hrhub.co.in,aarav.nair,1,Y,80,HRHub Solutions Pvt. Ltd.,Information Technology & Business Services,India,31,26-35,1995-07-29,Married,MBA,Finance,Karnataka,Hubballi,9221243652,Sales,Sales Executive,Travel_Rarely,Work From Office,8.0,4,2,0,0,2021-01-03,79600,6-10 LPA,6,0,3,1,1,4,1,2,8.0,Yes,No,No
HRA240731,Male,Varun Bose,varun.bose@hrhub.co.in,varun.bose,1,Y,80,HRHub Solutions Pvt. Ltd.,Information Technology & Business Services,India,38,36-45,1988-07-30,Single,PhD,Management,Karnataka,Bengaluru,9250112875,Administration,Facility Coordinator,Travel_Rarely,Work From Office,0.7,0,0,0,0,2028-04-21,25200,3-6 LPA,24,0,3,2,4,1,1,0,0.7,No,No,No
HRA240732,Male,Rahul Khan,rahul.khan@hrhub.co.in,rahul.khan,1,Y,80,HRHub Solutions Pvt. Ltd.,Information Technology & Business Services,India,44,36-45,1982-08-01,Single,MBA,Human Resources,Rajasthan,Jaipur,9483591275,Finance,Financial Analyst,Travel_Frequently,Work From Office,19.9,19,19,0,11,2009-02-12,143250,10+ LPA,12,1,4,3,4,3,1,6,9.0,No,No,No
HRA240733,Female,Vidya Mishra,vidya.mishra@hrhub.co.in,vidya.mishra,1,Y,80,HRHub Solutions Pvt. Ltd.,Information Technology & Business Services,India,30,26-35,1996-07-28,Married,Master,Human Resources,Maharashtra,Nagpur,9585881185,Human Resources,HR Business Partner,Travel_Rarely,Work From Office,0.2,0,0,0,0,2028-10-20,29800,3-6 LPA,9,3,2,4,1,1,3,1,0.0,No,No,No
HRA240734,Female,Ishita Rao,ishita.rao@hrhub.co.in,ishita.rao,1,Y,80,HRHub Solutions Pvt. Ltd.,Information Technology & Business Services,India,42,36-45,1984-07-31,Married,MBA,Finance,Gujarat,Vadodara,9780078616,Marketing,Marketing Executive,Travel_Rarely,Work From Office,5.2,5,3,1,2,2023-10-22,58600,6-10 LPA,14,0,3,3,2,3,3,3,5.2,Yes,No,No
HRA240735,Male,Sandeep Kumar,sandeep.kumar@hrhub.co.in,sandeep.kumar,1,Y,80,HRHub Solutions Pvt. Ltd.,Information Technology & Business Services,India,24,18-25,2002-07-27,Married,PhD,Finance,Karnataka,Hubballi,9383349415,Human Resources,HR Executive,Travel_Rarely,Hybrid,1.9,1,1,0,1,2027-02-08,21250,0-3 LPA,16,3,2,4,1,1,1,1,1.0,Yes,No,No
HRA240736,Female,Ritika Mukherjee,ritika.mukherjee@hrhub.co.in,ritika.mukherjee,1,Y,80,HRHub Solutions Pvt. Ltd.,Information Technology & Business Services,India,22,18-25,2004-07-26,Married,MBA,Operations,Kerala,Thiruvananthapuram,9892930907,IT,Data Analyst,Non-Travel,Work From Office,0.0,0,0,0,0,2029-01-01,38800,3-6 LPA,5,2,3,4,4,1,3,6,0.0,No,No,No
HRA240737,Male,Manish Sharma,manish.sharma@hrhub.co.in,manish.sharma,1,Y,80,HRHub Solutions Pvt. Ltd.,Information Technology & Business Services,India,41,36-45,1985-07-31,Married,MBA,Operations,Delhi,New Delhi,9840704190,Finance,Financial Analyst,Non-Travel,Work From Office,13.6,1,1,0,0,2015-05-31,101600,10+ LPA,23,3,3,1,1,3,2,6,3.0,No,Yes,No
HRA240738,Female,Anusha Patel,anusha.patel@hrhub.co.in,anusha.patel,1,Y,80,HRHub Solutions Pvt. Ltd.,Information Technology & Business Services,India,45,36-45,1981-08-01,Single,High School,General Education,Rajasthan,Udaipur,9502313744,Sales,Sales Manager,Travel_Rarely,Work From Office,9.1,0,0,0,0,2019-11-29,122800,10+ LPA,5,0,3,2,2,4,2,6,0.0,Yes,Yes,No
HRA240739,Male,Karan Sinha,karan.sinha@hrhub.co.in,karan.sinha,1,Y,80,HRHub Solutions Pvt. Ltd.,Information Technology & Business Services,India,27,26-35,1999-07-28,Single,Diploma,Mechanical,Uttar Pradesh,Kanpur,9679575718,IT,Network Engineer,Travel_Rarely,Work From Office,0.2,0,0,0,0,2028-10-20,44350,3-6 LPA,19,2,3,2,2,1,3,0,0.2,Yes,No,No
HRA240740,Male,Rahul Patel,rahul.patel@hrhub.co.in,rahul.patel,1,Y,80,HRHub Solutions Pvt. Ltd.,Information Technology & Business Services,India,30,26-35,1996-07-28,Single,Diploma,Civil,Uttar Pradesh,Lucknow,9909366176,Human Resources,Talent Acquisition Specialist,Non-Travel,Work From Office,7.0,3,3,1,0,2022-01-03,65050,6-10 LPA,25,3,2,3,3,1,4,2,7.0,No,Yes,No
HRA240741,Female,Shreya Ghosh,shreya.ghosh@hrhub.co.in,shreya.ghosh,1,Y,80,HRHub Solutions Pvt. Ltd.,Information Technology & Business Services,India,44,36-45,1982-08-01,Single,High School,General Education,Tamil Nadu,Madurai,9443402885,Operations,Operations Manager,Travel_Rarely,Remote,1.3,1,1,0,1,2027-09-15,71100,6-10 LPA,12,2,3,1,2,1,4,6,1.3,No,Yes,No
HRA240742,Male,Rohan Sharma,rohan.sharma@hrhub.co.in,rohan.sharma,1,Y,80,HRHub Solutions Pvt. Ltd.,Information Technology & Business Services,India,43,36-45,1983-08-01,Single,Bachelor,Information Technology,Uttar Pradesh,Lucknow,9112699289,IT,Data Analyst,Travel_Rarely,Work From Office,9.8,1,0,0,1,2019-03-18,76800,6-10 LPA,6,0,3,1,4,2,3,2,3.0,Yes,Yes,No
HRA240743,Female,Anusha Rao,anusha.rao@hrhub.co.in,anusha.rao,1,Y,80,HRHub Solutions Pvt. Ltd.,Information Technology & Business Services,India,26,26-35,2000-07-27,Married,Bachelor,Information Technology,West Bengal,Howrah,9106846665,Sales,Sales Manager,Travel_Rarely,Work From Office,1.4,0,0,0,0,2027-08-10,74950,6-10 LPA,11,3,3,4,4,1,2,6,1.0,No,No,No
HRA240744,Female,Pooja Saha,pooja.saha@hrhub.co.in,pooja.saha,1,Y,80,HRHub Solutions Pvt. Ltd.,Information Technology & Business Services,India,37,36-45,1989-07-30,Single,Bachelor,Finance,West Bengal,Kolkata,9319139683,Sales,Business Development Executive,Non-Travel,Hybrid,2.7,2,0,1,1,2026-04-22,56850,6-10 LPA,10,1,3,4,1,1,2,2,0.0,No,No,No
HRA240745,Female,Ritika Singh,ritika.singh@hrhub.co.in,ritika.singh,1,Y,80,HRHub Solutions Pvt. Ltd.,Information Technology & Business Services,India,55,46-55,1971-08-04,Single,MBA,Human Resources,Kerala,Kochi,9783677447,Finance,Accountant,Non-Travel,Work From Office,3.9,2,1,1,2,2025-02-08,55700,6-10 LPA,13,3,2,4,4,1,3,0,2.0,No,Yes,No
HRA240746,Female,Anjali Mehta,anjali.mehta@hrhub.co.in,anjali.mehta,1,Y,80,HRHub Solutions Pvt. Ltd.,Information Technology & Business Services,India,55,46-55,1971-08-04,Married,Bachelor,Commerce,Tamil Nadu,Chennai,9839632470,Administration,Administrative Executive,Travel_Rarely,Hybrid,32.4,20,8,7,3,1996-08-16,130850,10+ LPA,6,0,3,1,4,1,1,3,8.0,No,Yes,No
HRA240747,Female,Swati Mukherjee,swati.mukherjee@hrhub.co.in,swati.mukherjee,1,Y,80,HRHub Solutions Pvt. Ltd.,Information Technology & Business Services,India,43,36-45,1983-08-01,Married,Bachelor,Information Technology,West Bengal,Durgapur,9998391875,Marketing,Content Strategist,Travel_Rarely,Work From Office,6.6,0,0,0,0,2022-05-29,69100,6-10 LPA,8,0,4,1,2,3,4,3,0.0,No,No,No
HRA240748,Male,Rohan Sinha,rohan.sinha@hrhub.co.in,rohan.sinha,1,Y,80,HRHub Solutions Pvt. Ltd.,Information Technology & Business Services,India,34,26-35,1992-07-29,Married,MBA,Finance,Maharashtra,Nagpur,9637072185,Administration,Facility Coordinator,Travel_Rarely,Work From Office,5.2,2,0,1,1,2023-10-22,62750,6-10 LPA,14,2,4,1,1,4,3,1,4.0,Yes,No,Yes
HRA240749,Female,Neha Agarwal,neha.agarwal@hrhub.co.in,neha.agarwal,1,Y,80,HRHub Solutions Pvt. Ltd.,Information Technology & Business Services,India,36,36-45,1990-07-30,Married,Diploma,Civil,Uttar Pradesh,Kanpur,9141277015,Finance,Accountant,Non-Travel,Work From Office,9.0,2,2,0,2,2020-01-04,65400,6-10 LPA,8,1,4,1,1,4,3,5,0.0,Yes,No,No
HRA240750,Male,Mohit Ghosh,mohit.ghosh@hrhub.co.in,mohit.ghosh,1,Y,80,HRHub Solutions Pvt. Ltd.,Information Technology & Business Services,India,52,46-55,1974-08-03,Married,PhD,Management,Delhi,New Delhi,9376035672,Marketing,Digital Marketing Specialist,Travel_Rarely,Work From Office,25.4,5,1,0,3,2003-08-15,145700,10+ LPA,9,1,3,2,3,2,2,5,6.0,Yes,No,No
HRA240751,Male,Arjun Das,arjun.das@hrhub.co.in,arjun.das,1,Y,80,HRHub Solutions Pvt. Ltd.,Information Technology & Business Services,India,27,26-35,1999-07-28,Married,Bachelor,Finance,Karnataka,Mysuru,9583441730,Marketing,Content Strategist,Non-Travel,Hybrid,4.4,4,0,2,4,2024-08-09,42050,3-6 LPA,9,2,2,2,4,2,3,6,4.4,No,Yes,No
HRA240752,Male,Ankit Agarwal,ankit.agarwal@hrhub.co.in,ankit.agarwal,1,Y,80,HRHub Solutions Pvt. Ltd.,Information Technology & Business Services,India,57,55+,1969-08-04,Single,Master,Human Resources,Kerala,Kozhikode,9009293677,Marketing,Digital Marketing Specialist,Non-Travel,Work From Office,12.6,4,4,1,2,2016-05-30,103400,10+ LPA,9,3,4,4,2,4,2,1,3.0,No,No,No
HRA240753,Male,Rahul Sen,rahul.sen@hrhub.co.in,rahul.sen,1,Y,80,HRHub Solutions Pvt. Ltd.,Information Technology & Business Services,India,40,36-45,1986-07-31,Single,PhD,Management,Delhi,New Delhi,9851393116,Human Resources,HR Executive,Travel_Rarely,Hybrid,8.0,5,3,2,5,2021-01-03,72700,6-10 LPA,19,2,4,1,3,4,1,6,7.0,Yes,No,Yes
HRA240754,Male,Deepak Sinha,deepak.sinha@hrhub.co.in,deepak.sinha,1,Y,80,HRHub Solutions Pvt. Ltd.,Information Technology & Business Services,India,32,26-35,1994-07-29,Single,Master,Finance,Gujarat,Surat,9013584103,Operations,Operations Manager,Travel_Rarely,Hybrid,4.9,1,0,0,0,2024-02-09,80650,6-10 LPA,12,1,4,4,1,4,4,5,4.9,No,No,No
HRA240755,Male,Vivek Nair,vivek.nair@hrhub.co.in,vivek.nair,1,Y,80,HRHub Solutions Pvt. Ltd.,Information Technology & Business Services,India,19,18-25,2007-07-26,Married,Master,Human Resources,Rajasthan,Jodhpur,9639987568,Administration,Facility Coordinator,Travel_Rarely,Work From Office,0.0,0,0,0,0,2029-01-01,28150,3-6 LPA,21,2,3,2,2,3,1,6,0.0,No,No,No
HRA240756,Male,Sandeep Sharma,sandeep.sharma@hrhub.co.in,sandeep.sharma,1,Y,80,HRHub Solutions Pvt. Ltd.,Information Technology & Business Services,India,42,36-45,1984-07-31,Married,MBA,Operations,Delhi,New Delhi,9013065332,Finance,Finance Executive,Travel_Frequently,Work From Office,17.6,2,0,1,1,2011-06-01,150850,10+ LPA,8,0,3,4,3,3,4,6,5.0,No,Yes,No
HRA240757,Female,Sonali Nair,sonali.nair@hrhub.co.in,sonali.nair,1,Y,80,HRHub Solutions Pvt. Ltd.,Information Technology & Business Services,India,53,46-55,1973-08-03,Single,MBA,Finance,Maharashtra,Nagpur,9004703226,Administration,Facility Coordinator,Travel_Rarely,Work From Office,24.7,17,9,3,2,2004-04-27,133200,10+ LPA,13,3,3,1,3,2,2,0,2.0,No,Yes,No
HRA240758,Female,Divya Patel,divya.patel@hrhub.co.in,divya.patel,1,Y,80,HRHub Solutions Pvt. Ltd.,Information Technology & Business Services,India,27,26-35,1999-07-28,Single,Master,Computer Science,Telangana,Hyderabad,9109728938,Finance,Accountant,Travel_Rarely,Hybrid,3.8,0,0,0,0,2025-03-16,40600,3-6 LPA,6,3,4,3,4,1,3,5,3.8,Yes,Yes,No
HRA240759,Female,Tanvi Mehta,tanvi.mehta@hrhub.co.in,tanvi.mehta,1,Y,80,HRHub Solutions Pvt. Ltd.,Information Technology & Business Services,India,45,36-45,1981-08-01,Married,Diploma,Mechanical,Maharashtra,Mumbai,9945319422,Finance,Financial Analyst,Travel_Rarely,Hybrid,3.9,0,0,0,0,2025-02-08,48450,3-6 LPA,20,3,4,2,2,2,4,2,0.0,No,Yes,No
HRA240760,Female,Ritika Jain,ritika.jain@hrhub.co.in,ritika.jain,1,Y,80,HRHub Solutions Pvt. Ltd.,Information Technology & Business Services,India,23,18-25,2003-07-27,Married,PhD,Management,Kerala,Kochi,9601616876,Finance,Finance Executive,Travel_Rarely,Work From Office,0.9,0,0,0,0,2028-02-08,34050,3-6 LPA,21,1,3,1,4,1,1,6,0.9,No,No,No
HRA240761,Male,Ankit Reddy,ankit.reddy@hrhub.co.in,ankit.reddy,1,Y,80,HRHub Solutions Pvt. Ltd.,Information Technology & Business Services,India,38,36-45,1988-07-30,Married,MBA,Marketing,West Bengal,Durgapur,9335862342,Operations,Operations Executive,Travel_Rarely,Work From Office,12.9,2,1,1,0,2016-02-11,84100,10+ LPA,13,2,4,2,2,1,3,3,6.0,No,No,No
HRA240762,Male,Vikas Singh,vikas.singh@hrhub.co.in,vikas.singh,1,Y,80,HRHub Solutions Pvt. Ltd.,Information Technology & Business Services,India,43,36-45,1983-08-01,Single,PhD,Computer Science,Gujarat,Ahmedabad,9743421084,Finance,Finance Executive,Travel_Rarely,Work From Office,12.4,3,0,0,0,2016-08-11,118500,10+ LPA,18,2,3,1,2,4,4,2,8.0,No,No,No
HRA240763,Female,Tanvi Shah,tanvi.shah@hrhub.co.in,tanvi.shah,1,Y,80,HRHub Solutions Pvt. Ltd.,Information Technology & Business Services,India,45,36-45,1981-08-01,Single,Bachelor,Finance,Telangana,Warangal,9976646926,Human Resources,Talent Acquisition Specialist,Travel_Frequently,Work From Office,1.0,0,0,0,0,2028-01-02,28250,3-6 LPA,13,1,3,3,3,4,4,1,1.0,No,No,No
HRA240764,Male,Aditya Banerjee,aditya.banerjee@hrhub.co.in,aditya.banerjee,1,Y,80,HRHub Solutions Pvt. Ltd.,Information Technology & Business Services,India,24,18-25,2002-07-27,Single,PhD,Management,Rajasthan,Jaipur,9528137242,Sales,Sales Executive,Non-Travel,Work From Office,1.1,1,0,0,1,2027-11-27,31950,3-6 LPA,15,3,2,4,4,2,1,6,0.0,Yes,No,No
HRA240765,Female,Harini Gupta,harini.gupta@hrhub.co.in,harini.gupta,1,Y,80,HRHub Solutions Pvt. Ltd.,Information Technology & Business Services,India,21,18-25,2005-07-26,Married,Master,Marketing,Kerala,Kochi,9012153238,Marketing,Digital Marketing Specialist,Travel_Rarely,Work From Office,0.0,0,0,0,0,2029-01-01,29950,3-6 LPA,22,0,2,2,1,3,3,2,0.0,Yes,No,No
HRA240766,Female,Kavya Shah,kavya.shah@hrhub.co.in,kavya.shah,1,Y,80,HRHub Solutions Pvt. Ltd.,Information Technology & Business Services,India,45,36-45,1981-08-01,Single,MBA,Finance,Telangana,Warangal,9165126547,Sales,Sales Executive,Travel_Rarely,Work From Office,18.8,2,1,0,1,2010-03-20,134400,10+ LPA,22,3,3,4,1,1,1,4,8.0,No,No,Yes
HRA240767,Male,Karan Saha,karan.saha@hrhub.co.in,karan.saha,1,Y,80,HRHub Solutions Pvt. Ltd.,Information Technology & Business Services,India,48,46-55,1978-08-02,Single,PhD,Computer Science,Rajasthan,Jodhpur,9123543360,IT,Data Analyst,Travel_Rarely,Work From Office,11.1,2,2,0,2,2017-11-29,118150,10+ LPA,19,1,3,4,4,1,2,0,6.0,No,No,No
HRA240768,Female,Vaishnavi Roy,vaishnavi.roy@hrhub.co.in,vaishnavi.roy,1,Y,80,HRHub Solutions Pvt. Ltd.,Information Technology & Business Services,India,18,18-25,2008-07-25,Single,Master,Marketing,Maharashtra,Mumbai,9559319949,Finance,Financial Analyst,Travel_Rarely,Hybrid,0.0,0,0,0,0,2029-01-01,32550,3-6 LPA,22,3,3,2,4,2,2,2,0.0,No,No,No
HRA240769,Male,Sandeep Joshi,sandeep.joshi@hrhub.co.in,sandeep.joshi,1,Y,80,HRHub Solutions Pvt. Ltd.,Information Technology & Business Services,India,40,36-45,1986-07-31,Divorced,High School,General Education,Telangana,Warangal,9036340916,Administration,Administrative Executive,Travel_Rarely,Work From Office,17.6,6,1,3,1,2011-06-01,139100,10+ LPA,15,1,3,3,2,2,2,5,6.0,No,Yes,No
HRA240770,Male,Mohit Kapoor,mohit.kapoor@hrhub.co.in,mohit.kapoor,1,Y,80,HRHub Solutions Pvt. Ltd.,Information Technology & Business Services,India,55,46-55,1971-08-04,Divorced,Master,Computer Science,Gujarat,Ahmedabad,9868159156,IT,System Administrator,Travel_Frequently,Work From Office,16.5,8,1,3,0,2012-07-07,153050,10+ LPA,22,0,2,4,1,4,1,1,9.0,No,Yes,Yes
HRA240771,Female,Anjali Kapoor,anjali.kapoor@hrhub.co.in,anjali.kapoor,1,Y,80,HRHub Solutions Pvt. Ltd.,Information Technology & Business Services,India,48,46-55,1978-08-02,Single,Master,Marketing,Gujarat,Vadodara,9650002197,Marketing,Digital Marketing Specialist,Non-Travel,Hybrid,11.4,10,7,0,10,2017-08-11,107900,10+ LPA,18,0,2,3,4,1,2,2,6.0,No,No,No
HRA240772,Female,Anjali Das,anjali.das@hrhub.co.in,anjali.das,1,Y,80,HRHub Solutions Pvt. Ltd.,Information Technology & Business Services,India,41,36-45,1985-07-31,Single,Diploma,Mechanical,West Bengal,Howrah,9142284746,Marketing,Digital Marketing Specialist,Travel_Rarely,Hybrid,4.2,4,0,2,2,2024-10-21,52850,6-10 LPA,25,2,3,4,2,3,1,6,0.0,No,No,No
HRA240773,Female,Deepika Roy,deepika.roy@hrhub.co.in,deepika.roy,1,Y,80,HRHub Solutions Pvt. Ltd.,Information Technology & Business Services,India,23,18-25,2003-07-27,Married,Bachelor,Computer Science,Karnataka,Bengaluru,9129058884,Administration,Facility Coordinator,Non-Travel,Remote,1.3,0,0,0,0,2027-09-15,30700,3-6 LPA,12,2,3,4,1,4,1,5,1.3,Yes,No,No
HRA240774,Male,Amit Reddy,amit.reddy@hrhub.co.in,amit.reddy,1,Y,80,HRHub Solutions Pvt. Ltd.,Information Technology & Business Services,India,60,55+,1966-08-05,Single,Bachelor,Information Technology,West Bengal,Kolkata,9931142311,Human Resources,HR Business Partner,Travel_Rarely,Hybrid,27.0,20,0,4,19,2002-01-08,171550,10+ LPA,23,1,2,2,1,4,1,2,3.0,No,No,No
HRA240775,Male,Raj Joshi,raj.joshi@hrhub.co.in,raj.joshi,1,Y,80,HRHub Solutions Pvt. Ltd.,Information Technology & Business Services,India,40,36-45,1986-07-31,Married,High School,General Education,Kerala,Kozhikode,9938788431,Administration,Administrative Executive,Travel_Rarely,Hybrid,5.0,4,3,1,2,2024-01-03,55850,6-10 LPA,19,1,1,1,2,1,1,4,5.0,No,Yes,No
HRA240776,Male,Ankit Singh,ankit.singh@hrhub.co.in,ankit.singh,1,Y,80,HRHub Solutions Pvt. Ltd.,Information Technology & Business Services,India,54,46-55,1972-08-03,Single,Bachelor,Computer Science,Karnataka,Bengaluru,9628016807,Finance,Accountant,Non-Travel,Work From Office,18.9,11,10,5,10,2010-02-12,172500,10+ LPA,19,3,2,1,4,4,3,5,0.0,No,No,No
HRA240777,Male,Gaurav Agarwal,gaurav.agarwal@hrhub.co.in,gaurav.agarwal,1,Y,80,HRHub Solutions Pvt. Ltd.,Information Technology & Business Services,India,21,18-25,2005-07-26,Married,Master,Marketing,Karnataka,Mysuru,9172775399,Human Resources,HR Business Partner,Non-Travel,Hybrid,0.0,0,0,0,0,2029-01-01,30800,3-6 LPA,8,2,3,2,1,3,2,4,0.0,Yes,Yes,No
HRA240778,Female,Sonali Das,sonali.das@hrhub.co.in,sonali.das,1,Y,80,HRHub Solutions Pvt. Ltd.,Information Technology & Business Services,India,28,26-35,1998-07-28,Married,Bachelor,Finance,Rajasthan,Jodhpur,9761661185,IT,Software Engineer,Travel_Frequently,Work From Office,0.1,0,0,0,0,2028-11-26,39300,3-6 LPA,18,3,3,4,1,3,3,3,0.1,No,Yes,Yes
HRA240779,Male,Rohan Mishra,rohan.mishra@hrhub.co.in,rohan.mishra,1,Y,80,HRHub Solutions Pvt. Ltd.,Information Technology & Business Services,India,38,36-45,1988-07-30,Single,Master,Marketing,Delhi,New Delhi,9272590635,Marketing,Content Strategist,Travel_Rarely,Work From Office,2.0,1,0,0,0,2027-01-02,40000,3-6 LPA,24,1,4,3,4,1,2,5,1.0,Yes,Yes,No
HRA240780,Male,Pranav Mukherjee,pranav.mukherjee@hrhub.co.in,pranav.mukherjee,1,Y,80,HRHub Solutions Pvt. Ltd.,Information Technology & Business Services,India,23,18-25,2003-07-27,Single,MBA,Finance,West Bengal,Kolkata,9459387959,IT,Data Analyst,Travel_Rarely,Work From Office,0.5,0,0,0,0,2028-07-03,32150,3-6 LPA,11,0,1,4,2,4,2,3,0.5,No,No,No
HRA240781,Male,Raj Bose,raj.bose@hrhub.co.in,raj.bose,1,Y,80,HRHub Solutions Pvt. Ltd.,Information Technology & Business Services,India,39,36-45,1987-07-31,Single,MBA,Finance,Uttar Pradesh,Noida,9833682614,Operations,Supply Chain Coordinator,Travel_Rarely,Work From Office,14.0,5,2,1,2,2015-01-05,97100,10+ LPA,6,0,4,4,4,4,3,6,2.0,No,No,No
HRA240782,Male,Arjun Kumar,arjun.kumar@hrhub.co.in,arjun.kumar,1,Y,80,HRHub Solutions Pvt. Ltd.,Information Technology & Business Services,India,40,36-45,1986-07-31,Single,High School,General Education,Gujarat,Ahmedabad,9979447401,Operations,Supply Chain Coordinator,Non-Travel,Work From Office,7.8,6,4,2,4,2021-03-17,80150,6-10 LPA,19,1,3,3,2,2,2,2,0.0,No,Yes,Yes
HRA240783,Male,Ankit Ghosh,ankit.ghosh@hrhub.co.in,ankit.ghosh,1,Y,80,HRHub Solutions Pvt. Ltd.,Information Technology & Business Services,India,55,46-55,1971-08-04,Single,MBA,Operations,Karnataka,Hubballi,9501023941,Human Resources,Talent Acquisition Specialist,Travel_Rarely,Hybrid,1.9,1,0,0,1,2027-02-08,34500,3-6 LPA,13,0,3,2,2,3,3,6,1.0,Yes,No,No
HRA240784,Female,Aditi Sen,aditi.sen@hrhub.co.in,aditi.sen,1,Y,80,HRHub Solutions Pvt. Ltd.,Information Technology & Business Services,India,29,26-35,1997-07-28,Married,MBA,Finance,Karnataka,Mysuru,9993478776,Finance,Finance Executive,Non-Travel,Work From Office,7.3,7,3,0,7,2021-09-16,60800,6-10 LPA,20,1,2,2,4,1,1,3,7.3,No,No,No
HRA240785,Male,Rohan Nair,rohan.nair@hrhub.co.in,rohan.nair,1,Y,80,HRHub Solutions Pvt. Ltd.,Information Technology & Business Services,India,33,26-35,1993-07-29,Single,PhD,Management,Telangana,Hyderabad,9587311135,Human Resources,Talent Acquisition Specialist,Travel_Frequently,Work From Office,4.6,2,1,1,1,2024-05-29,44150,3-6 LPA,8,1,2,1,3,4,1,1,4.6,No,Yes,No
HRA240786,Male,Sandeep Shah,sandeep.shah@hrhub.co.in,sandeep.shah,1,Y,80,HRHub Solutions Pvt. Ltd.,Information Technology & Business Services,India,20,18-25,2006-07-26,Married,Master,Computer Science,Rajasthan,Udaipur,9674072480,Sales,Business Development Executive,Travel_Rarely,Work From Office,0.0,0,0,0,0,2029-01-01,36400,3-6 LPA,13,0,3,2,4,4,1,0,0.0,No,Yes,No
HRA240787,Male,Pranav Saha,pranav.saha@hrhub.co.in,pranav.saha,1,Y,80,HRHub Solutions Pvt. Ltd.,Information Technology & Business Services,India,31,26-35,1995-07-29,Divorced,Master,Computer Science,Delhi,New Delhi,9040632236,Finance,Finance Executive,Travel_Rarely,Work From Office,8.4,7,1,0,1,2020-08-10,62150,6-10 LPA,20,1,4,4,1,4,4,0,8.4,No,No,No
HRA240788,Female,Ritika Bose,ritika.bose@hrhub.co.in,ritika.bose,1,Y,80,HRHub Solutions Pvt. Ltd.,Information Technology & Business Services,India,42,36-45,1984-07-31,Single,Master,Marketing,Karnataka,Mysuru,9168265970,Administration,Administrative Executive,Travel_Rarely,Work From Office,20.7,3,1,1,0,2008-04-26,163750,10+ LPA,9,0,4,1,4,1,4,6,2.0,No,Yes,No
HRA240789,Male,Gaurav Reddy,gaurav.reddy@hrhub.co.in,gaurav.reddy,1,Y,80,HRHub Solutions Pvt. Ltd.,Information Technology & Business Services,India,57,55+,1969-08-04,Single,Bachelor,Information Technology,Telangana,Warangal,9861784054,Marketing,Digital Marketing Specialist,Non-Travel,Hybrid,4.6,3,0,0,3,2024-05-29,55700,6-10 LPA,12,3,1,3,3,4,4,0,4.6,No,No,No
HRA240790,Male,Vivek Nair,vivek.nair@hrhub.co.in,vivek.nair,1,Y,80,HRHub Solutions Pvt. Ltd.,Information Technology & Business Services,India,53,46-55,1973-08-03,Married,PhD,Computer Science,Gujarat,Vadodara,9833991979,Finance,Financial Analyst,Travel_Rarely,Remote,8.5,1,1,0,0,2020-07-05,90800,10+ LPA,9,3,2,1,1,2,2,3,7.0,No,No,No
HRA240791,Male,Rahul Mishra,rahul.mishra@hrhub.co.in,rahul.mishra,1,Y,80,HRHub Solutions Pvt. Ltd.,Information Technology & Business Services,India,58,55+,1968-08-04,Married,Diploma,Electrical,Telangana,Warangal,9266773014,Finance,Accountant,Travel_Rarely,Work From Office,25.0,21,8,3,9,2004-01-08,131200,10+ LPA,7,3,2,4,4,4,3,3,8.0,No,No,No
HRA240792,Male,Shubham Khan,shubham.khan@hrhub.co.in,shubham.khan,1,Y,80,HRHub Solutions Pvt. Ltd.,Information Technology & Business Services,India,42,36-45,1984-07-31,Single,High School,General Education,Karnataka,Hubballi,9066602972,Marketing,Digital Marketing Specialist,Travel_Rarely,Work From Office,15.3,13,0,4,9,2013-09-18,127050,10+ LPA,13,0,3,1,1,4,3,6,9.0,No,No,Yes
HRA240793,Male,Shubham Mehta,shubham.mehta@hrhub.co.in,shubham.mehta,1,Y,80,HRHub Solutions Pvt. Ltd.,Information Technology & Business Services,India,31,26-35,1995-07-29,Married,Diploma,Computer,West Bengal,Kolkata,9750543226,Administration,Office Administrator,Travel_Rarely,Work From Office,3.9,1,1,0,1,2025-02-08,48950,3-6 LPA,11,3,4,3,3,4,1,6,2.0,No,Yes,No
HRA240794,Male,Aditya Sharma,aditya.sharma@hrhub.co.in,aditya.sharma,1,Y,80,HRHub Solutions Pvt. Ltd.,Information Technology & Business Services,India,39,36-45,1987-07-31,Single,High School,General Education,Telangana,Warangal,9415867952,Human Resources,Talent Acquisition Specialist,Travel_Rarely,Work From Office,12.6,1,1,0,0,2016-05-30,112100,10+ LPA,20,3,3,4,2,2,1,2,8.0,No,No,No
HRA240795,Female,Vaishnavi Banerjee,vaishnavi.banerjee@hrhub.co.in,vaishnavi.banerjee,1,Y,80,HRHub Solutions Pvt. Ltd.,Information Technology & Business Services,India,36,36-45,1990-07-30,Married,Master,Human Resources,Tamil Nadu,Madurai,9519160022,Finance,Financial Analyst,Travel_Frequently,Remote,13.6,6,3,1,3,2015-05-31,110700,10+ LPA,14,1,4,1,4,1,3,4,10.0,No,No,No
HRA240796,Female,Neha Sharma,neha.sharma@hrhub.co.in,neha.sharma,1,Y,80,HRHub Solutions Pvt. Ltd.,Information Technology & Business Services,India,59,55+,1967-08-05,Married,Master,Computer Science,Tamil Nadu,Coimbatore,9921193687,Sales,Sales Manager,Travel_Rarely,Remote,6.5,1,1,0,1,2022-07-05,97150,10+ LPA,13,2,4,1,4,3,1,1,6.5,Yes,Yes,Yes
HRA240797,Female,Deepika Shah,deepika.shah@hrhub.co.in,deepika.shah,1,Y,80,HRHub Solutions Pvt. Ltd.,Information Technology & Business Services,India,51,46-55,1975-08-03,Married,PhD,Computer Science,Gujarat,Vadodara,9571427093,Administration,Facility Coordinator,Travel_Rarely,Work From Office,21.2,4,2,2,4,2007-10-26,173450,10+ LPA,15,1,4,2,2,3,1,1,6.0,No,No,No
HRA240798,Male,Nikhil Rao,nikhil.rao@hrhub.co.in,nikhil.rao,1,Y,80,HRHub Solutions Pvt. Ltd.,Information Technology & Business Services,India,38,36-45,1988-07-30,Single,High School,General Education,West Bengal,Durgapur,9854111120,Administration,Administrative Executive,Travel_Rarely,Hybrid,14.9,13,13,2,5,2014-02-11,96650,10+ LPA,9,3,4,4,1,3,1,0,4.0,No,Yes,No
HRA240799,Female,Pooja Kapoor,pooja.kapoor@hrhub.co.in,pooja.kapoor,1,Y,80,HRHub Solutions Pvt. Ltd.,Information Technology & Business Services,India,45,36-45,1981-08-01,Married,MBA,Finance,Kerala,Kochi,9495260518,Human Resources,HR Business Partner,Travel_Frequently,Work From Office,23.8,6,3,1,6,2005-03-21,173500,10+ LPA,8,0,2,2,1,3,3,4,8.0,No,Yes,No
HRA240800,Male,Arjun Roy,arjun.roy@hrhub.co.in,arjun.roy,1,Y,80,HRHub Solutions Pvt. Ltd.,Information Technology & Business Services,India,38,36-45,1988-07-30,Single,MBA,Human Resources,Kerala,Kozhikode,9975265700,Human Resources,HR Business Partner,Travel_Rarely,Hybrid,4.8,1,0,0,0,2024-03-16,37800,3-6 LPA,6,3,2,2,3,4,1,1,4.8,Yes,No,Yes
HRA240801,Male,Ayush Nair,ayush.nair@hrhub.co.in,ayush.nair,1,Y,80,HRHub Solutions Pvt. Ltd.,Information Technology & Business Services,India,34,26-35,1992-07-29,Married,MBA,Marketing,Karnataka,Bengaluru,9096986007,IT,System Administrator,Travel_Rarely,Work From Office,4.7,2,1,0,2,2024-04-22,52600,6-10 LPA,14,3,3,4,1,3,3,3,4.7,No,No,No
HRA240802,Male,Sahil Khan,sahil.khan@hrhub.co.in,sahil.khan,1,Y,80,HRHub Solutions Pvt. Ltd.,Information Technology & Business Services,India,25,18-25,2001-07-27,Married,MBA,Finance,Kerala,Thiruvananthapuram,9990560326,Sales,Sales Manager,Travel_Frequently,Work From Office,2.8,2,0,0,0,2026-03-17,99100,10+ LPA,12,0,3,1,2,2,1,6,2.0,No,No,No
HRA240803,Female,Shreya Saha,shreya.saha@hrhub.co.in,shreya.saha,1,Y,80,HRHub Solutions Pvt. Ltd.,Information Technology & Business Services,India,53,46-55,1973-08-03,Married,Master,Computer Science,Telangana,Warangal,9108091072,Marketing,Content Strategist,Travel_Frequently,Work From Office,5.6,4,2,1,0,2023-05-30,67850,6-10 LPA,6,1,3,3,1,4,1,5,0.0,Yes,No,No
HRA240804,Female,Swati Banerjee,swati.banerjee@hrhub.co.in,swati.banerjee,1,Y,80,HRHub Solutions Pvt. Ltd.,Information Technology & Business Services,India,39,36-45,1987-07-31,Married,Diploma,Electrical,Tamil Nadu,Madurai,9437475063,IT,System Administrator,Travel_Rarely,Work From Office,16.2,5,4,1,5,2012-10-24,144600,10+ LPA,23,1,3,1,1,3,2,2,6.0,No,Yes,No
HRA240805,Male,Nikhil Verma,nikhil.verma@hrhub.co.in,nikhil.verma,1,Y,80,HRHub Solutions Pvt. Ltd.,Information Technology & Business Services,India,36,36-45,1990-07-30,Single,Diploma,Mechanical,Gujarat,Surat,9069651482,IT,Data Analyst,Travel_Rarely,Work From Office,11.4,3,1,0,0,2017-08-11,125500,10+ LPA,9,2,4,1,1,4,4,0,5.0,No,Yes,No
HRA240806,Male,Amit Shah,amit.shah@hrhub.co.in,amit.shah,1,Y,80,HRHub Solutions Pvt. Ltd.,Information Technology & Business Services,India,48,46-55,1978-08-02,Married,Diploma,Mechanical,Karnataka,Mysuru,9219269360,Marketing,Content Strategist,Travel_Rarely,Work From Office,23.4,19,11,5,3,2005-08-14,139000,10+ LPA,5,1,3,4,4,2,3,4,4.0,Yes,Yes,No
HRA240807,Female,Neha Mehta,neha.mehta@hrhub.co.in,neha.mehta,1,Y,80,HRHub Solutions Pvt. Ltd.,Information Technology & Business Services,India,46,46-55,1980-08-01,Single,Diploma,Computer,Uttar Pradesh,Lucknow,9964225638,Sales,Sales Manager,Travel_Rarely,Work From Office,5.0,1,0,0,1,2024-01-03,116950,10+ LPA,11,0,3,3,1,2,2,3,4.0,Yes,Yes,No
HRA240808,Male,Manish Kumar,manish.kumar@hrhub.co.in,manish.kumar,1,Y,80,HRHub Solutions Pvt. Ltd.,Information Technology & Business Services,India,54,46-55,1972-08-03,Single,Diploma,Computer,Karnataka,Hubballi,9207441148,IT,Data Analyst,Travel_Frequently,Hybrid,16.1,6,1,2,2,2012-11-30,146150,10+ LPA,8,1,3,1,4,4,1,6,4.0,No,No,No
HRA240809,Male,Vikas Reddy,vikas.reddy@hrhub.co.in,vikas.reddy,1,Y,80,HRHub Solutions Pvt. Ltd.,Information Technology & Business Services,India,53,46-55,1973-08-03,Married,Diploma,Computer,Rajasthan,Jodhpur,9701721518,Sales,Sales Manager,Travel_Frequently,Hybrid,31.9,18,8,0,1,1997-02-15,167850,10+ LPA,12,0,4,2,2,2,4,2,9.0,No,Yes,No
HRA240810,Female,Swati Kapoor,swati.kapoor@hrhub.co.in,swati.kapoor,1,Y,80,HRHub Solutions Pvt. Ltd.,Information Technology & Business Services,India,58,55+,1968-08-04,Married,High School,General Education,Rajasthan,Jodhpur,9347649952,Operations,Operations Executive,Travel_Rarely,Work From Office,26.9,15,9,2,5,2002-02-14,167350,10+ LPA,19,0,3,3,2,3,1,2,5.0,No,No,No
HRA240811,Female,Ananya Khan,ananya.khan@hrhub.co.in,ananya.khan,1,Y,80,HRHub Solutions Pvt. Ltd.,Information Technology & Business Services,India,39,36-45,1987-07-31,Single,Bachelor,Commerce,Gujarat,Vadodara,9859918903,Human Resources,HR Business Partner,Travel_Rarely,Remote,4.9,4,4,1,4,2024-02-09,44800,3-6 LPA,24,0,2,1,2,1,2,1,1.0,No,Yes,No
HRA240812,Female,Anusha Singh,anusha.singh@hrhub.co.in,anusha.singh,1,Y,80,HRHub Solutions Pvt. Ltd.,Information Technology & Business Services,India,59,55+,1967-08-05,Married,Master,Finance,Gujarat,Ahmedabad,9973102983,Finance,Accountant,Travel_Rarely,Work From Office,30.7,20,16,1,0,1998-04-29,132250,10+ LPA,14,3,2,1,3,3,3,0,4.0,No,No,No
HRA240813,Male,Aditya Rao,aditya.rao@hrhub.co.in,aditya.rao,1,Y,80,HRHub Solutions Pvt. Ltd.,Information Technology & Business Services,India,42,36-45,1984-07-31,Single,Bachelor,Marketing,Karnataka,Mysuru,9393622339,Finance,Financial Analyst,Travel_Rarely,Work From Office,7.3,4,3,1,4,2021-09-16,85850,10+ LPA,5,2,3,3,1,4,2,1,5.0,No,Yes,No
HRA240814,Male,Rahul Nair,rahul.nair@hrhub.co.in,rahul.nair,1,Y,80,HRHub Solutions Pvt. Ltd.,Information Technology & Business Services,India,28,26-35,1998-07-28,Single,Diploma,Civil,West Bengal,Kolkata,9209966272,Human Resources,HR Executive,Travel_Rarely,Work From Office,5.4,0,0,0,0,2023-08-10,66800,6-10 LPA,21,1,2,4,2,3,3,4,5.4,No,Yes,No
HRA240815,Female,Ritika Nair,ritika.nair@hrhub.co.in,ritika.nair,1,Y,80,HRHub Solutions Pvt. Ltd.,Information Technology & Business Services,India,50,46-55,1976-08-02,Married,Master,Finance,Tamil Nadu,Chennai,9538676770,Operations,Operations Executive,Non-Travel,Hybrid,23.7,14,9,6,14,2005-04-27,154300,10+ LPA,22,0,3,4,1,3,4,5,5.0,No,Yes,No
HRA240816,Female,Riya Patel,riya.patel@hrhub.co.in,riya.patel,1,Y,80,HRHub Solutions Pvt. Ltd.,Information Technology & Business Services,India,27,26-35,1999-07-28,Divorced,Diploma,Civil,Kerala,Kozhikode,9708340626,Finance,Finance Executive,Travel_Rarely,Work From Office,1.9,0,0,0,0,2027-02-08,35400,3-6 LPA,14,2,3,3,1,2,4,4,0.0,No,No,No
HRA240817,Male,Sahil Singh,sahil.singh@hrhub.co.in,sahil.singh,1,Y,80,HRHub Solutions Pvt. Ltd.,Information Technology & Business Services,India,30,26-35,1996-07-28,Single,Master,Business Administration,Telangana,Warangal,9481755253,Marketing,Marketing Executive,Travel_Frequently,Hybrid,8.5,5,1,1,0,2020-07-05,82750,6-10 LPA,11,0,3,4,2,4,4,0,8.5,Yes,No,No
HRA240818,Male,Deepak Das,deepak.das@hrhub.co.in,deepak.das,1,Y,80,HRHub Solutions Pvt. Ltd.,Information Technology & Business Services,India,25,18-25,2001-07-27,Married,Bachelor,Business Administration,Rajasthan,Jaipur,9630392858,Operations,Operations Manager,Travel_Rarely,Work From Office,3.8,3,0,1,1,2025-03-16,79600,6-10 LPA,22,0,4,4,3,1,4,6,0.0,No,No,No
HRA240819,Male,Rohan Sinha,rohan.sinha@hrhub.co.in,rohan.sinha,1,Y,80,HRHub Solutions Pvt. Ltd.,Information Technology & Business Services,India,50,46-55,1976-08-02,Married,PhD,Finance,Telangana,Warangal,9131914296,IT,Data Analyst,Travel_Frequently,Work From Office,11.3,8,6,1,8,2017-09-17,114600,10+ LPA,17,0,2,4,1,2,4,3,9.0,No,Yes,No
HRA240820,Female,Ritika Roy,ritika.roy@hrhub.co.in,ritika.roy,1,Y,80,HRHub Solutions Pvt. Ltd.,Information Technology & Business Services,India,53,46-55,1973-08-03,Married,Diploma,Mechanical,Telangana,Hyderabad,9704914185,IT,Data Analyst,Travel_Rarely,Remote,17.0,7,1,3,7,2012-01-06,146300,10+ LPA,6,0,3,2,3,4,1,5,10.0,No,Yes,No
HRA240821,Female,Anjali Gupta,anjali.gupta@hrhub.co.in,anjali.gupta,1,Y,80,HRHub Solutions Pvt. Ltd.,Information Technology & Business Services,India,21,18-25,2005-07-26,Married,Bachelor,Commerce,West Bengal,Durgapur,9003592057,Operations,Operations Executive,Non-Travel,Work From Office,0.0,0,0,0,0,2029-01-01,23800,0-3 LPA,20,1,3,1,4,3,2,5,0.0,No,No,Yes
HRA240822,Female,Swati Sinha,swati.sinha@hrhub.co.in,swati.sinha,1,Y,80,HRHub Solutions Pvt. Ltd.,Information Technology & Business Services,India,49,46-55,1977-08-02,Married,MBA,Finance,West Bengal,Kolkata,9316030899,Finance,Finance Executive,Travel_Frequently,Work From Office,6.7,5,0,0,2,2022-04-23,84850,10+ LPA,10,0,3,1,1,3,1,1,6.7,No,Yes,No
HRA240823,Male,Arjun Verma,arjun.verma@hrhub.co.in,arjun.verma,1,Y,80,HRHub Solutions Pvt. Ltd.,Information Technology & Business Services,India,50,46-55,1976-08-02,Married,Diploma,Electrical,Delhi,New Delhi,9542231778,Administration,Administrative Executive,Travel_Rarely,Work From Office,8.0,2,1,1,1,2021-01-03,71350,6-10 LPA,18,2,3,1,4,4,2,0,4.0,No,No,No
HRA240824,Male,Sumit Das,sumit.das@hrhub.co.in,sumit.das,1,Y,80,HRHub Solutions Pvt. Ltd.,Information Technology & Business Services,India,22,18-25,2004-07-26,Single,High School,General Education,Telangana,Hyderabad,9141064558,Finance,Accountant,Travel_Rarely,Work From Office,0.8,0,0,0,0,2028-03-15,28100,3-6 LPA,8,2,4,3,2,4,1,4,0.8,No,No,No
HRA240825,Male,Arjun Saha,arjun.saha@hrhub.co.in,arjun.saha,1,Y,80,HRHub Solutions Pvt. Ltd.,Information Technology & Business Services,India,32,26-35,1994-07-29,Single,PhD,Computer Science,Telangana,Warangal,9709895342,Human Resources,Talent Acquisition Specialist,Travel_Frequently,Work From Office,1.3,1,0,0,0,2027-09-15,26650,3-6 LPA,16,1,3,2,1,4,1,1,0.0,No,No,No
HRA240826,Male,Harsh Singh,harsh.singh@hrhub.co.in,harsh.singh,1,Y,80,HRHub Solutions Pvt. Ltd.,Information Technology & Business Services,India,22,18-25,2004-07-26,Single,Diploma,Mechanical,West Bengal,Howrah,9109061029,Sales,Sales Manager,Travel_Rarely,Remote,0.9,0,0,0,0,2028-02-08,86000,10+ LPA,11,0,3,2,2,3,2,2,0.9,No,No,No
HRA240827,Female,Khushi Nair,khushi.nair@hrhub.co.in,khushi.nair,1,Y,80,HRHub Solutions Pvt. Ltd.,Information Technology & Business Services,India,23,18-25,2003-07-27,Married,High School,General Education,Gujarat,Surat,9489643224,Sales,Sales Manager,Travel_Rarely,Work From Office,1.6,0,0,0,0,2027-05-28,72100,6-10 LPA,25,1,3,3,2,1,2,3,1.6,Yes,No,Yes
HRA240828,Male,Amit Sinha,amit.sinha@hrhub.co.in,amit.sinha,1,Y,80,HRHub Solutions Pvt. Ltd.,Information Technology & Business Services,India,40,36-45,1986-07-31,Single,Master,Finance,Rajasthan,Jaipur,9018973324,Sales,Sales Manager,Travel_Rarely,Hybrid,6.5,6,4,3,6,2022-07-05,113000,10+ LPA,24,0,2,4,4,2,1,4,6.5,No,No,No
HRA240829,Female,Ishita Sinha,ishita.sinha@hrhub.co.in,ishita.sinha,1,Y,80,HRHub Solutions Pvt. Ltd.,Information Technology & Business Services,India,36,36-45,1990-07-30,Single,MBA,Finance,Rajasthan,Udaipur,9734698675,Operations,Supply Chain Coordinator,Non-Travel,Work From Office,1.4,1,1,0,0,2027-08-10,34900,3-6 LPA,6,2,3,4,2,1,1,5,1.4,No,No,No
HRA240830,Male,Rohan Reddy,rohan.reddy@hrhub.co.in,rohan.reddy,1,Y,80,HRHub Solutions Pvt. Ltd.,Information Technology & Business Services,India,45,36-45,1981-08-01,Single,Bachelor,Human Resources,Delhi,New Delhi,9018776712,Sales,Business Development Executive,Travel_Rarely,Hybrid,6.1,0,0,0,0,2022-11-28,73700,6-10 LPA,24,0,2,4,1,4,2,3,6.0,Yes,No,No
HRA240831,Male,Rahul Das,rahul.das@hrhub.co.in,rahul.das,1,Y,80,HRHub Solutions Pvt. Ltd.,Information Technology & Business Services,India,34,26-35,1992-07-29,Divorced,Bachelor,Finance,Maharashtra,Nagpur,9967450716,Finance,Accountant,Travel_Rarely,Hybrid,4.6,3,2,1,2,2024-05-29,54350,6-10 LPA,19,3,4,1,1,2,1,0,4.6,No,No,No
HRA240832,Male,Aditya Sharma,aditya.sharma@hrhub.co.in,aditya.sharma,1,Y,80,HRHub Solutions Pvt. Ltd.,Information Technology & Business Services,India,60,55+,1966-08-05,Single,Master,Human Resources,Delhi,New Delhi,9872707593,Finance,Financial Analyst,Travel_Frequently,Hybrid,11.2,3,2,1,1,2017-10-24,106800,10+ LPA,9,0,2,4,1,1,4,1,7.0,No,Yes,No
HRA240833,Male,Rohan Mishra,rohan.mishra@hrhub.co.in,rohan.mishra,1,Y,80,HRHub Solutions Pvt. Ltd.,Information Technology & Business Services,India,51,46-55,1975-08-03,Married,Diploma,Electrical,Kerala,Kozhikode,9543457128,Human Resources,HR Executive,Non-Travel,Hybrid,7.9,0,0,0,0,2021-02-09,62800,6-10 LPA,24,0,3,1,4,2,2,1,3.0,No,No,No
HRA240834,Female,Deepika Gupta,deepika.gupta@hrhub.co.in,deepika.gupta,1,Y,80,HRHub Solutions Pvt. Ltd.,Information Technology & Business Services,India,33,26-35,1993-07-29,Single,High School,General Education,Kerala,Kozhikode,9389833337,Operations,Supply Chain Coordinator,Travel_Rarely,Hybrid,2.8,2,2,0,1,2026-03-17,44100,3-6 LPA,21,2,3,1,3,1,3,4,2.8,Yes,No,No
HRA240835,Female,Khushi Das,khushi.das@hrhub.co.in,khushi.das,1,Y,80,HRHub Solutions Pvt. Ltd.,Information Technology & Business Services,India,29,26-35,1997-07-28,Married,High School,General Education,Telangana,Hyderabad,9647048704,Sales,Sales Executive,Travel_Rarely,Work From Office,7.7,1,0,0,1,2021-04-23,70950,6-10 LPA,11,1,3,4,4,2,1,2,7.0,No,Yes,No
HRA240836,Male,Pranav Mishra,pranav.mishra@hrhub.co.in,pranav.mishra,1,Y,80,HRHub Solutions Pvt. Ltd.,Information Technology & Business Services,India,18,18-25,2008-07-25,Married,MBA,Finance,Kerala,Kochi,9799705797,Finance,Accountant,Travel_Rarely,Work From Office,0.0,0,0,0,0,2029-01-01,37950,3-6 LPA,15,2,3,3,1,1,2,1,0.0,Yes,Yes,No
HRA240837,Female,Sonali Saha,sonali.saha@hrhub.co.in,sonali.saha,1,Y,80,HRHub Solutions Pvt. Ltd.,Information Technology & Business Services,India,22,18-25,2004-07-26,Married,Master,Computer Science,Uttar Pradesh,Lucknow,9941957241,IT,System Administrator,Travel_Frequently,Remote,0.6,0,0,0,0,2028-05-27,33900,3-6 LPA,16,1,3,3,1,3,2,2,0.6,No,No,No
HRA240838,Male,Aditya Sen,aditya.sen@hrhub.co.in,aditya.sen,1,Y,80,HRHub Solutions Pvt. Ltd.,Information Technology & Business Services,India,52,46-55,1974-08-03,Single,High School,General Education,Kerala,Kozhikode,9345651390,Sales,Sales Manager,Non-Travel,Work From Office,14.1,4,2,0,1,2014-11-30,149050,10+ LPA,23,0,3,1,2,4,1,2,2.0,No,No,No
HRA240839,Male,Vikas Das,vikas.das@hrhub.co.in,vikas.das,1,Y,80,HRHub Solutions Pvt. Ltd.,Information Technology & Business Services,India,44,36-45,1982-08-01,Single,MBA,Operations,Karnataka,Mysuru,9168138358,Administration,Administrative Executive,Travel_Rarely,Work From Office,8.3,4,2,0,1,2020-09-16,60300,6-10 LPA,19,1,3,2,1,1,2,5,8.3,No,No,No
HRA240840,Female,Kavya Kapoor,kavya.kapoor@hrhub.co.in,kavya.kapoor,1,Y,80,HRHub Solutions Pvt. Ltd.,Information Technology & Business Services,India,19,18-25,2007-07-26,Single,Master,Business Administration,Kerala,Thiruvananthapuram,9984315227,Operations,Supply Chain Coordinator,Travel_Rarely,Work From Office,0.0,0,0,0,0,2029-01-01,29700,3-6 LPA,12,0,2,1,1,4,4,6,0.0,No,Yes,Yes
HRA240841,Male,Aarav Saha,aarav.saha@hrhub.co.in,aarav.saha,1,Y,80,HRHub Solutions Pvt. Ltd.,Information Technology & Business Services,India,36,36-45,1990-07-30,Single,Bachelor,Finance,Maharashtra,Pune,9284850136,IT,Data Analyst,Travel_Rarely,Work From Office,9.2,2,2,0,0,2019-10-24,77500,6-10 LPA,22,3,3,1,2,2,4,4,4.0,No,No,No
HRA240842,Male,Ankit Reddy,ankit.reddy@hrhub.co.in,ankit.reddy,1,Y,80,HRHub Solutions Pvt. Ltd.,Information Technology & Business Services,India,25,18-25,2001-07-27,Married,Diploma,Mechanical,Kerala,Thiruvananthapuram,9658357178,Sales,Sales Manager,Travel_Rarely,Work From Office,2.4,1,1,0,1,2026-08-09,92100,10+ LPA,13,0,3,2,4,1,1,3,2.4,Yes,No,No
HRA240843,Female,Neha Banerjee,neha.banerjee@hrhub.co.in,neha.banerjee,1,Y,80,HRHub Solutions Pvt. Ltd.,Information Technology & Business Services,India,32,26-35,1994-07-29,Married,Master,Business Administration,Karnataka,Mysuru,9736640968,Administration,Office Administrator,Travel_Rarely,Work From Office,6.2,6,4,0,5,2022-10-22,69500,6-10 LPA,19,0,3,4,4,3,3,2,4.0,No,No,No
HRA240844,Female,Aditi Gupta,aditi.gupta@hrhub.co.in,aditi.gupta,1,Y,80,HRHub Solutions Pvt. Ltd.,Information Technology & Business Services,India,49,46-55,1977-08-02,Single,MBA,Marketing,Maharashtra,Pune,9180848296,Administration,Facility Coordinator,Travel_Frequently,Work From Office,1.6,1,0,0,0,2027-05-28,20250,0-3 LPA,10,0,3,4,2,3,2,4,1.6,No,No,No
HRA240845,Male,Deepak Patel,deepak.patel@hrhub.co.in,deepak.patel,1,Y,80,HRHub Solutions Pvt. Ltd.,Information Technology & Business Services,India,24,18-25,2002-07-27,Single,Bachelor,Finance,Tamil Nadu,Chennai,9299557553,Sales,Business Development Executive,Travel_Rarely,Work From Office,2.7,2,1,0,0,2026-04-22,39850,3-6 LPA,25,2,4,2,2,4,2,5,0.0,No,No,Yes
HRA240846,Male,Amit Singh,amit.singh@hrhub.co.in,amit.singh,1,Y,80,HRHub Solutions Pvt. Ltd.,Information Technology & Business Services,India,27,26-35,1999-07-28,Single,PhD,Management,Maharashtra,Nagpur,9322888970,Operations,Operations Executive,Non-Travel,Hybrid,0.2,0,0,0,0,2028-10-20,34800,3-6 LPA,5,2,2,1,4,4,4,5,0.2,No,Yes,Yes
HRA240847,Female,Harini Sen,harini.sen@hrhub.co.in,harini.sen,1,Y,80,HRHub Solutions Pvt. Ltd.,Information Technology & Business Services,India,58,55+,1968-08-04,Married,Diploma,Computer,Tamil Nadu,Chennai,9178572280,Sales,Business Development Executive,Travel_Rarely,Hybrid,14.7,1,1,0,0,2014-04-25,101450,10+ LPA,6,3,3,1,1,1,1,3,4.0,No,No,No
HRA240848,Female,Swati Gupta,swati.gupta@hrhub.co.in,swati.gupta,1,Y,80,HRHub Solutions Pvt. Ltd.,Information Technology & Business Services,India,49,46-55,1977-08-02,Married,High School,General Education,Karnataka,Bengaluru,9233628641,Administration,Administrative Executive,Non-Travel,Work From Office,13.2,0,0,0,0,2015-10-24,94700,10+ LPA,18,2,3,2,4,3,4,0,6.0,No,No,Yes
HRA240849,Male,Akash Roy,akash.roy@hrhub.co.in,akash.roy,1,Y,80,HRHub Solutions Pvt. Ltd.,Information Technology & Business Services,India,19,18-25,2007-07-26,Single,High School,General Education,Gujarat,Surat,9057448703,Marketing,Marketing Executive,Travel_Frequently,Work From Office,0.0,0,0,0,0,2029-01-01,37950,3-6 LPA,24,1,3,3,2,2,4,1,0.0,Yes,Yes,No
HRA240850,Female,Nikita Das,nikita.das@hrhub.co.in,nikita.das,1,Y,80,HRHub Solutions Pvt. Ltd.,Information Technology & Business Services,India,21,18-25,2005-07-26,Married,Master,Finance,Telangana,Warangal,9931858521,Marketing,Digital Marketing Specialist,Travel_Rarely,Work From Office,0.0,0,0,0,0,2029-01-01,27150,3-6 LPA,9,2,3,3,1,2,3,1,0.0,No,No,No
HRA240851,Male,Harsh Joshi,harsh.joshi@hrhub.co.in,harsh.joshi,1,Y,80,HRHub Solutions Pvt. Ltd.,Information Technology & Business Services,India,37,36-45,1989-07-30,Married,High School,General Education,Karnataka,Bengaluru,9545896019,Finance,Finance Executive,Travel_Rarely,Hybrid,2.7,1,1,0,1,2026-04-22,56300,6-10 LPA,22,0,3,2,3,3,4,6,1.0,Yes,Yes,No
HRA240852,Female,Neha Khan,neha.khan@hrhub.co.in,neha.khan,1,Y,80,HRHub Solutions Pvt. Ltd.,Information Technology & Business Services,India,20,18-25,2006-07-26,Single,Bachelor,Finance,West Bengal,Kolkata,9314642020,IT,Network Engineer,Travel_Rarely,Work From Office,0.0,0,0,0,0,2029-01-01,37700,3-6 LPA,14,1,3,3,4,4,4,5,0.0,No,No,No
HRA240853,Female,Tanvi Jain,tanvi.jain@hrhub.co.in,tanvi.jain,1,Y,80,HRHub Solutions Pvt. Ltd.,Information Technology & Business Services,India,46,46-55,1980-08-01,Married,Master,Computer Science,West Bengal,Kolkata,9459776740,Human Resources,Talent Acquisition Specialist,Travel_Rarely,Hybrid,9.9,9,2,2,1,2019-02-10,79400,6-10 LPA,24,0,2,3,4,3,2,4,2.0,No,No,No
HRA240854,Female,Deepika Joshi,deepika.joshi@hrhub.co.in,deepika.joshi,1,Y,80,HRHub Solutions Pvt. Ltd.,Information Technology & Business Services,India,53,46-55,1973-08-03,Single,PhD,Management,Telangana,Warangal,9793383950,Finance,Finance Executive,Non-Travel,Work From Office,30.8,30,5,12,6,1998-03-23,186000,10+ LPA,8,2,4,2,3,1,2,5,9.0,No,No,No
HRA240855,Female,Anjali Ghosh,anjali.ghosh@hrhub.co.in,anjali.ghosh,1,Y,80,HRHub Solutions Pvt. Ltd.,Information Technology & Business Services,India,19,18-25,2007-07-26,Married,High School,General Education,Kerala,Kochi,9677368523,IT,System Administrator,Non-Travel,Work From Office,0.0,0,0,0,0,2029-01-01,38700,3-6 LPA,21,2,1,1,1,1,3,6,0.0,Yes,Yes,No
HRA240856,Female,Pooja Sharma,pooja.sharma@hrhub.co.in,pooja.sharma,1,Y,80,HRHub Solutions Pvt. Ltd.,Information Technology & Business Services,India,44,36-45,1982-08-01,Married,Master,Computer Science,Kerala,Kozhikode,9664533837,Finance,Accountant,Travel_Rarely,Hybrid,18.9,9,7,3,0,2010-02-12,138350,10+ LPA,6,3,3,2,3,2,2,4,6.0,No,Yes,No
HRA240857,Male,Rahul Sinha,rahul.sinha@hrhub.co.in,rahul.sinha,1,Y,80,HRHub Solutions Pvt. Ltd.,Information Technology & Business Services,India,41,36-45,1985-07-31,Married,MBA,Finance,West Bengal,Howrah,9209935251,Finance,Accountant,Non-Travel,Work From Office,19.7,11,5,2,11,2009-04-26,155300,10+ LPA,6,0,3,3,4,1,1,1,8.0,Yes,No,Yes
HRA240858,Female,Anusha Chatterjee,anusha.chatterjee@hrhub.co.in,anusha.chatterjee,1,Y,80,HRHub Solutions Pvt. Ltd.,Information Technology & Business Services,India,43,36-45,1983-08-01,Single,Master,Computer Science,Maharashtra,Mumbai,9083015352,Sales,Sales Manager,Non-Travel,Work From Office,17.7,10,6,0,8,2011-04-26,197550,10+ LPA,22,2,2,4,2,3,1,6,9.0,No,No,No
HRA240859,Male,Vikas Kumar,vikas.kumar@hrhub.co.in,vikas.kumar,1,Y,80,HRHub Solutions Pvt. Ltd.,Information Technology & Business Services,India,49,46-55,1977-08-02,Married,Diploma,Electrical,Karnataka,Hubballi,9395768538,Marketing,Marketing Executive,Travel_Rarely,Work From Office,19.6,3,2,0,3,2009-06-01,186750,10+ LPA,17,1,2,2,4,4,3,3,8.0,No,No,No
HRA240860,Female,Vaishnavi Gupta,vaishnavi.gupta@hrhub.co.in,vaishnavi.gupta,1,Y,80,HRHub Solutions Pvt. Ltd.,Information Technology & Business Services,India,47,46-55,1979-08-02,Married,PhD,Finance,Gujarat,Surat,9880859665,Finance,Accountant,Non-Travel,Hybrid,5.7,5,5,2,2,2023-04-23,76100,6-10 LPA,22,3,3,1,1,1,3,0,5.7,Yes,No,No
HRA240861,Female,Khushi Chatterjee,khushi.chatterjee@hrhub.co.in,khushi.chatterjee,1,Y,80,HRHub Solutions Pvt. Ltd.,Information Technology & Business Services,India,18,18-25,2008-07-25,Single,High School,General Education,Rajasthan,Jaipur,9595788083,Human Resources,HR Executive,Travel_Rarely,Work From Office,0.0,0,0,0,0,2029-01-01,32600,3-6 LPA,18,3,1,2,3,1,1,6,0.0,No,No,Yes
HRA240862,Female,Anusha Chatterjee,anusha.chatterjee@hrhub.co.in,anusha.chatterjee,1,Y,80,HRHub Solutions Pvt. Ltd.,Information Technology & Business Services,India,57,55+,1969-08-04,Divorced,MBA,Finance,Kerala,Thiruvananthapuram,9606993232,Operations,Operations Executive,Travel_Rarely,Hybrid,8.6,5,5,1,5,2020-05-29,54250,6-10 LPA,23,3,3,1,1,2,1,6,2.0,No,Yes,Yes
HRA240863,Male,Akash Nair,akash.nair@hrhub.co.in,akash.nair,1,Y,80,HRHub Solutions Pvt. Ltd.,Information Technology & Business Services,India,36,36-45,1990-07-30,Married,PhD,Computer Science,Kerala,Kozhikode,9389273340,Marketing,Content Strategist,Travel_Rarely,Work From Office,4.8,3,1,0,1,2024-03-16,51100,6-10 LPA,9,2,2,4,4,2,1,6,4.8,No,No,No
HRA240864,Male,Raj Saha,raj.saha@hrhub.co.in,raj.saha,1,Y,80,HRHub Solutions Pvt. Ltd.,Information Technology & Business Services,India,57,55+,1969-08-04,Single,Diploma,Mechanical,Maharashtra,Mumbai,9370609314,Administration,Administrative Executive,Travel_Frequently,Hybrid,9.0,1,0,0,0,2020-01-04,56600,6-10 LPA,22,0,3,3,3,3,4,2,1.0,No,No,No
HRA240865,Male,Vivek Patel,vivek.patel@hrhub.co.in,vivek.patel,1,Y,80,HRHub Solutions Pvt. Ltd.,Information Technology & Business Services,India,39,36-45,1987-07-31,Married,Master,Finance,Gujarat,Ahmedabad,9671322370,Marketing,Marketing Executive,Non-Travel,Work From Office,5.6,3,2,1,1,2023-05-30,72850,6-10 LPA,7,2,3,2,2,3,2,6,3.0,No,No,No
HRA240866,Male,Sandeep Agarwal,sandeep.agarwal@hrhub.co.in,sandeep.agarwal,1,Y,80,HRHub Solutions Pvt. Ltd.,Information Technology & Business Services,India,25,18-25,2001-07-27,Single,MBA,Finance,Rajasthan,Udaipur,9893645903,Sales,Business Development Executive,Travel_Rarely,Work From Office,1.9,0,0,0,0,2027-02-08,36200,3-6 LPA,6,3,3,1,4,3,4,0,1.9,Yes,No,No
HRA240867,Female,Deepika Mishra,deepika.mishra@hrhub.co.in,deepika.mishra,1,Y,80,HRHub Solutions Pvt. Ltd.,Information Technology & Business Services,India,49,46-55,1977-08-02,Single,Bachelor,Business Administration,Maharashtra,Pune,9887727538,IT,Network Engineer,Travel_Rarely,Hybrid,19.8,14,3,4,10,2009-03-20,134900,10+ LPA,22,0,3,2,1,4,2,6,3.0,No,No,No
HRA240868,Female,Ishita Shah,ishita.shah@hrhub.co.in,ishita.shah,1,Y,80,HRHub Solutions Pvt. Ltd.,Information Technology & Business Services,India,37,36-45,1989-07-30,Single,PhD,Computer Science,Gujarat,Surat,9680735267,Human Resources,HR Business Partner,Travel_Rarely,Work From Office,14.4,13,12,5,11,2014-08-12,120150,10+ LPA,5,2,3,1,2,4,1,0,0.0,No,No,No
HRA240869,Male,Vikas Khan,vikas.khan@hrhub.co.in,vikas.khan,1,Y,80,HRHub Solutions Pvt. Ltd.,Information Technology & Business Services,India,24,18-25,2002-07-27,Single,High School,General Education,Kerala,Kozhikode,9950098726,Human Resources,HR Business Partner,Travel_Rarely,Work From Office,2.7,1,0,0,1,2026-04-22,44800,3-6 LPA,15,2,2,4,2,2,4,2,2.0,No,No,No
HRA240870,Female,Shreya Reddy,shreya.reddy@hrhub.co.in,shreya.reddy,1,Y,80,HRHub Solutions Pvt. Ltd.,Information Technology & Business Services,India,24,18-25,2002-07-27,Married,MBA,Human Resources,Kerala,Thiruvananthapuram,9465198465,IT,Data Analyst,Non-Travel,Work From Office,1.2,0,0,0,0,2027-10-21,37100,3-6 LPA,8,3,2,2,3,2,2,4,0.0,No,No,No
HRA240871,Male,Harsh Gupta,harsh.gupta@hrhub.co.in,harsh.gupta,1,Y,80,HRHub Solutions Pvt. Ltd.,Information Technology & Business Services,India,60,55+,1966-08-05,Married,High School,General Education,Gujarat,Ahmedabad,9002989042,Operations,Operations Manager,Travel_Rarely,Work From Office,21.1,17,5,5,7,2007-12-02,188450,10+ LPA,5,3,4,3,1,4,1,3,1.0,No,No,No
HRA240872,Female,Ritika Rao,ritika.rao@hrhub.co.in,ritika.rao,1,Y,80,HRHub Solutions Pvt. Ltd.,Information Technology & Business Services,India,60,55+,1966-08-05,Married,MBA,Finance,Telangana,Hyderabad,9666987422,Finance,Accountant,Non-Travel,Work From Office,31.6,18,9,4,12,1997-06-04,130250,10+ LPA,19,2,3,3,4,1,1,3,0.0,No,No,No
HRA240873,Female,Swati Saha,swati.saha@hrhub.co.in,swati.saha,1,Y,80,HRHub Solutions Pvt. Ltd.,Information Technology & Business Services,India,22,18-25,2004-07-26,Single,Diploma,Computer,Karnataka,Mysuru,9518313218,Administration,Facility Coordinator,Travel_Rarely,Work From Office,0.0,0,0,0,0,2029-01-01,18200,0-3 LPA,6,3,2,1,4,4,3,0,0.0,No,No,No
HRA240874,Male,Shubham Verma,shubham.verma@hrhub.co.in,shubham.verma,1,Y,80,HRHub Solutions Pvt. Ltd.,Information Technology & Business Services,India,45,36-45,1981-08-01,Single,High School,General Education,Rajasthan,Jodhpur,9445128272,Marketing,Digital Marketing Specialist,Travel_Frequently,Hybrid,14.9,1,0,0,1,2014-02-11,106500,10+ LPA,20,1,3,2,2,3,3,3,4.0,No,No,Yes
HRA240875,Male,Ayush Nair,ayush.nair@hrhub.co.in,ayush.nair,1,Y,80,HRHub Solutions Pvt. Ltd.,Information Technology & Business Services,India,40,36-45,1986-07-31,Married,Diploma,Electrical,Tamil Nadu,Coimbatore,9823881871,IT,System Administrator,Travel_Rarely,Work From Office,6.5,4,4,2,1,2022-07-05,89500,10+ LPA,25,1,3,4,4,1,4,1,5.0,No,No,No
HRA240876,Male,Ayush Bose,ayush.bose@hrhub.co.in,ayush.bose,1,Y,80,HRHub Solutions Pvt. Ltd.,Information Technology & Business Services,India,38,36-45,1988-07-30,Married,Master,Finance,Telangana,Warangal,9621360629,Human Resources,Talent Acquisition Specialist,Travel_Rarely,Remote,7.9,2,1,0,1,2021-02-09,63950,6-10 LPA,20,3,3,4,3,1,1,4,4.0,No,No,No
HRA240877,Male,Mohit Singh,mohit.singh@hrhub.co.in,mohit.singh,1,Y,80,HRHub Solutions Pvt. Ltd.,Information Technology & Business Services,India,31,26-35,1995-07-29,Married,Master,Computer Science,Karnataka,Mysuru,9471599771,Marketing,Digital Marketing Specialist,Non-Travel,Work From Office,6.2,5,4,1,0,2022-10-22,61950,6-10 LPA,24,3,3,3,1,3,1,6,2.0,No,Yes,Yes
HRA240878,Male,Manish Das,manish.das@hrhub.co.in,manish.das,1,Y,80,HRHub Solutions Pvt. Ltd.,Information Technology & Business Services,India,56,55+,1970-08-04,Single,Diploma,Electrical,Uttar Pradesh,Noida,9973057218,IT,System Administrator,Travel_Rarely,Remote,23.8,4,3,0,3,2005-03-21,166750,10+ LPA,19,2,3,2,3,3,2,1,7.0,No,No,Yes
HRA240879,Male,Manish Khan,manish.khan@hrhub.co.in,manish.khan,1,Y,80,HRHub Solutions Pvt. Ltd.,Information Technology & Business Services,India,34,26-35,1992-07-29,Married,High School,General Education,Telangana,Warangal,9302962056,Operations,Operations Executive,Travel_Rarely,Work From Office,3.4,3,3,0,1,2025-08-09,49200,3-6 LPA,10,1,4,4,2,1,1,5,3.4,No,No,No
HRA240880,Female,Khushi Banerjee,khushi.banerjee@hrhub.co.in,khushi.banerjee,1,Y,80,HRHub Solutions Pvt. Ltd.,Information Technology & Business Services,India,46,46-55,1980-08-01,Married,PhD,Management,Rajasthan,Jodhpur,9168204328,Administration,Office Administrator,Non-Travel,Work From Office,2.8,1,1,0,0,2026-03-17,47750,3-6 LPA,22,2,2,4,2,3,2,3,2.8,No,Yes,Yes
HRA240881,Female,Megha Verma,megha.verma@hrhub.co.in,megha.verma,1,Y,80,HRHub Solutions Pvt. Ltd.,Information Technology & Business Services,India,21,18-25,2005-07-26,Married,MBA,Finance,Kerala,Kozhikode,9531647059,Operations,Operations Manager,Travel_Rarely,Work From Office,0.0,0,0,0,0,2029-01-01,65600,6-10 LPA,22,2,3,2,2,2,1,5,0.0,Yes,No,Yes
HRA240882,Male,Ankit Verma,ankit.verma@hrhub.co.in,ankit.verma,1,Y,80,HRHub Solutions Pvt. Ltd.,Information Technology & Business Services,India,52,46-55,1974-08-03,Single,Bachelor,Computer Science,Delhi,New Delhi,9497759336,IT,Data Analyst,Travel_Rarely,Work From Office,8.7,4,4,0,4,2020-04-23,76450,6-10 LPA,25,0,3,2,2,1,1,4,6.0,No,No,No
HRA240883,Female,Priya Khan,priya.khan@hrhub.co.in,priya.khan,1,Y,80,HRHub Solutions Pvt. Ltd.,Information Technology & Business Services,India,60,55+,1966-08-05,Married,Diploma,Electrical,Gujarat,Surat,9638828227,Administration,Administrative Executive,Non-Travel,Hybrid,22.6,15,15,7,15,2006-06-02,135500,10+ LPA,6,2,4,3,1,4,4,0,10.0,Yes,No,No
HRA240884,Male,Vikas Sen,vikas.sen@hrhub.co.in,vikas.sen,1,Y,80,HRHub Solutions Pvt. Ltd.,Information Technology & Business Services,India,34,26-35,1992-07-29,Married,Diploma,Computer,Delhi,New Delhi,9015461214,Operations,Supply Chain Coordinator,Non-Travel,Hybrid,9.5,2,2,1,2,2019-07-06,68200,6-10 LPA,8,2,3,3,2,4,3,5,1.0,Yes,No,No
HRA240885,Male,Arjun Agarwal,arjun.agarwal@hrhub.co.in,arjun.agarwal,1,Y,80,HRHub Solutions Pvt. Ltd.,Information Technology & Business Services,India,29,26-35,1997-07-28,Married,High School,General Education,West Bengal,Kolkata,9809612492,Administration,Office Administrator,Travel_Rarely,Hybrid,2.4,0,0,0,0,2026-08-09,32400,3-6 LPA,24,0,3,4,2,4,2,4,0.0,Yes,No,No
HRA240886,Female,Pooja Gupta,pooja.gupta@hrhub.co.in,pooja.gupta,1,Y,80,HRHub Solutions Pvt. Ltd.,Information Technology & Business Services,India,29,26-35,1997-07-28,Married,Bachelor,Commerce,Maharashtra,Nagpur,9536065681,Sales,Sales Manager,Travel_Rarely,Work From Office,4.8,2,2,0,0,2024-03-16,101000,10+ LPA,10,3,2,2,2,2,3,5,4.8,No,No,No
HRA240887,Male,Sumit Mukherjee,sumit.mukherjee@hrhub.co.in,sumit.mukherjee,1,Y,80,HRHub Solutions Pvt. Ltd.,Information Technology & Business Services,India,30,26-35,1996-07-28,Single,Bachelor,Information Technology,Maharashtra,Nagpur,9766740018,Operations,Supply Chain Coordinator,Travel_Rarely,Hybrid,7.9,6,3,2,1,2021-02-09,67950,6-10 LPA,17,0,3,1,2,3,1,4,4.0,No,No,No
HRA240888,Male,Vivek Sen,vivek.sen@hrhub.co.in,vivek.sen,1,Y,80,HRHub Solutions Pvt. Ltd.,Information Technology & Business Services,India,40,36-45,1986-07-31,Single,Diploma,Civil,Uttar Pradesh,Lucknow,9803881437,Administration,Office Administrator,Non-Travel,Hybrid,6.0,4,1,1,0,2023-01-03,69400,6-10 LPA,17,0,4,1,4,3,1,3,6.0,No,No,No
HRA240889,Male,Akash Mukherjee,akash.mukherjee@hrhub.co.in,akash.mukherjee,1,Y,80,HRHub Solutions Pvt. Ltd.,Information Technology & Business Services,India,50,46-55,1976-08-02,Single,Master,Marketing,Uttar Pradesh,Noida,9818930163,Operations,Supply Chain Coordinator,Non-Travel,Hybrid,12.5,4,1,1,1,2016-07-06,99450,10+ LPA,7,0,4,3,3,4,3,3,2.0,No,No,No
HRA240890,Male,Sumit Sharma,sumit.sharma@hrhub.co.in,sumit.sharma,1,Y,80,HRHub Solutions Pvt. Ltd.,Information Technology & Business Services,India,50,46-55,1976-08-02,Married,Bachelor,Human Resources,Karnataka,Hubballi,9476238026,Sales,Sales Manager,Travel_Rarely,Hybrid,8.4,1,1,0,1,2020-08-10,105300,10+ LPA,13,0,3,3,4,1,3,5,8.4,No,Yes,No
HRA240891,Male,Nikhil Gupta,nikhil.gupta@hrhub.co.in,nikhil.gupta,1,Y,80,HRHub Solutions Pvt. Ltd.,Information Technology & Business Services,India,27,26-35,1999-07-28,Single,High School,General Education,Kerala,Thiruvananthapuram,9980134720,Marketing,Digital Marketing Specialist,Travel_Rarely,Work From Office,4.4,3,3,1,2,2024-08-09,40750,3-6 LPA,16,1,3,4,4,1,2,6,4.4,No,No,No
HRA240892,Male,Harsh Jain,harsh.jain@hrhub.co.in,harsh.jain,1,Y,80,HRHub Solutions Pvt. Ltd.,Information Technology & Business Services,India,52,46-55,1974-08-03,Single,Master,Human Resources,Maharashtra,Pune,9308336014,IT,Network Engineer,Non-Travel,Work From Office,2.6,2,2,0,1,2026-05-28,42650,3-6 LPA,10,1,3,1,2,4,1,2,2.6,No,No,No
HRA240893,Female,Pooja Singh,pooja.singh@hrhub.co.in,pooja.singh,1,Y,80,HRHub Solutions Pvt. Ltd.,Information Technology & Business Services,India,33,26-35,1993-07-29,Married,Bachelor,Computer Science,Rajasthan,Jaipur,9927584827,IT,System Administrator,Travel_Rarely,Remote,5.4,1,0,0,0,2023-08-10,67400,6-10 LPA,9,2,3,4,3,3,4,6,5.4,No,Yes,No
HRA240894,Male,Sandeep Gupta,sandeep.gupta@hrhub.co.in,sandeep.gupta,1,Y,80,HRHub Solutions Pvt. Ltd.,Information Technology & Business Services,India,38,36-45,1988-07-30,Single,Master,Computer Science,Rajasthan,Udaipur,9165081703,Sales,Business Development Executive,Non-Travel,Work From Office,3.7,1,1,0,0,2025-04-22,53800,6-10 LPA,13,2,3,3,3,3,3,1,3.7,No,No,No
HRA240895,Female,Swati Mukherjee,swati.mukherjee@hrhub.co.in,swati.mukherjee,1,Y,80,HRHub Solutions Pvt. Ltd.,Information Technology & Business Services,India,40,36-45,1986-07-31,Married,MBA,Operations,Kerala,Kozhikode,9201482923,IT,Data Analyst,Travel_Rarely,Work From Office,16.6,12,8,3,10,2012-05-31,146200,10+ LPA,17,3,1,1,4,3,3,4,6.0,No,Yes,No
HRA240896,Male,Deepak Khan,deepak.khan@hrhub.co.in,deepak.khan,1,Y,80,HRHub Solutions Pvt. Ltd.,Information Technology & Business Services,India,41,36-45,1985-07-31,Single,High School,General Education,Maharashtra,Pune,9605677213,IT,Software Engineer,Travel_Rarely,Hybrid,14.7,13,3,4,0,2014-04-25,93550,10+ LPA,12,1,3,2,2,4,1,0,9.0,No,No,No
HRA240897,Female,Divya Verma,divya.verma@hrhub.co.in,divya.verma,1,Y,80,HRHub Solutions Pvt. Ltd.,Information Technology & Business Services,India,22,18-25,2004-07-26,Married,Master,Finance,Maharashtra,Nagpur,9916516800,Human Resources,HR Business Partner,Travel_Rarely,Work From Office,0.3,0,0,0,0,2028-09-14,29200,3-6 LPA,7,3,4,2,1,1,3,2,0.3,No,No,Yes
HRA240898,Female,Ritika Reddy,ritika.reddy@hrhub.co.in,ritika.reddy,1,Y,80,HRHub Solutions Pvt. Ltd.,Information Technology & Business Services,India,18,18-25,2008-07-25,Married,High School,General Education,West Bengal,Durgapur,9942325543,Operations,Operations Executive,Travel_Rarely,Work From Office,0.0,0,0,0,0,2029-01-01,23300,0-3 LPA,9,2,3,2,2,1,2,3,0.0,Yes,Yes,No
HRA240899,Female,Vidya Reddy,vidya.reddy@hrhub.co.in,vidya.reddy,1,Y,80,HRHub Solutions Pvt. Ltd.,Information Technology & Business Services,India,18,18-25,2008-07-25,Married,PhD,Finance,Uttar Pradesh,Kanpur,9447309811,Sales,Sales Executive,Non-Travel,Work From Office,0.0,0,0,0,0,2029-01-01,33200,3-6 LPA,14,2,3,2,3,2,2,2,0.0,No,No,No
HRA240900,Male,Vivek Bose,vivek.bose@hrhub.co.in,vivek.bose,1,Y,80,HRHub Solutions Pvt. Ltd.,Information Technology & Business Services,India,22,18-25,2004-07-26,Married,PhD,Computer Science,Delhi,New Delhi,9613637506,Administration,Administrative Executive,Travel_Rarely,Work From Office,0.7,0,0,0,0,2028-04-21,21850,0-3 LPA,20,2,4,3,4,2,4,6,0.7,No,No,Yes
HRA240901,Female,Tanvi Saha,tanvi.saha@hrhub.co.in,tanvi.saha,1,Y,80,HRHub Solutions Pvt. Ltd.,Information Technology & Business Services,India,26,26-35,2000-07-27,Married,High School,General Education,Uttar Pradesh,Lucknow,9226992728,IT,Software Engineer,Travel_Rarely,Work From Office,3.7,0,0,0,0,2025-04-22,39350,3-6 LPA,10,1,3,3,1,4,3,3,3.7,No,No,No
HRA240902,Female,Kavya Sharma,kavya.sharma@hrhub.co.in,kavya.sharma,1,Y,80,HRHub Solutions Pvt. Ltd.,Information Technology & Business Services,India,40,36-45,1986-07-31,Married,PhD,Finance,Karnataka,Mysuru,9130329284,Human Resources,HR Executive,Travel_Frequently,Work From Office,10.4,3,1,0,0,2018-08-11,100500,10+ LPA,12,0,4,1,3,2,3,3,0.0,No,No,No
HRA240903,Male,Sahil Khan,sahil.khan@hrhub.co.in,sahil.khan,1,Y,80,HRHub Solutions Pvt. Ltd.,Information Technology & Business Services,India,50,46-55,1976-08-02,Married,Diploma,Mechanical,West Bengal,Kolkata,9752002556,Marketing,Marketing Executive,Travel_Rarely,Remote,0.2,0,0,0,0,2028-10-20,29300,3-6 LPA,20,2,3,4,2,1,3,1,0.2,No,Yes,No
HRA240904,Male,Aarav Banerjee,aarav.banerjee@hrhub.co.in,aarav.banerjee,1,Y,80,HRHub Solutions Pvt. Ltd.,Information Technology & Business Services,India,55,46-55,1971-08-04,Divorced,Master,Marketing,Delhi,New Delhi,9527397674,Marketing,Content Strategist,Travel_Rarely,Remote,3.2,1,0,0,1,2025-10-21,50100,6-10 LPA,24,2,2,3,2,1,3,0,1.0,No,No,No
HRA240905,Female,Divya Roy,divya.roy@hrhub.co.in,divya.roy,1,Y,80,HRHub Solutions Pvt. Ltd.,Information Technology & Business Services,India,41,36-45,1985-07-31,Single,Diploma,Computer,Karnataka,Hubballi,9942840888,Human Resources,HR Business Partner,Travel_Frequently,Work From Office,3.7,2,0,0,0,2025-04-22,34850,3-6 LPA,14,0,3,3,1,3,3,4,3.7,No,No,No
HRA240906,Male,Ankit Chatterjee,ankit.chatterjee@hrhub.co.in,ankit.chatterjee,1,Y,80,HRHub Solutions Pvt. Ltd.,Information Technology & Business Services,India,51,46-55,1975-08-03,Married,Diploma,Civil,Maharashtra,Nagpur,9888842359,Human Resources,HR Executive,Travel_Rarely,Hybrid,12.4,8,0,3,8,2016-08-11,86500,10+ LPA,15,3,3,4,2,2,3,5,4.0,No,Yes,No
HRA240907,Female,Pooja Chatterjee,pooja.chatterjee@hrhub.co.in,pooja.chatterjee,1,Y,80,HRHub Solutions Pvt. Ltd.,Information Technology & Business Services,India,41,36-45,1985-07-31,Married,PhD,Management,West Bengal,Kolkata,9551727484,IT,Data Analyst,Travel_Rarely,Hybrid,11.6,4,2,1,0,2017-05-30,118150,10+ LPA,15,1,3,4,3,3,4,5,10.0,Yes,No,No
HRA240908,Male,Sandeep Sharma,sandeep.sharma@hrhub.co.in,sandeep.sharma,1,Y,80,HRHub Solutions Pvt. Ltd.,Information Technology & Business Services,India,22,18-25,2004-07-26,Married,Master,Computer Science,West Bengal,Durgapur,9870071106,Human Resources,Talent Acquisition Specialist,Travel_Rarely,Hybrid,0.8,0,0,0,0,2028-03-15,23200,0-3 LPA,22,0,3,3,3,4,3,2,0.8,No,Yes,No
HRA240909,Male,Ankit Roy,ankit.roy@hrhub.co.in,ankit.roy,1,Y,80,HRHub Solutions Pvt. Ltd.,Information Technology & Business Services,India,44,36-45,1982-08-01,Divorced,High School,General Education,Kerala,Kochi,9382172952,Operations,Operations Executive,Travel_Rarely,Work From Office,11.9,2,0,1,1,2017-02-10,106700,10+ LPA,19,3,3,3,4,2,4,4,7.0,No,No,No
HRA240910,Female,Anusha Verma,anusha.verma@hrhub.co.in,anusha.verma,1,Y,80,HRHub Solutions Pvt. Ltd.,Information Technology & Business Services,India,23,18-25,2003-07-27,Married,MBA,Operations,West Bengal,Howrah,9818706337,Operations,Supply Chain Coordinator,Non-Travel,Work From Office,0.9,0,0,0,0,2028-02-08,36800,3-6 LPA,21,0,3,1,3,2,4,2,0.0,No,No,Yes
HRA240911,Male,Sumit Rao,sumit.rao@hrhub.co.in,sumit.rao,1,Y,80,HRHub Solutions Pvt. Ltd.,Information Technology & Business Services,India,27,26-35,1999-07-28,Married,PhD,Computer Science,Uttar Pradesh,Noida,9959624132,Human Resources,HR Business Partner,Travel_Rarely,Hybrid,4.4,1,0,0,0,2024-08-09,42550,3-6 LPA,7,2,3,3,3,3,1,2,3.0,No,No,Yes
HRA240912,Male,Aditya Patel,aditya.patel@hrhub.co.in,aditya.patel,1,Y,80,HRHub Solutions Pvt. Ltd.,Information Technology & Business Services,India,42,36-45,1984-07-31,Married,MBA,Marketing,Maharashtra,Pune,9103415949,Sales,Business Development Executive,Travel_Frequently,Hybrid,11.4,4,4,1,1,2017-08-11,118900,10+ LPA,16,1,3,4,1,4,4,5,10.0,Yes,No,No
HRA240913,Female,Deepika Jain,deepika.jain@hrhub.co.in,deepika.jain,1,Y,80,HRHub Solutions Pvt. Ltd.,Information Technology & Business Services,India,43,36-45,1983-08-01,Divorced,High School,General Education,Maharashtra,Mumbai,9242234177,Marketing,Content Strategist,Non-Travel,Work From Office,15.2,2,2,0,1,2013-10-24,127200,10+ LPA,16,1,3,4,1,1,1,1,7.0,No,No,No
HRA240914,Female,Aditi Ghosh,aditi.ghosh@hrhub.co.in,aditi.ghosh,1,Y,80,HRHub Solutions Pvt. Ltd.,Information Technology & Business Services,India,46,46-55,1980-08-01,Married,PhD,Finance,Tamil Nadu,Chennai,9152119971,IT,Network Engineer,Travel_Frequently,Work From Office,16.3,12,11,6,1,2012-09-18,155800,10+ LPA,12,3,3,4,3,4,3,5,0.0,No,No,No
HRA240915,Male,Vivek Sharma,vivek.sharma@hrhub.co.in,vivek.sharma,1,Y,80,HRHub Solutions Pvt. Ltd.,Information Technology & Business Services,India,44,36-45,1982-08-01,Married,Diploma,Civil,Delhi,New Delhi,9749281871,Sales,Sales Executive,Non-Travel,Work From Office,16.3,7,5,2,3,2012-09-18,132600,10+ LPA,12,0,2,2,4,1,4,5,4.0,No,No,No
HRA240916,Male,Sahil Sharma,sahil.sharma@hrhub.co.in,sahil.sharma,1,Y,80,HRHub Solutions Pvt. Ltd.,Information Technology & Business Services,India,59,55+,1967-08-05,Married,High School,General Education,Kerala,Thiruvananthapuram,9910303379,Marketing,Marketing Executive,Travel_Rarely,Remote,12.7,0,0,0,0,2016-04-24,112200,10+ LPA,18,2,3,1,2,1,3,3,7.0,No,No,Yes
HRA240917,Male,Mohit Reddy,mohit.reddy@hrhub.co.in,mohit.reddy,1,Y,80,HRHub Solutions Pvt. Ltd.,Information Technology & Business Services,India,27,26-35,1999-07-28,Single,High School,General Education,Tamil Nadu,Chennai,9863574088,Sales,Business Development Executive,Travel_Rarely,Work From Office,1.6,1,0,0,0,2027-05-28,30600,3-6 LPA,25,1,3,3,3,2,4,1,1.6,No,No,Yes
HRA240918,Female,Anusha Nair,anusha.nair@hrhub.co.in,anusha.nair,1,Y,80,HRHub Solutions Pvt. Ltd.,Information Technology & Business Services,India,48,46-55,1978-08-02,Married,MBA,Finance,Tamil Nadu,Chennai,9810063105,Marketing,Content Strategist,Travel_Frequently,Hybrid,0.8,0,0,0,0,2028-03-15,34150,3-6 LPA,21,3,3,1,4,1,4,6,0.8,No,Yes,Yes
HRA240919,Male,Aditya Roy,aditya.roy@hrhub.co.in,aditya.roy,1,Y,80,HRHub Solutions Pvt. Ltd.,Information Technology & Business Services,India,29,26-35,1997-07-28,Single,MBA,Finance,Karnataka,Mysuru,9989216850,Marketing,Content Strategist,Non-Travel,Work From Office,5.0,4,4,2,1,2024-01-03,78150,6-10 LPA,13,3,3,4,1,1,4,0,3.0,No,No,No
HRA240920,Male,Sumit Gupta,sumit.gupta@hrhub.co.in,sumit.gupta,1,Y,80,HRHub Solutions Pvt. Ltd.,Information Technology & Business Services,India,53,46-55,1973-08-03,Married,Diploma,Electrical,Delhi,New Delhi,9375572705,Marketing,Marketing Executive,Travel_Frequently,Work From Office,20.8,17,17,7,4,2008-03-20,129400,10+ LPA,24,3,3,4,4,4,4,5,7.0,No,No,No
HRA240921,Male,Aarav Patel,aarav.patel@hrhub.co.in,aarav.patel,1,Y,80,HRHub Solutions Pvt. Ltd.,Information Technology & Business Services,India,58,55+,1968-08-04,Single,MBA,Marketing,Kerala,Thiruvananthapuram,9200663295,IT,Network Engineer,Travel_Rarely,Work From Office,34.9,15,12,7,0,1994-02-16,154350,10+ LPA,23,3,4,1,1,2,1,6,4.0,No,Yes,No
HRA240922,Male,Akash Kumar,akash.kumar@hrhub.co.in,akash.kumar,1,Y,80,HRHub Solutions Pvt. Ltd.,Information Technology & Business Services,India,31,26-35,1995-07-29,Single,High School,General Education,Gujarat,Vadodara,9835348584,Sales,Sales Executive,Travel_Rarely,Work From Office,2.8,0,0,0,0,2026-03-17,53000,6-10 LPA,5,0,3,2,2,3,4,5,2.8,No,Yes,No
HRA240923,Female,Vaishnavi Sen,vaishnavi.sen@hrhub.co.in,vaishnavi.sen,1,Y,80,HRHub Solutions Pvt. Ltd.,Information Technology & Business Services,India,32,26-35,1994-07-29,Married,Bachelor,Information Technology,Tamil Nadu,Madurai,9693604259,Marketing,Marketing Executive,Travel_Rarely,Hybrid,7.4,0,0,0,0,2021-08-10,81400,6-10 LPA,23,0,3,3,2,2,3,6,4.0,No,No,No
HRA240924,Male,Harsh Saha,harsh.saha@hrhub.co.in,harsh.saha,1,Y,80,HRHub Solutions Pvt. Ltd.,Information Technology & Business Services,India,29,26-35,1997-07-28,Single,Bachelor,Human Resources,Karnataka,Bengaluru,9286952938,Finance,Accountant,Non-Travel,Work From Office,4.3,4,2,0,0,2024-09-15,38750,3-6 LPA,19,1,3,1,1,2,2,5,4.3,No,No,Yes
HRA240925,Female,Khushi Sinha,khushi.sinha@hrhub.co.in,khushi.sinha,1,Y,80,HRHub Solutions Pvt. Ltd.,Information Technology & Business Services,India,23,18-25,2003-07-27,Married,MBA,Marketing,West Bengal,Howrah,9302595888,Human Resources,HR Business Partner,Non-Travel,Work From Office,1.7,1,1,0,1,2027-04-22,21350,0-3 LPA,16,2,1,4,2,3,1,2,1.7,No,No,No
HRA240926,Female,Harini Sinha,harini.sinha@hrhub.co.in,harini.sinha,1,Y,80,HRHub Solutions Pvt. Ltd.,Information Technology & Business Services,India,54,46-55,1972-08-03,Married,MBA,Human Resources,Telangana,Hyderabad,9720703679,Marketing,Content Strategist,Travel_Rarely,Work From Office,6.4,1,0,0,1,2022-08-10,83800,10+ LPA,20,3,4,4,3,1,1,4,4.0,No,No,No
HRA240927,Male,Manish Das,manish.das@hrhub.co.in,manish.das,1,Y,80,HRHub Solutions Pvt. Ltd.,Information Technology & Business Services,India,54,46-55,1972-08-03,Single,Bachelor,Commerce,Maharashtra,Nagpur,9002558782,Human Resources,HR Business Partner,Travel_Rarely,Work From Office,7.0,2,0,0,0,2022-01-03,68950,6-10 LPA,12,2,3,3,2,2,3,6,0.0,No,Yes,No
HRA240928,Female,Shreya Sharma,shreya.sharma@hrhub.co.in,shreya.sharma,1,Y,80,HRHub Solutions Pvt. Ltd.,Information Technology & Business Services,India,41,36-45,1985-07-31,Married,PhD,Management,Maharashtra,Nagpur,9337198658,Human Resources,HR Executive,Travel_Rarely,Hybrid,13.9,11,1,5,4,2015-02-11,108600,10+ LPA,13,0,3,2,2,2,1,6,6.0,No,Yes,Yes
HRA240929,Female,Aditi Bose,aditi.bose@hrhub.co.in,aditi.bose,1,Y,80,HRHub Solutions Pvt. Ltd.,Information Technology & Business Services,India,56,55+,1970-08-04,Married,Master,Marketing,Kerala,Kozhikode,9795047006,Finance,Accountant,Travel_Rarely,Hybrid,1.5,1,1,0,0,2027-07-04,36250,3-6 LPA,14,0,4,2,2,2,4,0,1.5,No,No,No
HRA240930,Male,Nikhil Mishra,nikhil.mishra@hrhub.co.in,nikhil.mishra,1,Y,80,HRHub Solutions Pvt. Ltd.,Information Technology & Business Services,India,21,18-25,2005-07-26,Married,Master,Business Administration,Telangana,Warangal,9273983112,Operations,Operations Manager,Travel_Rarely,Hybrid,0.0,0,0,0,0,2029-01-01,80750,6-10 LPA,14,2,3,1,4,4,1,1,0.0,Yes,Yes,No
HRA240931,Female,Sonali Nair,sonali.nair@hrhub.co.in,sonali.nair,1,Y,80,HRHub Solutions Pvt. Ltd.,Information Technology & Business Services,India,51,46-55,1975-08-03,Single,High School,General Education,Maharashtra,Mumbai,9743939191,Operations,Supply Chain Coordinator,Travel_Rarely,Work From Office,17.7,17,0,6,4,2011-04-26,130300,10+ LPA,15,1,3,4,3,4,1,3,2.0,No,No,No
HRA240932,Male,Ayush Saha,ayush.saha@hrhub.co.in,ayush.saha,1,Y,80,HRHub Solutions Pvt. Ltd.,Information Technology & Business Services,India,60,55+,1966-08-05,Married,High School,General Education,Maharashtra,Pune,9822053845,Sales,Sales Executive,Travel_Rarely,Work From Office,22.3,16,10,7,10,2006-09-20,180950,10+ LPA,12,1,3,1,1,2,2,0,1.0,No,Yes,No
HRA240933,Male,Sumit Das,sumit.das@hrhub.co.in,sumit.das,1,Y,80,HRHub Solutions Pvt. Ltd.,Information Technology & Business Services,India,41,36-45,1985-07-31,Married,Bachelor,Computer Science,Delhi,New Delhi,9999629426,Human Resources,Talent Acquisition Specialist,Travel_Frequently,Hybrid,0.3,0,0,0,0,2028-09-14,25900,3-6 LPA,7,2,3,2,4,3,2,6,0.3,No,No,No
HRA240934,Female,Riya Kumar,riya.kumar@hrhub.co.in,riya.kumar,1,Y,80,HRHub Solutions Pvt. Ltd.,Information Technology & Business Services,India,54,46-55,1972-08-03,Married,Bachelor,Computer Science,Kerala,Kozhikode,9045490654,Operations,Operations Manager,Travel_Rarely,Hybrid,20.1,9,0,4,8,2008-12-01,215650,10+ LPA,18,3,2,1,4,1,1,3,4.0,No,No,No
HRA240935,Male,Aarav Mishra,aarav.mishra@hrhub.co.in,aarav.mishra,1,Y,80,HRHub Solutions Pvt. Ltd.,Information Technology & Business Services,India,23,18-25,2003-07-27,Married,Diploma,Mechanical,Delhi,New Delhi,9556775216,Finance,Financial Analyst,Travel_Frequently,Remote,1.3,1,1,0,0,2027-09-15,33950,3-6 LPA,15,2,3,1,3,3,2,4,1.3,No,No,No
HRA240936,Male,Harsh Das,harsh.das@hrhub.co.in,harsh.das,1,Y,80,HRHub Solutions Pvt. Ltd.,Information Technology & Business Services,India,38,36-45,1988-07-30,Married,MBA,Finance,Uttar Pradesh,Kanpur,9422120373,Sales,Sales Manager,Travel_Rarely,Work From Office,5.5,1,0,0,0,2023-07-05,116650,10+ LPA,14,1,3,1,3,1,4,4,3.0,No,No,No
HRA240937,Male,Aarav Nair,aarav.nair@hrhub.co.in,aarav.nair,1,Y,80,HRHub Solutions Pvt. Ltd.,Information Technology & Business Services,India,22,18-25,2004-07-26,Married,Bachelor,Finance,Telangana,Hyderabad,9903514903,Finance,Accountant,Non-Travel,Work From Office,0.2,0,0,0,0,2028-10-20,31400,3-6 LPA,6,3,3,1,3,4,4,6,0.2,No,No,No
HRA240938,Female,Neha Rao,neha.rao@hrhub.co.in,neha.rao,1,Y,80,HRHub Solutions Pvt. Ltd.,Information Technology & Business Services,India,26,26-35,2000-07-27,Single,High School,General Education,Telangana,Hyderabad,9803038794,Finance,Financial Analyst,Travel_Rarely,Remote,0.0,0,0,0,0,2029-01-01,29700,3-6 LPA,15,3,3,2,2,2,1,5,0.0,No,Yes,No
HRA240939,Male,Sandeep Bose,sandeep.bose@hrhub.co.in,sandeep.bose,1,Y,80,HRHub Solutions Pvt. Ltd.,Information Technology & Business Services,India,54,46-55,1972-08-03,Divorced,Master,Marketing,Maharashtra,Mumbai,9982771795,IT,Network Engineer,Travel_Rarely,Remote,18.5,12,6,0,2,2010-07-08,137650,10+ LPA,20,2,4,3,3,1,3,6,6.0,No,No,No
HRA240940,Female,Megha Roy,megha.roy@hrhub.co.in,megha.roy,1,Y,80,HRHub Solutions Pvt. Ltd.,Information Technology & Business Services,India,51,46-55,1975-08-03,Single,MBA,Finance,Delhi,New Delhi,9818012955,Marketing,Digital Marketing Specialist,Travel_Frequently,Work From Office,27.9,10,2,3,4,2001-02-14,128950,10+ LPA,8,2,4,1,2,1,1,2,6.0,No,No,No
HRA240941,Male,Vikas Joshi,vikas.joshi@hrhub.co.in,vikas.joshi,1,Y,80,HRHub Solutions Pvt. Ltd.,Information Technology & Business Services,India,40,36-45,1986-07-31,Married,Bachelor,Commerce,Delhi,New Delhi,9290382651,Finance,Finance Executive,Travel_Rarely,Work From Office,11.1,6,6,1,1,2017-11-29,114700,10+ LPA,25,0,3,1,1,2,1,5,2.0,No,Yes,No
HRA240942,Female,Anusha Kumar,anusha.kumar@hrhub.co.in,anusha.kumar,1,Y,80,HRHub Solutions Pvt. Ltd.,Information Technology & Business Services,India,53,46-55,1973-08-03,Single,Diploma,Civil,Karnataka,Bengaluru,9874223185,Marketing,Marketing Executive,Non-Travel,Remote,24.2,5,4,1,2,2004-10-26,155400,10+ LPA,11,2,4,1,4,1,1,2,8.0,No,Yes,No
HRA240943,Female,Swati Joshi,swati.joshi@hrhub.co.in,swati.joshi,1,Y,80,HRHub Solutions Pvt. Ltd.,Information Technology & Business Services,India,51,46-55,1975-08-03,Married,PhD,Computer Science,Rajasthan,Udaipur,9317852976,Human Resources,HR Executive,Non-Travel,Work From Office,19.7,12,8,2,1,2009-04-26,160350,10+ LPA,17,0,3,3,4,2,4,5,4.0,Yes,No,No
HRA240944,Male,Deepak Roy,deepak.roy@hrhub.co.in,deepak.roy,1,Y,80,HRHub Solutions Pvt. Ltd.,Information Technology & Business Services,India,25,18-25,2001-07-27,Single,High School,General Education,Rajasthan,Jaipur,9111704047,Marketing,Content Strategist,Travel_Frequently,Hybrid,0.9,0,0,0,0,2028-02-08,26700,3-6 LPA,5,1,1,2,4,1,1,3,0.9,No,Yes,Yes
HRA240945,Female,Ritika Bose,ritika.bose@hrhub.co.in,ritika.bose,1,Y,80,HRHub Solutions Pvt. Ltd.,Information Technology & Business Services,India,21,18-25,2005-07-26,Married,Master,Marketing,Karnataka,Hubballi,9676741660,IT,System Administrator,Travel_Rarely,Hybrid,0.0,0,0,0,0,2029-01-01,33300,3-6 LPA,6,2,3,4,3,3,2,4,0.0,No,No,No
HRA240946,Male,Arjun Mishra,arjun.mishra@hrhub.co.in,arjun.mishra,1,Y,80,HRHub Solutions Pvt. Ltd.,Information Technology & Business Services,India,39,36-45,1987-07-31,Married,Master,Marketing,Telangana,Warangal,9315525417,Sales,Business Development Executive,Non-Travel,Remote,1.6,0,0,0,0,2027-05-28,32500,3-6 LPA,5,3,3,3,3,4,4,3,1.0,Yes,No,No
HRA240947,Male,Nikhil Shah,nikhil.shah@hrhub.co.in,nikhil.shah,1,Y,80,HRHub Solutions Pvt. Ltd.,Information Technology & Business Services,India,33,26-35,1993-07-29,Single,Bachelor,Information Technology,Delhi,New Delhi,9928870052,Human Resources,HR Executive,Travel_Frequently,Work From Office,5.7,1,1,0,0,2023-04-23,68350,6-10 LPA,8,0,3,1,3,4,3,1,5.7,Yes,No,No
HRA240948,Male,Arjun Bose,arjun.bose@hrhub.co.in,arjun.bose,1,Y,80,HRHub Solutions Pvt. Ltd.,Information Technology & Business Services,India,42,36-45,1984-07-31,Married,Master,Human Resources,Uttar Pradesh,Kanpur,9332006119,Sales,Sales Executive,Travel_Rarely,Work From Office,19.6,19,15,4,17,2009-06-01,125000,10+ LPA,11,1,3,3,2,2,3,6,8.0,No,No,No
HRA240949,Male,Rohan Gupta,rohan.gupta@hrhub.co.in,rohan.gupta,1,Y,80,HRHub Solutions Pvt. Ltd.,Information Technology & Business Services,India,60,55+,1966-08-05,Married,Bachelor,Finance,Maharashtra,Pune,9491698155,Human Resources,HR Business Partner,Travel_Rarely,Hybrid,16.7,1,1,0,1,2012-04-25,183850,10+ LPA,8,0,3,3,2,3,3,3,5.0,No,No,No
HRA240950,Male,Karan Nair,karan.nair@hrhub.co.in,karan.nair,1,Y,80,HRHub Solutions Pvt. Ltd.,Information Technology & Business Services,India,23,18-25,2003-07-27,Married,Master,Business Administration,Gujarat,Ahmedabad,9849940847,IT,Data Analyst,Travel_Rarely,Remote,0.3,0,0,0,0,2028-09-14,36400,3-6 LPA,14,0,4,3,4,3,1,4,0.3,No,Yes,No
HRA240951,Female,Anusha Patel,anusha.patel@hrhub.co.in,anusha.patel,1,Y,80,HRHub Solutions Pvt. Ltd.,Information Technology & Business Services,India,51,46-55,1975-08-03,Single,PhD,Management,West Bengal,Howrah,9521642011,Operations,Supply Chain Coordinator,Travel_Rarely,Work From Office,20.6,20,19,5,8,2008-06-01,167900,10+ LPA,25,2,2,1,2,1,3,4,4.0,No,Yes,No
HRA240952,Male,Vivek Sharma,vivek.sharma@hrhub.co.in,vivek.sharma,1,Y,80,HRHub Solutions Pvt. Ltd.,Information Technology & Business Services,India,48,46-55,1978-08-02,Divorced,PhD,Finance,Tamil Nadu,Chennai,9769017706,Marketing,Content Strategist,Travel_Rarely,Hybrid,25.3,6,3,0,5,2003-09-21,136000,10+ LPA,25,1,3,4,3,1,3,5,3.0,No,No,No
HRA240953,Male,Manish Kapoor,manish.kapoor@hrhub.co.in,manish.kapoor,1,Y,80,HRHub Solutions Pvt. Ltd.,Information Technology & Business Services,India,39,36-45,1987-07-31,Single,MBA,Finance,Kerala,Kochi,9671258404,Sales,Sales Manager,Travel_Rarely,Work From Office,17.5,7,0,3,3,2011-07-08,190650,10+ LPA,6,0,3,4,3,1,4,6,6.0,No,No,No
HRA240954,Male,Karan Sinha,karan.sinha@hrhub.co.in,karan.sinha,1,Y,80,HRHub Solutions Pvt. Ltd.,Information Technology & Business Services,India,39,36-45,1987-07-31,Divorced,Diploma,Electrical,Tamil Nadu,Madurai,9869546800,Finance,Accountant,Non-Travel,Hybrid,8.0,4,3,1,1,2021-01-03,63050,6-10 LPA,20,2,3,3,4,2,4,2,2.0,No,Yes,No
HRA240955,Male,Ankit Rao,ankit.rao@hrhub.co.in,ankit.rao,1,Y,80,HRHub Solutions Pvt. Ltd.,Information Technology & Business Services,India,33,26-35,1993-07-29,Single,Diploma,Computer,Maharashtra,Mumbai,9752696857,Human Resources,HR Executive,Non-Travel,Work From Office,7.7,1,0,0,1,2021-04-23,72250,6-10 LPA,24,1,3,4,4,4,1,3,3.0,No,No,Yes
HRA240956,Male,Pranav Das,pranav.das@hrhub.co.in,pranav.das,1,Y,80,HRHub Solutions Pvt. Ltd.,Information Technology & Business Services,India,27,26-35,1999-07-28,Single,Diploma,Civil,Uttar Pradesh,Noida,9815324606,Sales,Sales Executive,Travel_Frequently,Work From Office,3.1,2,1,1,0,2025-11-27,42500,3-6 LPA,17,0,3,2,4,1,1,5,3.1,No,No,No
HRA240957,Male,Karan Singh,karan.singh@hrhub.co.in,karan.singh,1,Y,80,HRHub Solutions Pvt. Ltd.,Information Technology & Business Services,India,18,18-25,2008-07-25,Single,Master,Marketing,West Bengal,Kolkata,9820751134,Marketing,Digital Marketing Specialist,Travel_Rarely,Work From Office,0.0,0,0,0,0,2029-01-01,23100,0-3 LPA,10,2,1,4,2,2,1,2,0.0,No,No,No
HRA240958,Female,Harini Bose,harini.bose@hrhub.co.in,harini.bose,1,Y,80,HRHub Solutions Pvt. Ltd.,Information Technology & Business Services,India,27,26-35,1999-07-28,Single,Master,Marketing,Tamil Nadu,Chennai,9094043781,Sales,Sales Manager,Travel_Rarely,Work From Office,3.2,1,1,0,1,2025-10-21,76100,6-10 LPA,16,0,4,1,1,3,4,1,3.0,No,Yes,No
HRA240959,Male,Raj Ghosh,raj.ghosh@hrhub.co.in,raj.ghosh,1,Y,80,HRHub Solutions Pvt. Ltd.,Information Technology & Business Services,India,32,26-35,1994-07-29,Single,High School,General Education,Uttar Pradesh,Lucknow,9629968175,Human Resources,Talent Acquisition Specialist,Non-Travel,Work From Office,9.0,3,1,1,1,2020-01-04,73250,6-10 LPA,15,3,1,2,2,3,4,2,6.0,No,No,No
HRA240960,Male,Rahul Bose,rahul.bose@hrhub.co.in,rahul.bose,1,Y,80,HRHub Solutions Pvt. Ltd.,Information Technology & Business Services,India,53,46-55,1973-08-03,Single,PhD,Computer Science,Delhi,New Delhi,9035979780,Marketing,Digital Marketing Specialist,Travel_Rarely,Hybrid,3.2,3,3,0,1,2025-10-21,54150,6-10 LPA,12,2,3,3,4,2,1,1,0.0,No,No,No
HRA240961,Female,Shreya Chatterjee,shreya.chatterjee@hrhub.co.in,shreya.chatterjee,1,Y,80,HRHub Solutions Pvt. Ltd.,Information Technology & Business Services,India,25,18-25,2001-07-27,Married,Bachelor,Finance,Rajasthan,Jodhpur,9138933138,IT,Data Analyst,Travel_Frequently,Hybrid,1.2,0,0,0,0,2027-10-21,39750,3-6 LPA,24,1,3,1,1,3,1,3,1.2,No,No,No
HRA240962,Male,Aarav Jain,aarav.jain@hrhub.co.in,aarav.jain,1,Y,80,HRHub Solutions Pvt. Ltd.,Information Technology & Business Services,India,59,55+,1967-08-05,Single,High School,General Education,Tamil Nadu,Chennai,9403976211,Marketing,Content Strategist,Travel_Rarely,Work From Office,10.5,8,1,0,4,2018-07-06,117800,10+ LPA,7,0,2,4,2,3,3,0,8.0,No,Yes,No
HRA240963,Female,Pooja Sharma,pooja.sharma@hrhub.co.in,pooja.sharma,1,Y,80,HRHub Solutions Pvt. Ltd.,Information Technology & Business Services,India,36,36-45,1990-07-30,Divorced,High School,General Education,Maharashtra,Nagpur,9957568113,Human Resources,HR Executive,Travel_Rarely,Work From Office,2.8,0,0,0,0,2026-03-17,41050,3-6 LPA,21,1,3,2,3,4,2,2,2.8,No,Yes,No
HRA240964,Male,Vikas Joshi,vikas.joshi@hrhub.co.in,vikas.joshi,1,Y,80,HRHub Solutions Pvt. Ltd.,Information Technology & Business Services,India,46,46-55,1980-08-01,Single,MBA,Marketing,Kerala,Kochi,9652773087,Operations,Operations Executive,Travel_Frequently,Hybrid,5.8,2,2,0,0,2023-03-17,82350,6-10 LPA,16,2,1,3,4,4,4,2,1.0,No,No,No
HRA240965,Female,Ishita Ghosh,ishita.ghosh@hrhub.co.in,ishita.ghosh,1,Y,80,HRHub Solutions Pvt. Ltd.,Information Technology & Business Services,India,54,46-55,1972-08-03,Single,Diploma,Electrical,Telangana,Warangal,9564414930,Administration,Office Administrator,Travel_Frequently,Work From Office,0.0,0,0,0,0,2029-01-01,18750,0-3 LPA,23,1,2,2,3,2,4,2,0.0,No,No,Yes
HRA240966,Male,Mohit Mishra,mohit.mishra@hrhub.co.in,mohit.mishra,1,Y,80,HRHub Solutions Pvt. Ltd.,Information Technology & Business Services,India,54,46-55,1972-08-03,Single,High School,General Education,Kerala,Thiruvananthapuram,9066446515,IT,Software Engineer,Travel_Rarely,Work From Office,22.9,1,0,0,0,2006-02-13,181350,10+ LPA,23,1,4,3,3,3,3,6,0.0,No,No,No
HRA240967,Male,Rohan Agarwal,rohan.agarwal@hrhub.co.in,rohan.agarwal,1,Y,80,HRHub Solutions Pvt. Ltd.,Information Technology & Business Services,India,30,26-35,1996-07-28,Married,MBA,Human Resources,Tamil Nadu,Chennai,9001056897,IT,Software Engineer,Travel_Rarely,Remote,3.9,2,2,1,1,2025-02-08,49100,3-6 LPA,9,0,4,4,2,4,4,4,3.9,No,No,No
HRA240968,Female,Sonali Mishra,sonali.mishra@hrhub.co.in,sonali.mishra,1,Y,80,HRHub Solutions Pvt. Ltd.,Information Technology & Business Services,India,30,26-35,1996-07-28,Married,Master,Finance,West Bengal,Durgapur,9315260579,Human Resources,Talent Acquisition Specialist,Travel_Rarely,Work From Office,4.8,0,0,0,0,2024-03-16,44300,3-6 LPA,19,2,2,3,3,4,2,3,4.8,No,No,No
HRA240969,Male,Varun Banerjee,varun.banerjee@hrhub.co.in,varun.banerjee,1,Y,80,HRHub Solutions Pvt. Ltd.,Information Technology & Business Services,India,27,26-35,1999-07-28,Married,PhD,Computer Science,West Bengal,Durgapur,9707896178,Operations,Operations Executive,Travel_Frequently,Hybrid,4.9,2,2,0,2,2024-02-09,40450,3-6 LPA,16,3,3,2,2,2,2,5,2.0,No,Yes,No
HRA240970,Female,Khushi Das,khushi.das@hrhub.co.in,khushi.das,1,Y,80,HRHub Solutions Pvt. Ltd.,Information Technology & Business Services,India,43,36-45,1983-08-01,Married,PhD,Finance,Rajasthan,Jodhpur,9320991242,Finance,Financial Analyst,Travel_Rarely,Hybrid,14.3,13,0,5,6,2014-09-18,95900,10+ LPA,21,2,3,4,4,2,4,4,5.0,No,Yes,No
HRA240971,Male,Sumit Sharma,sumit.sharma@hrhub.co.in,sumit.sharma,1,Y,80,HRHub Solutions Pvt. Ltd.,Information Technology & Business Services,India,55,46-55,1971-08-04,Married,MBA,Human Resources,Uttar Pradesh,Kanpur,9714673390,Marketing,Marketing Executive,Travel_Rarely,Hybrid,1.3,0,0,0,0,2027-09-15,22750,0-3 LPA,8,3,3,4,3,2,3,0,1.3,No,No,No
HRA240972,Female,Swati Mishra,swati.mishra@hrhub.co.in,swati.mishra,1,Y,80,HRHub Solutions Pvt. Ltd.,Information Technology & Business Services,India,41,36-45,1985-07-31,Divorced,Bachelor,Computer Science,West Bengal,Kolkata,9864598219,Human Resources,HR Executive,Travel_Rarely,Work From Office,15.2,7,6,0,0,2013-10-24,158400,10+ LPA,14,0,3,2,1,2,2,2,3.0,No,No,No
HRA240973,Female,Harini Roy,harini.roy@hrhub.co.in,harini.roy,1,Y,80,HRHub Solutions Pvt. Ltd.,Information Technology & Business Services,India,46,46-55,1980-08-01,Single,PhD,Finance,Gujarat,Surat,9006420922,Sales,Sales Manager,Travel_Rarely,Hybrid,15.5,13,7,6,0,2013-07-07,218100,10+ LPA,7,0,3,1,1,1,2,5,0.0,No,Yes,No
HRA240974,Male,Deepak Kumar,deepak.kumar@hrhub.co.in,deepak.kumar,1,Y,80,HRHub Solutions Pvt. Ltd.,Information Technology & Business Services,India,37,36-45,1989-07-30,Single,PhD,Management,Tamil Nadu,Coimbatore,9365602674,Administration,Office Administrator,Travel_Rarely,Work From Office,15.4,5,2,1,4,2013-08-12,179500,10+ LPA,17,1,2,2,4,2,3,5,8.0,No,Yes,No
HRA240975,Male,Sandeep Reddy,sandeep.reddy@hrhub.co.in,sandeep.reddy,1,Y,80,HRHub Solutions Pvt. Ltd.,Information Technology & Business Services,India,42,36-45,1984-07-31,Married,Master,Business Administration,Delhi,New Delhi,9051507108,Sales,Sales Executive,Travel_Rarely,Hybrid,7.8,5,4,2,5,2021-03-17,73400,6-10 LPA,7,2,3,2,2,1,2,4,3.0,No,Yes,Yes
HRA240976,Female,Swati Roy,swati.roy@hrhub.co.in,swati.roy,1,Y,80,HRHub Solutions Pvt. Ltd.,Information Technology & Business Services,India,39,36-45,1987-07-31,Single,High School,General Education,West Bengal,Durgapur,9800648615,IT,Network Engineer,Travel_Frequently,Work From Office,16.3,5,2,1,5,2012-09-18,172300,10+ LPA,13,1,4,4,2,4,1,0,2.0,No,No,No
HRA240977,Male,Aditya Banerjee,aditya.banerjee@hrhub.co.in,aditya.banerjee,1,Y,80,HRHub Solutions Pvt. Ltd.,Information Technology & Business Services,India,38,36-45,1988-07-30,Single,Master,Human Resources,West Bengal,Durgapur,9494428281,Marketing,Marketing Executive,Travel_Rarely,Work From Office,14.0,6,3,0,3,2015-01-05,119650,10+ LPA,19,1,3,2,1,2,4,4,0.0,No,No,No
HRA240978,Male,Sahil Mehta,sahil.mehta@hrhub.co.in,sahil.mehta,1,Y,80,HRHub Solutions Pvt. Ltd.,Information Technology & Business Services,India,32,26-35,1994-07-29,Single,Bachelor,Business Administration,Maharashtra,Mumbai,9240403417,IT,Software Engineer,Travel_Frequently,Work From Office,1.3,1,1,0,0,2027-09-15,37700,3-6 LPA,14,0,3,1,3,2,1,5,1.3,No,No,No
HRA240979,Female,Riya Sharma,riya.sharma@hrhub.co.in,riya.sharma,1,Y,80,HRHub Solutions Pvt. Ltd.,Information Technology & Business Services,India,51,46-55,1975-08-03,Single,Bachelor,Human Resources,Kerala,Kozhikode,9430122694,Administration,Administrative Executive,Travel_Rarely,Work From Office,24.4,3,3,0,2,2004-08-14,169300,10+ LPA,6,1,4,1,4,2,3,4,3.0,Yes,Yes,Yes
HRA240980,Female,Swati Agarwal,swati.agarwal@hrhub.co.in,swati.agarwal,1,Y,80,HRHub Solutions Pvt. Ltd.,Information Technology & Business Services,India,59,55+,1967-08-05,Married,MBA,Marketing,Rajasthan,Jaipur,9416232528,IT,System Administrator,Travel_Rarely,Hybrid,5.3,0,0,0,0,2023-09-16,67800,6-10 LPA,18,0,4,2,1,1,4,6,5.0,No,Yes,No
HRA240981,Male,Shubham Patel,shubham.patel@hrhub.co.in,shubham.patel,1,Y,80,HRHub Solutions Pvt. Ltd.,Information Technology & Business Services,India,41,36-45,1985-07-31,Married,PhD,Computer Science,West Bengal,Durgapur,9986631805,Marketing,Marketing Executive,Non-Travel,Work From Office,9.0,9,0,2,6,2020-01-04,62150,6-10 LPA,5,3,3,1,3,2,4,3,5.0,No,No,No
HRA240982,Female,Swati Banerjee,swati.banerjee@hrhub.co.in,swati.banerjee,1,Y,80,HRHub Solutions Pvt. Ltd.,Information Technology & Business Services,India,54,46-55,1972-08-03,Divorced,Bachelor,Human Resources,Delhi,New Delhi,9243350698,Sales,Sales Manager,Non-Travel,Work From Office,24.1,19,0,2,10,2004-12-02,230650,10+ LPA,7,1,3,1,4,4,3,6,4.0,No,No,No
HRA240983,Female,Shreya Shah,shreya.shah@hrhub.co.in,shreya.shah,1,Y,80,HRHub Solutions Pvt. Ltd.,Information Technology & Business Services,India,42,36-45,1984-07-31,Married,Diploma,Computer,Rajasthan,Udaipur,9512701183,IT,Software Engineer,Travel_Rarely,Remote,4.8,3,0,1,2,2024-03-16,52950,6-10 LPA,18,2,2,3,1,3,2,1,4.8,No,No,No
HRA240984,Female,Anusha Jain,anusha.jain@hrhub.co.in,anusha.jain,1,Y,80,HRHub Solutions Pvt. Ltd.,Information Technology & Business Services,India,58,55+,1968-08-04,Married,Diploma,Electrical,Gujarat,Vadodara,9140101190,Human Resources,HR Executive,Travel_Frequently,Hybrid,27.1,21,17,1,13,2001-12-03,144900,10+ LPA,15,0,3,1,1,4,2,2,5.0,Yes,No,Yes
HRA240985,Male,Harsh Shah,harsh.shah@hrhub.co.in,harsh.shah,1,Y,80,HRHub Solutions Pvt. Ltd.,Information Technology & Business Services,India,35,26-35,1991-07-30,Single,Master,Human Resources,Rajasthan,Jaipur,9476825845,Marketing,Digital Marketing Specialist,Travel_Rarely,Work From Office,0.6,0,0,0,0,2028-05-27,26800,3-6 LPA,21,2,3,4,4,4,4,3,0.6,No,Yes,No
HRA240986,Female,Nikita Jain,nikita.jain@hrhub.co.in,nikita.jain,1,Y,80,HRHub Solutions Pvt. Ltd.,Information Technology & Business Services,India,46,46-55,1980-08-01,Married,Bachelor,Business Administration,Gujarat,Vadodara,9794319366,IT,Software Engineer,Travel_Rarely,Work From Office,9.0,5,1,0,4,2020-01-04,85600,10+ LPA,22,3,2,1,4,2,4,2,9.0,No,No,No
HRA240987,Male,Rahul Kumar,rahul.kumar@hrhub.co.in,rahul.kumar,1,Y,80,HRHub Solutions Pvt. Ltd.,Information Technology & Business Services,India,24,18-25,2002-07-27,Single,Bachelor,Marketing,Telangana,Hyderabad,9071389477,Operations,Supply Chain Coordinator,Travel_Rarely,Work From Office,0.2,0,0,0,0,2028-10-20,25200,3-6 LPA,8,1,4,4,3,4,2,5,0.2,No,No,No
HRA240988,Male,Vikas Agarwal,vikas.agarwal@hrhub.co.in,vikas.agarwal,1,Y,80,HRHub Solutions Pvt. Ltd.,Information Technology & Business Services,India,43,36-45,1983-08-01,Divorced,Bachelor,Finance,Tamil Nadu,Chennai,9550375016,Administration,Administrative Executive,Travel_Rarely,Hybrid,6.1,3,3,0,1,2022-11-28,57600,6-10 LPA,20,1,3,2,3,4,4,6,6.1,No,Yes,No
HRA240989,Female,Harini Singh,harini.singh@hrhub.co.in,harini.singh,1,Y,80,HRHub Solutions Pvt. Ltd.,Information Technology & Business Services,India,57,55+,1969-08-04,Married,PhD,Finance,Maharashtra,Nagpur,9547177416,Marketing,Digital Marketing Specialist,Travel_Rarely,Hybrid,18.9,12,1,5,5,2010-02-12,179300,10+ LPA,25,3,1,1,3,3,2,2,8.0,No,No,No
HRA240990,Male,Aarav Banerjee,aarav.banerjee@hrhub.co.in,aarav.banerjee,1,Y,80,HRHub Solutions Pvt. Ltd.,Information Technology & Business Services,India,44,36-45,1982-08-01,Married,Master,Computer Science,Uttar Pradesh,Kanpur,9603453007,Operations,Operations Executive,Travel_Rarely,Work From Office,11.0,10,2,5,1,2018-01-04,95650,10+ LPA,8,1,3,1,3,2,1,0,8.0,No,No,No
HRA240991,Female,Harini Mukherjee,harini.mukherjee@hrhub.co.in,harini.mukherjee,1,Y,80,HRHub Solutions Pvt. Ltd.,Information Technology & Business Services,India,37,36-45,1989-07-30,Single,Diploma,Computer,Maharashtra,Mumbai,9267458618,Marketing,Content Strategist,Travel_Frequently,Work From Office,12.1,6,1,2,4,2016-11-29,121800,10+ LPA,21,1,4,1,2,2,3,1,6.0,No,No,Yes
HRA240992,Female,Harini Sinha,harini.sinha@hrhub.co.in,harini.sinha,1,Y,80,HRHub Solutions Pvt. Ltd.,Information Technology & Business Services,India,52,46-55,1974-08-03,Single,MBA,Finance,Delhi,New Delhi,9251571619,Human Resources,Talent Acquisition Specialist,Travel_Rarely,Work From Office,5.9,0,0,0,0,2023-02-09,70400,6-10 LPA,6,3,2,1,2,2,3,0,4.0,No,No,No
HRA240993,Female,Neha Rao,neha.rao@hrhub.co.in,neha.rao,1,Y,80,HRHub Solutions Pvt. Ltd.,Information Technology & Business Services,India,35,26-35,1991-07-30,Married,PhD,Finance,Rajasthan,Udaipur,9476206934,Sales,Business Development Executive,Non-Travel,Remote,3.0,0,0,0,0,2026-01-02,54350,6-10 LPA,8,3,4,2,2,4,3,5,1.0,No,No,No
HRA240994,Female,Anusha Kapoor,anusha.kapoor@hrhub.co.in,anusha.kapoor,1,Y,80,HRHub Solutions Pvt. Ltd.,Information Technology & Business Services,India,40,36-45,1986-07-31,Married,MBA,Human Resources,Maharashtra,Mumbai,9829990910,Administration,Office Administrator,Travel_Rarely,Work From Office,18.2,1,0,0,0,2010-10-25,149350,10+ LPA,12,2,3,2,3,1,2,4,0.0,No,Yes,No
HRA240995,Male,Rohan Verma,rohan.verma@hrhub.co.in,rohan.verma,1,Y,80,HRHub Solutions Pvt. Ltd.,Information Technology & Business Services,India,47,46-55,1979-08-02,Single,MBA,Operations,Maharashtra,Mumbai,9450588202,Human Resources,HR Business Partner,Non-Travel,Hybrid,15.3,6,4,3,2,2013-09-18,133450,10+ LPA,15,3,3,2,1,3,2,0,4.0,No,No,No
HRA240996,Male,Deepak Ghosh,deepak.ghosh@hrhub.co.in,deepak.ghosh,1,Y,80,HRHub Solutions Pvt. Ltd.,Information Technology & Business Services,India,23,18-25,2003-07-27,Single,High School,General Education,Kerala,Kochi,9868226723,Human Resources,HR Business Partner,Travel_Rarely,Work From Office,0.6,0,0,0,0,2028-05-27,33650,3-6 LPA,17,1,3,2,2,3,3,1,0.6,No,No,No
HRA240997,Female,Khushi Kapoor,khushi.kapoor@hrhub.co.in,khushi.kapoor,1,Y,80,HRHub Solutions Pvt. Ltd.,Information Technology & Business Services,India,42,36-45,1984-07-31,Married,Bachelor,Marketing,Rajasthan,Jaipur,9563471688,Administration,Office Administrator,Non-Travel,Work From Office,1.8,1,1,0,1,2027-03-16,18650,0-3 LPA,17,2,4,1,2,2,3,3,1.8,No,No,Yes
HRA240998,Female,Anusha Verma,anusha.verma@hrhub.co.in,anusha.verma,1,Y,80,HRHub Solutions Pvt. Ltd.,Information Technology & Business Services,India,34,26-35,1992-07-29,Married,High School,General Education,Gujarat,Surat,9351371834,Sales,Business Development Executive,Travel_Frequently,Hybrid,7.4,2,2,0,0,2021-08-10,81050,6-10 LPA,6,3,3,3,3,1,2,4,7.4,No,Yes,No
HRA240999,Female,Pooja Verma,pooja.verma@hrhub.co.in,pooja.verma,1,Y,80,HRHub Solutions Pvt. Ltd.,Information Technology & Business Services,India,55,46-55,1971-08-04,Married,High School,General Education,Rajasthan,Jaipur,9478626461,Operations,Operations Manager,Travel_Rarely,Hybrid,1.8,1,0,0,0,2027-03-16,57700,6-10 LPA,24,0,4,4,4,1,1,5,1.8,Yes,No,No
HRA241000,Male,Harsh Sen,harsh.sen@hrhub.co.in,harsh.sen,1,Y,80,HRHub Solutions Pvt. Ltd.,Information Technology & Business Services,India,47,46-55,1979-08-02,Single,MBA,Marketing,Telangana,Hyderabad,9746462250,Operations,Operations Manager,Travel_Rarely,Work From Office,2.4,2,2,0,2,2026-08-09,107950,10+ LPA,15,1,1,4,3,4,1,3,1.0,No,Yes,No
HRA241001,Male,Amit Mukherjee,amit.mukherjee@hrhub.co.in,amit.mukherjee,1,Y,80,HRHub Solutions Pvt. Ltd.,Information Technology & Business Services,India,22,18-25,2004-07-26,Single,PhD,Computer Science,Delhi,New Delhi,9287567311,Sales,Sales Executive,Travel_Rarely,Work From Office,0.0,0,0,0,0,2029-01-01,28400,3-6 LPA,16,2,1,3,4,1,1,1,0.0,No,No,Yes
HRA241002,Male,Deepak Gupta,deepak.gupta@hrhub.co.in,deepak.gupta,1,Y,80,HRHub Solutions Pvt. Ltd.,Information Technology & Business Services,India,37,36-45,1989-07-30,Married,Diploma,Electrical,Karnataka,Hubballi,9742216598,Administration,Office Administrator,Travel_Rarely,Hybrid,7.6,1,0,0,1,2021-05-29,71800,6-10 LPA,21,2,3,4,2,1,4,1,7.6,No,No,No
HRA241003,Male,Rahul Sinha,rahul.sinha@hrhub.co.in,rahul.sinha,1,Y,80,HRHub Solutions Pvt. Ltd.,Information Technology & Business Services,India,58,55+,1968-08-04,Married,Diploma,Computer,Karnataka,Bengaluru,9115825084,Sales,Sales Executive,Travel_Rarely,Work From Office,31.9,7,2,0,2,1997-02-15,162550,10+ LPA,10,0,3,3,4,1,3,2,3.0,No,Yes,No
HRA241004,Female,Swati Sinha,swati.sinha@hrhub.co.in,swati.sinha,1,Y,80,HRHub Solutions Pvt. Ltd.,Information Technology & Business Services,India,36,36-45,1990-07-30,Single,PhD,Management,Tamil Nadu,Madurai,9392207810,Human Resources,Talent Acquisition Specialist,Non-Travel,Hybrid,8.8,4,0,2,4,2020-03-17,76550,6-10 LPA,7,3,3,4,2,2,2,3,8.8,No,Yes,No
HRA241005,Female,Harini Patel,harini.patel@hrhub.co.in,harini.patel,1,Y,80,HRHub Solutions Pvt. Ltd.,Information Technology & Business Services,India,41,36-45,1985-07-31,Single,Diploma,Civil,Delhi,New Delhi,9679415409,Human Resources,HR Business Partner,Travel_Rarely,Work From Office,6.4,1,1,0,0,2022-08-10,70050,6-10 LPA,8,2,2,1,1,4,2,2,0.0,No,No,Yes
HRA241006,Male,Mohit Sinha,mohit.sinha@hrhub.co.in,mohit.sinha,1,Y,80,HRHub Solutions Pvt. Ltd.,Information Technology & Business Services,India,27,26-35,1999-07-28,Married,Diploma,Computer,Karnataka,Hubballi,9157977642,Finance,Financial Analyst,Travel_Rarely,Work From Office,0.2,0,0,0,0,2028-10-20,30000,3-6 LPA,11,0,3,2,3,1,1,1,0.2,Yes,Yes,Yes
HRA241007,Male,Vivek Chatterjee,vivek.chatterjee@hrhub.co.in,vivek.chatterjee,1,Y,80,HRHub Solutions Pvt. Ltd.,Information Technology & Business Services,India,28,26-35,1998-07-28,Married,MBA,Marketing,Tamil Nadu,Chennai,9582212151,Administration,Office Administrator,Travel_Rarely,Hybrid,0.0,0,0,0,0,2029-01-01,31150,3-6 LPA,16,1,3,1,3,1,1,4,0.0,No,No,No
HRA241008,Female,Aditi Mehta,aditi.mehta@hrhub.co.in,aditi.mehta,1,Y,80,HRHub Solutions Pvt. Ltd.,Information Technology & Business Services,India,52,46-55,1974-08-03,Married,High School,General Education,Tamil Nadu,Coimbatore,9707495224,Marketing,Content Strategist,Travel_Rarely,Work From Office,16.9,14,6,3,9,2012-02-12,134000,10+ LPA,5,0,3,3,1,4,3,5,8.0,No,No,No
HRA241009,Male,Sandeep Kumar,sandeep.kumar@hrhub.co.in,sandeep.kumar,1,Y,80,HRHub Solutions Pvt. Ltd.,Information Technology & Business Services,India,21,18-25,2005-07-26,Married,Master,Finance,Gujarat,Surat,9167853044,Human Resources,HR Business Partner,Travel_Rarely,Hybrid,0.0,0,0,0,0,2029-01-01,30700,3-6 LPA,11,1,3,3,1,1,2,3,0.0,No,No,No
HRA241010,Female,Deepika Mishra,deepika.mishra@hrhub.co.in,deepika.mishra,1,Y,80,HRHub Solutions Pvt. Ltd.,Information Technology & Business Services,India,57,55+,1969-08-04,Married,Diploma,Mechanical,Gujarat,Surat,9605999321,Marketing,Digital Marketing Specialist,Travel_Frequently,Work From Office,35.2,13,10,4,2,1993-10-29,150750,10+ LPA,24,0,2,4,4,1,4,5,6.0,No,Yes,No
HRA241011,Male,Aarav Das,aarav.das@hrhub.co.in,aarav.das,1,Y,80,HRHub Solutions Pvt. Ltd.,Information Technology & Business Services,India,59,55+,1967-08-05,Single,Master,Human Resources,Maharashtra,Mumbai,9899365003,Administration,Facility Coordinator,Travel_Rarely,Work From Office,21.1,17,5,5,16,2007-12-02,137750,10+ LPA,9,1,1,4,3,2,1,3,7.0,No,No,No
HRA241012,Male,Manish Singh,manish.singh@hrhub.co.in,manish.singh,1,Y,80,HRHub Solutions Pvt. Ltd.,Information Technology & Business Services,India,44,36-45,1982-08-01,Married,Master,Business Administration,Karnataka,Bengaluru,9690972732,Operations,Supply Chain Coordinator,Travel_Rarely,Hybrid,11.3,7,7,2,4,2017-09-17,86300,10+ LPA,16,1,3,2,4,1,2,3,2.0,No,No,Yes
HRA241013,Female,Riya Mishra,riya.mishra@hrhub.co.in,riya.mishra,1,Y,80,HRHub Solutions Pvt. Ltd.,Information Technology & Business Services,India,50,46-55,1976-08-02,Single,PhD,Finance,Kerala,Thiruvananthapuram,9728241978,Operations,Operations Manager,Travel_Rarely,Work From Office,4.9,4,3,2,4,2024-02-09,98350,10+ LPA,23,3,4,2,3,1,3,2,1.0,No,No,No
HRA241014,Male,Mohit Reddy,mohit.reddy@hrhub.co.in,mohit.reddy,1,Y,80,HRHub Solutions Pvt. Ltd.,Information Technology & Business Services,India,42,36-45,1984-07-31,Married,Diploma,Electrical,Gujarat,Surat,9655514659,Marketing,Content Strategist,Travel_Rarely,Work From Office,20.8,19,19,5,7,2008-03-20,134200,10+ LPA,22,1,2,3,2,1,3,5,8.0,No,No,No
HRA241015,Female,Shreya Gupta,shreya.gupta@hrhub.co.in,shreya.gupta,1,Y,80,HRHub Solutions Pvt. Ltd.,Information Technology & Business Services,India,32,26-35,1994-07-29,Married,MBA,Finance,Telangana,Warangal,9191742518,Sales,Business Development Executive,Travel_Rarely,Work From Office,3.6,3,3,1,0,2025-05-28,55200,6-10 LPA,16,1,3,1,4,3,4,0,3.0,No,No,No
HRA241016,Male,Gaurav Nair,gaurav.nair@hrhub.co.in,gaurav.nair,1,Y,80,HRHub Solutions Pvt. Ltd.,Information Technology & Business Services,India,34,26-35,1992-07-29,Married,MBA,Human Resources,Maharashtra,Mumbai,9441850060,Finance,Accountant,Non-Travel,Remote,8.5,8,4,1,6,2020-07-05,69500,6-10 LPA,13,3,2,4,3,4,2,2,0.0,No,Yes,No
HRA241017,Male,Rohan Shah,rohan.shah@hrhub.co.in,rohan.shah,1,Y,80,HRHub Solutions Pvt. Ltd.,Information Technology & Business Services,India,34,26-35,1992-07-29,Single,Master,Computer Science,Uttar Pradesh,Kanpur,9703301411,Marketing,Marketing Executive,Non-Travel,Work From Office,5.6,0,0,0,0,2023-05-30,72150,6-10 LPA,18,2,4,4,4,1,3,3,4.0,No,Yes,Yes
HRA241018,Male,Rohan Banerjee,rohan.banerjee@hrhub.co.in,rohan.banerjee,1,Y,80,HRHub Solutions Pvt. Ltd.,Information Technology & Business Services,India,18,18-25,2008-07-25,Divorced,High School,General Education,Telangana,Hyderabad,9620119906,Sales,Business Development Executive,Travel_Rarely,Hybrid,0.0,0,0,0,0,2029-01-01,26250,3-6 LPA,18,3,3,3,3,4,3,2,0.0,No,Yes,Yes
HRA241019,Female,Sneha Sen,sneha.sen@hrhub.co.in,sneha.sen,1,Y,80,HRHub Solutions Pvt. Ltd.,Information Technology & Business Services,India,36,36-45,1990-07-30,Married,PhD,Management,Kerala,Kochi,9202139520,IT,Network Engineer,Non-Travel,Remote,13.1,5,4,0,1,2015-11-30,115800,10+ LPA,8,1,3,4,1,1,3,3,7.0,No,Yes,No
HRA241020,Female,Deepika Chatterjee,deepika.chatterjee@hrhub.co.in,deepika.chatterjee,1,Y,80,HRHub Solutions Pvt. Ltd.,Information Technology & Business Services,India,36,36-45,1990-07-30,Married,PhD,Finance,Rajasthan,Udaipur,9847169361,IT,System Administrator,Travel_Rarely,Remote,10.1,10,6,4,1,2018-11-29,103850,10+ LPA,16,2,3,1,3,3,4,0,0.0,No,Yes,Yes
HRA241021,Male,Shubham Jain,shubham.jain@hrhub.co.in,shubham.jain,1,Y,80,HRHub Solutions Pvt. Ltd.,Information Technology & Business Services,India,47,46-55,1979-08-02,Single,High School,General Education,West Bengal,Durgapur,9613188395,Human Resources,HR Business Partner,Travel_Rarely,Work From Office,2.5,0,0,0,0,2026-07-04,47250,3-6 LPA,12,2,3,3,2,4,1,4,2.5,Yes,No,No
HRA241022,Female,Swati Sen,swati.sen@hrhub.co.in,swati.sen,1,Y,80,HRHub Solutions Pvt. Ltd.,Information Technology & Business Services,India,35,26-35,1991-07-30,Divorced,High School,General Education,Kerala,Kozhikode,9589282154,Sales,Business Development Executive,Travel_Frequently,Work From Office,10.2,3,0,0,3,2018-10-24,115450,10+ LPA,15,0,4,2,2,3,2,2,9.0,No,No,Yes
HRA241023,Female,Ishita Roy,ishita.roy@hrhub.co.in,ishita.roy,1,Y,80,HRHub Solutions Pvt. Ltd.,Information Technology & Business Services,India,52,46-55,1974-08-03,Married,Bachelor,Marketing,Delhi,New Delhi,9449970755,Human Resources,HR Business Partner,Travel_Rarely,Work From Office,5.3,1,1,0,0,2023-09-16,65750,6-10 LPA,21,2,4,4,3,2,2,3,5.3,No,No,No
HRA241024,Female,Nikita Patel,nikita.patel@hrhub.co.in,nikita.patel,1,Y,80,HRHub Solutions Pvt. Ltd.,Information Technology & Business Services,India,20,18-25,2006-07-26,Married,MBA,Finance,Maharashtra,Pune,9131469299,Finance,Accountant,Non-Travel,Work From Office,0.0,0,0,0,0,2029-01-01,27600,3-6 LPA,17,1,3,2,3,3,1,0,0.0,No,No,No
HRA241025,Female,Ishita Rao,ishita.rao@hrhub.co.in,ishita.rao,1,Y,80,HRHub Solutions Pvt. Ltd.,Information Technology & Business Services,India,44,36-45,1982-08-01,Married,MBA,Finance,Gujarat,Ahmedabad,9745115247,Sales,Sales Executive,Non-Travel,Hybrid,17.2,0,0,0,0,2011-10-25,123500,10+ LPA,12,2,3,4,3,1,4,5,2.0,No,Yes,No
HRA241026,Female,Shreya Nair,shreya.nair@hrhub.co.in,shreya.nair,1,Y,80,HRHub Solutions Pvt. Ltd.,Information Technology & Business Services,India,50,46-55,1976-08-02,Divorced,Diploma,Computer,Maharashtra,Nagpur,9029845582,Sales,Business Development Executive,Travel_Rarely,Hybrid,18.2,14,13,2,13,2010-10-25,182950,10+ LPA,5,0,3,1,2,4,2,0,7.0,No,No,No
HRA241027,Male,Nikhil Roy,nikhil.roy@hrhub.co.in,nikhil.roy,1,Y,80,HRHub Solutions Pvt. Ltd.,Information Technology & Business Services,India,42,36-45,1984-07-31,Married,MBA,Human Resources,Tamil Nadu,Madurai,9794931733,Finance,Accountant,Travel_Rarely,Hybrid,5.9,5,4,0,3,2023-02-09,64000,6-10 LPA,14,1,3,3,4,2,2,4,5.9,No,No,No
HRA241028,Male,Vivek Kapoor,vivek.kapoor@hrhub.co.in,vivek.kapoor,1,Y,80,HRHub Solutions Pvt. Ltd.,Information Technology & Business Services,India,26,26-35,2000-07-27,Married,High School,General Education,Maharashtra,Mumbai,9409050834,Human Resources,HR Executive,Travel_Rarely,Hybrid,4.1,2,0,0,2,2024-11-27,49300,3-6 LPA,23,1,3,2,4,1,4,2,1.0,No,Yes,No
HRA241029,Male,Varun Ghosh,varun.ghosh@hrhub.co.in,varun.ghosh,1,Y,80,HRHub Solutions Pvt. Ltd.,Information Technology & Business Services,India,50,46-55,1976-08-02,Married,High School,General Education,Karnataka,Bengaluru,9613999232,Finance,Finance Executive,Travel_Frequently,Hybrid,24.1,8,4,2,1,2004-12-02,182600,10+ LPA,9,3,3,1,4,4,4,0,7.0,No,No,No
HRA241030,Male,Vivek Agarwal,vivek.agarwal@hrhub.co.in,vivek.agarwal,1,Y,80,HRHub Solutions Pvt. Ltd.,Information Technology & Business Services,India,47,46-55,1979-08-02,Single,Master,Computer Science,Delhi,New Delhi,9992331289,Marketing,Content Strategist,Travel_Rarely,Work From Office,19.2,0,0,0,0,2009-10-25,136700,10+ LPA,8,1,3,2,3,4,3,4,9.0,No,No,No
HRA241031,Female,Khushi Mehta,khushi.mehta@hrhub.co.in,khushi.mehta,1,Y,80,HRHub Solutions Pvt. Ltd.,Information Technology & Business Services,India,38,36-45,1988-07-30,Single,Bachelor,Finance,Gujarat,Vadodara,9194342548,Finance,Finance Executive,Travel_Rarely,Work From Office,9.1,1,0,0,1,2019-11-29,85700,10+ LPA,13,3,3,3,1,3,4,6,5.0,No,No,No
HRA241032,Male,Ankit Singh,ankit.singh@hrhub.co.in,ankit.singh,1,Y,80,HRHub Solutions Pvt. Ltd.,Information Technology & Business Services,India,50,46-55,1976-08-02,Married,PhD,Computer Science,West Bengal,Howrah,9029748057,Marketing,Digital Marketing Specialist,Travel_Frequently,Hybrid,16.1,6,1,2,1,2012-11-30,126150,10+ LPA,21,3,3,1,1,1,4,6,6.0,No,No,Yes
HRA241033,Female,Pooja Sharma,pooja.sharma@hrhub.co.in,pooja.sharma,1,Y,80,HRHub Solutions Pvt. Ltd.,Information Technology & Business Services,India,59,55+,1967-08-05,Married,PhD,Management,Delhi,New Delhi,9818985791,Operations,Operations Manager,Travel_Rarely,Work From Office,15.2,5,5,0,4,2013-10-24,212600,10+ LPA,8,2,2,2,3,4,4,3,3.0,Yes,No,No
HRA241034,Female,Shreya Sen,shreya.sen@hrhub.co.in,shreya.sen,1,Y,80,HRHub Solutions Pvt. Ltd.,Information Technology & Business Services,India,18,18-25,2008-07-25,Married,Diploma,Computer,West Bengal,Howrah,9460011156,Sales,Sales Manager,Travel_Rarely,Work From Office,0.0,0,0,0,0,2029-01-01,83350,10+ LPA,24,1,4,2,1,2,3,0,0.0,No,No,No
HRA241035,Female,Kavya Rao,kavya.rao@hrhub.co.in,kavya.rao,1,Y,80,HRHub Solutions Pvt. Ltd.,Information Technology & Business Services,India,34,26-35,1992-07-29,Married,Bachelor,Marketing,Karnataka,Bengaluru,9145297173,Operations,Operations Executive,Travel_Rarely,Hybrid,1.3,0,0,0,0,2027-09-15,24750,0-3 LPA,11,0,3,4,1,4,2,2,1.3,No,No,No
HRA241036,Female,Riya Mukherjee,riya.mukherjee@hrhub.co.in,riya.mukherjee,1,Y,80,HRHub Solutions Pvt. Ltd.,Information Technology & Business Services,India,28,26-35,1998-07-28,Married,Master,Marketing,Tamil Nadu,Chennai,9162595345,Human Resources,HR Business Partner,Travel_Frequently,Work From Office,3.7,0,0,0,0,2025-04-22,45850,3-6 LPA,16,3,2,2,4,3,1,0,3.7,No,Yes,No
HRA241037,Male,Rahul Agarwal,rahul.agarwal@hrhub.co.in,rahul.agarwal,1,Y,80,HRHub Solutions Pvt. Ltd.,Information Technology & Business Services,India,33,26-35,1993-07-29,Single,Bachelor,Human Resources,Telangana,Warangal,9761052723,Operations,Operations Manager,Non-Travel,Work From Office,2.4,1,1,0,1,2026-08-09,77250,6-10 LPA,10,3,4,1,4,3,4,4,2.4,No,No,No
HRA241038,Female,Vidya Rao,vidya.rao@hrhub.co.in,vidya.rao,1,Y,80,HRHub Solutions Pvt. Ltd.,Information Technology & Business Services,India,35,26-35,1991-07-30,Married,High School,General Education,Telangana,Warangal,9914445032,Operations,Operations Executive,Travel_Rarely,Work From Office,7.1,1,1,0,1,2021-11-28,61700,6-10 LPA,15,0,3,4,3,3,3,5,7.1,Yes,No,No
HRA241039,Male,Aarav Joshi,aarav.joshi@hrhub.co.in,aarav.joshi,1,Y,80,HRHub Solutions Pvt. Ltd.,Information Technology & Business Services,India,25,18-25,2001-07-27,Married,MBA,Marketing,Kerala,Kozhikode,9424185048,Marketing,Marketing Executive,Travel_Rarely,Work From Office,2.0,2,2,1,1,2027-01-02,41350,3-6 LPA,5,1,3,2,1,1,2,3,2.0,No,No,No
HRA241040,Male,Karan Nair,karan.nair@hrhub.co.in,karan.nair,1,Y,80,HRHub Solutions Pvt. Ltd.,Information Technology & Business Services,India,19,18-25,2007-07-26,Married,PhD,Management,Uttar Pradesh,Lucknow,9182571577,Finance,Finance Executive,Travel_Rarely,Work From Office,0.0,0,0,0,0,2029-01-01,38600,3-6 LPA,6,1,3,3,2,4,2,1,0.0,No,Yes,No
HRA241041,Male,Sahil Khan,sahil.khan@hrhub.co.in,sahil.khan,1,Y,80,HRHub Solutions Pvt. Ltd.,Information Technology & Business Services,India,46,46-55,1980-08-01,Single,MBA,Marketing,Maharashtra,Mumbai,9305644158,Marketing,Digital Marketing Specialist,Travel_Rarely,Remote,12.1,4,4,0,4,2016-11-29,115300,10+ LPA,25,1,4,2,1,2,1,5,2.0,No,Yes,No
HRA241042,Male,Shubham Das,shubham.das@hrhub.co.in,shubham.das,1,Y,80,HRHub Solutions Pvt. Ltd.,Information Technology & Business Services,India,18,18-25,2008-07-25,Married,Diploma,Computer,Karnataka,Hubballi,9622879473,Administration,Office Administrator,Non-Travel,Work From Office,0.0,0,0,0,0,2029-01-01,19550,0-3 LPA,7,1,3,2,3,4,1,0,0.0,No,No,No
HRA241043,Female,Riya Chatterjee,riya.chatterjee@hrhub.co.in,riya.chatterjee,1,Y,80,HRHub Solutions Pvt. Ltd.,Information Technology & Business Services,India,54,46-55,1972-08-03,Single,Diploma,Computer,Delhi,New Delhi,9266980327,Operations,Operations Executive,Travel_Rarely,Hybrid,18.7,13,6,3,2,2010-04-26,159900,10+ LPA,23,0,3,3,1,2,2,5,9.0,No,Yes,No
HRA241044,Female,Riya Gupta,riya.gupta@hrhub.co.in,riya.gupta,1,Y,80,HRHub Solutions Pvt. Ltd.,Information Technology & Business Services,India,39,36-45,1987-07-31,Single,MBA,Marketing,West Bengal,Durgapur,9047301924,Marketing,Content Strategist,Travel_Rarely,Work From Office,17.3,16,5,4,3,2011-09-19,184400,10+ LPA,11,1,3,4,2,1,4,5,10.0,Yes,No,No
HRA241045,Female,Vaishnavi Nair,vaishnavi.nair@hrhub.co.in,vaishnavi.nair,1,Y,80,HRHub Solutions Pvt. Ltd.,Information Technology & Business Services,India,32,26-35,1994-07-29,Married,PhD,Computer Science,Uttar Pradesh,Lucknow,9208958090,Operations,Operations Executive,Travel_Rarely,Remote,5.1,2,2,1,0,2023-11-28,56350,6-10 LPA,18,3,3,4,3,2,3,0,5.0,Yes,No,No
HRA241046,Male,Shubham Banerjee,shubham.banerjee@hrhub.co.in,shubham.banerjee,1,Y,80,HRHub Solutions Pvt. Ltd.,Information Technology & Business Services,India,26,26-35,2000-07-27,Divorced,MBA,Finance,Karnataka,Mysuru,9651517477,Sales,Sales Executive,Travel_Rarely,Work From Office,4.9,3,3,1,2,2024-02-09,54450,6-10 LPA,21,2,3,3,1,2,2,2,0.0,No,No,No
HRA241047,Male,Karan Shah,karan.shah@hrhub.co.in,karan.shah,1,Y,80,HRHub Solutions Pvt. Ltd.,Information Technology & Business Services,India,26,26-35,2000-07-27,Married,Master,Human Resources,Maharashtra,Nagpur,9603075856,Marketing,Content Strategist,Travel_Frequently,Work From Office,4.6,4,3,0,1,2024-05-29,45500,3-6 LPA,24,0,3,3,4,4,2,5,4.0,No,Yes,No
HRA241048,Female,Anjali Ghosh,anjali.ghosh@hrhub.co.in,anjali.ghosh,1,Y,80,HRHub Solutions Pvt. Ltd.,Information Technology & Business Services,India,33,26-35,1993-07-29,Single,High School,General Education,Karnataka,Hubballi,9377061987,Sales,Business Development Executive,Travel_Frequently,Remote,7.7,7,1,3,6,2021-04-23,79250,6-10 LPA,23,1,3,1,1,3,3,3,7.0,No,Yes,Yes
HRA241049,Female,Kavya Das,kavya.das@hrhub.co.in,kavya.das,1,Y,80,HRHub Solutions Pvt. Ltd.,Information Technology & Business Services,India,20,18-25,2006-07-26,Married,PhD,Management,Rajasthan,Udaipur,9271713756,Sales,Sales Manager,Travel_Rarely,Work From Office,0.0,0,0,0,0,2029-01-01,78700,6-10 LPA,12,3,2,4,3,1,4,5,0.0,Yes,Yes,Yes
HRA241050,Male,Rohan Chatterjee,rohan.chatterjee@hrhub.co.in,rohan.chatterjee,1,Y,80,HRHub Solutions Pvt. Ltd.,Information Technology & Business Services,India,43,36-45,1983-08-01,Single,Bachelor,Information Technology,Delhi,New Delhi,9411022013,Marketing,Marketing Executive,Travel_Rarely,Work From Office,19.4,4,1,2,4,2009-08-14,139150,10+ LPA,5,3,4,4,2,2,2,4,3.0,No,Yes,No
HRA241051,Male,Ankit Sinha,ankit.sinha@hrhub.co.in,ankit.sinha,1,Y,80,HRHub Solutions Pvt. Ltd.,Information Technology & Business Services,India,31,26-35,1995-07-29,Single,PhD,Management,West Bengal,Kolkata,9240062241,IT,System Administrator,Travel_Frequently,Work From Office,0.2,0,0,0,0,2028-10-20,41450,3-6 LPA,24,0,3,2,1,2,4,3,0.2,No,No,No
HRA241052,Female,Megha Banerjee,megha.banerjee@hrhub.co.in,megha.banerjee,1,Y,80,HRHub Solutions Pvt. Ltd.,Information Technology & Business Services,India,53,46-55,1973-08-03,Single,PhD,Computer Science,Telangana,Hyderabad,9782972539,Marketing,Marketing Executive,Travel_Frequently,Work From Office,10.1,7,4,0,1,2018-11-29,98350,10+ LPA,22,2,3,1,3,4,3,1,2.0,No,No,No
HRA241053,Male,Amit Das,amit.das@hrhub.co.in,amit.das,1,Y,80,HRHub Solutions Pvt. Ltd.,Information Technology & Business Services,India,34,26-35,1992-07-29,Married,MBA,Marketing,Uttar Pradesh,Kanpur,9065457348,Operations,Operations Manager,Travel_Rarely,Work From Office,11.5,3,3,1,0,2017-07-06,168200,10+ LPA,16,1,3,1,4,2,2,5,10.0,No,No,Yes
HRA241054,Male,Gaurav Kumar,gaurav.kumar@hrhub.co.in,gaurav.kumar,1,Y,80,HRHub Solutions Pvt. Ltd.,Information Technology & Business Services,India,27,26-35,1999-07-28,Single,PhD,Computer Science,Gujarat,Ahmedabad,9673889076,Operations,Operations Executive,Travel_Rarely,Work From Office,3.3,3,3,0,2,2025-09-15,43850,3-6 LPA,5,1,4,1,2,4,4,4,3.3,No,No,Yes
HRA241055,Female,Vidya Agarwal,vidya.agarwal@hrhub.co.in,vidya.agarwal,1,Y,80,HRHub Solutions Pvt. Ltd.,Information Technology & Business Services,India,38,36-45,1988-07-30,Married,PhD,Computer Science,Uttar Pradesh,Lucknow,9038200003,Marketing,Marketing Executive,Non-Travel,Work From Office,9.5,0,0,0,0,2019-07-06,78350,6-10 LPA,11,3,3,3,1,3,1,3,8.0,No,Yes,No
HRA241056,Male,Akash Sinha,akash.sinha@hrhub.co.in,akash.sinha,1,Y,80,HRHub Solutions Pvt. Ltd.,Information Technology & Business Services,India,43,36-45,1983-08-01,Single,Bachelor,Business Administration,West Bengal,Durgapur,9555387097,Marketing,Marketing Executive,Travel_Rarely,Work From Office,21.4,5,5,2,0,2007-08-15,151050,10+ LPA,11,1,3,2,4,1,3,4,7.0,No,Yes,No
HRA241057,Male,Arjun Joshi,arjun.joshi@hrhub.co.in,arjun.joshi,1,Y,80,HRHub Solutions Pvt. Ltd.,Information Technology & Business Services,India,27,26-35,1999-07-28,Divorced,Master,Marketing,Maharashtra,Pune,9729484220,Sales,Business Development Executive,Travel_Rarely,Work From Office,1.8,0,0,0,0,2027-03-16,32000,3-6 LPA,24,3,3,4,4,1,3,5,1.8,Yes,Yes,No
HRA241058,Male,Manish Banerjee,manish.banerjee@hrhub.co.in,manish.banerjee,1,Y,80,HRHub Solutions Pvt. Ltd.,Information Technology & Business Services,India,50,46-55,1976-08-02,Married,High School,General Education,Tamil Nadu,Chennai,9335741518,Sales,Sales Executive,Travel_Frequently,Remote,7.3,2,2,0,1,2021-09-16,61150,6-10 LPA,13,3,3,2,1,3,2,3,7.3,No,No,No
HRA241059,Male,Varun Kumar,varun.kumar@hrhub.co.in,varun.kumar,1,Y,80,HRHub Solutions Pvt. Ltd.,Information Technology & Business Services,India,60,55+,1966-08-05,Married,Master,Finance,Rajasthan,Jodhpur,9768418162,Operations,Supply Chain Coordinator,Travel_Rarely,Work From Office,27.5,27,12,2,8,2001-07-10,139700,10+ LPA,8,0,3,2,3,2,2,4,5.0,No,Yes,No
HRA241060,Male,Karan Sharma,karan.sharma@hrhub.co.in,karan.sharma,1,Y,80,HRHub Solutions Pvt. Ltd.,Information Technology & Business Services,India,38,36-45,1988-07-30,Single,PhD,Management,Delhi,New Delhi,9182700626,Marketing,Digital Marketing Specialist,Travel_Rarely,Work From Office,15.8,9,4,3,6,2013-03-19,129500,10+ LPA,20,3,3,2,4,4,3,1,3.0,No,No,No
HRA241061,Female,Deepika Khan,deepika.khan@hrhub.co.in,deepika.khan,1,Y,80,HRHub Solutions Pvt. Ltd.,Information Technology & Business Services,India,53,46-55,1973-08-03,Married,Bachelor,Marketing,Telangana,Hyderabad,9525580315,Finance,Finance Executive,Travel_Frequently,Hybrid,2.1,2,0,0,0,2026-11-27,55600,6-10 LPA,9,0,3,3,4,3,1,3,2.1,No,No,Yes
HRA241062,Male,Shubham Mishra,shubham.mishra@hrhub.co.in,shubham.mishra,1,Y,80,HRHub Solutions Pvt. Ltd.,Information Technology & Business Services,India,26,26-35,2000-07-27,Single,MBA,Operations,Delhi,New Delhi,9457265425,Marketing,Content Strategist,Travel_Rarely,Work From Office,4.1,4,2,1,0,2024-11-27,42450,3-6 LPA,5,0,4,4,3,3,2,2,4.0,No,No,No
HRA241063,Male,Shubham Singh,shubham.singh@hrhub.co.in,shubham.singh,1,Y,80,HRHub Solutions Pvt. Ltd.,Information Technology & Business Services,India,39,36-45,1987-07-31,Single,MBA,Human Resources,Gujarat,Ahmedabad,9108030615,Human Resources,HR Business Partner,Travel_Rarely,Remote,8.3,7,0,1,7,2020-09-16,55250,6-10 LPA,8,0,4,3,2,4,1,0,0.0,No,No,No
HRA241064,Male,Nikhil Gupta,nikhil.gupta@hrhub.co.in,nikhil.gupta,1,Y,80,HRHub Solutions Pvt. Ltd.,Information Technology & Business Services,India,27,26-35,1999-07-28,Married,PhD,Management,Kerala,Kozhikode,9815945606,Marketing,Content Strategist,Non-Travel,Remote,3.9,0,0,0,0,2025-02-08,44800,3-6 LPA,15,0,3,1,4,1,3,1,3.9,No,No,No
HRA241065,Male,Vivek Bose,vivek.bose@hrhub.co.in,vivek.bose,1,Y,80,HRHub Solutions Pvt. Ltd.,Information Technology & Business Services,India,42,36-45,1984-07-31,Single,High School,General Education,Delhi,New Delhi,9045208235,Administration,Facility Coordinator,Travel_Rarely,Work From Office,15.7,7,1,0,4,2013-04-25,158800,10+ LPA,17,1,3,4,4,4,3,6,4.0,No,No,No
HRA241066,Male,Sandeep Sinha,sandeep.sinha@hrhub.co.in,sandeep.sinha,1,Y,80,HRHub Solutions Pvt. Ltd.,Information Technology & Business Services,India,22,18-25,2004-07-26,Married,High School,General Education,West Bengal,Kolkata,9178942603,Finance,Accountant,Travel_Rarely,Hybrid,0.2,0,0,0,0,2028-10-20,29200,3-6 LPA,16,2,3,2,1,1,2,0,0.0,No,No,Yes
HRA241067,Male,Arjun Sen,arjun.sen@hrhub.co.in,arjun.sen,1,Y,80,HRHub Solutions Pvt. Ltd.,Information Technology & Business Services,India,34,26-35,1992-07-29,Married,Diploma,Electrical,Telangana,Hyderabad,9256732291,IT,Software Engineer,Travel_Rarely,Hybrid,0.7,0,0,0,0,2028-04-21,36350,3-6 LPA,13,1,4,4,1,3,1,1,0.0,No,No,No
HRA241068,Female,Tanvi Reddy,tanvi.reddy@hrhub.co.in,tanvi.reddy,1,Y,80,HRHub Solutions Pvt. Ltd.,Information Technology & Business Services,India,30,26-35,1996-07-28,Single,High School,General Education,Delhi,New Delhi,9556761342,Marketing,Marketing Executive,Travel_Rarely,Remote,7.6,4,1,0,2,2021-05-29,69300,6-10 LPA,14,1,3,1,3,1,2,4,5.0,No,Yes,No
HRA241069,Male,Vivek Mishra,vivek.mishra@hrhub.co.in,vivek.mishra,1,Y,80,HRHub Solutions Pvt. Ltd.,Information Technology & Business Services,India,25,18-25,2001-07-27,Married,High School,General Education,West Bengal,Durgapur,9425619623,Sales,Sales Executive,Travel_Frequently,Hybrid,1.7,1,0,0,1,2027-04-22,30000,3-6 LPA,20,3,4,1,3,3,3,4,0.0,No,No,No
HRA241070,Male,Aarav Gupta,aarav.gupta@hrhub.co.in,aarav.gupta,1,Y,80,HRHub Solutions Pvt. Ltd.,Information Technology & Business Services,India,35,26-35,1991-07-30,Single,MBA,Human Resources,Delhi,New Delhi,9749820976,Marketing,Marketing Executive,Non-Travel,Work From Office,7.0,0,0,0,0,2022-01-03,70900,6-10 LPA,16,0,4,1,4,2,3,2,2.0,Yes,Yes,Yes
HRA241071,Male,Aditya Mishra,aditya.mishra@hrhub.co.in,aditya.mishra,1,Y,80,HRHub Solutions Pvt. Ltd.,Information Technology & Business Services,India,39,36-45,1987-07-31,Married,High School,General Education,Rajasthan,Udaipur,9533480801,Finance,Financial Analyst,Non-Travel,Hybrid,5.6,4,2,1,2,2023-05-30,84850,10+ LPA,9,0,3,3,3,2,4,0,5.6,No,No,No
HRA241072,Female,Nikita Reddy,nikita.reddy@hrhub.co.in,nikita.reddy,1,Y,80,HRHub Solutions Pvt. Ltd.,Information Technology & Business Services,India,29,26-35,1997-07-28,Single,Master,Finance,Gujarat,Vadodara,9470721769,Operations,Supply Chain Coordinator,Non-Travel,Hybrid,2.9,0,0,0,0,2026-02-08,44800,3-6 LPA,12,0,3,4,3,1,4,1,2.9,No,No,No
HRA241073,Female,Aditi Banerjee,aditi.banerjee@hrhub.co.in,aditi.banerjee,1,Y,80,HRHub Solutions Pvt. Ltd.,Information Technology & Business Services,India,57,55+,1969-08-04,Married,Bachelor,Computer Science,Uttar Pradesh,Lucknow,9397351090,Sales,Business Development Executive,Travel_Rarely,Work From Office,3.2,3,1,1,0,2025-10-21,49000,3-6 LPA,17,1,4,4,4,2,1,5,3.2,No,Yes,Yes
HRA241074,Male,Rahul Jain,rahul.jain@hrhub.co.in,rahul.jain,1,Y,80,HRHub Solutions Pvt. Ltd.,Information Technology & Business Services,India,58,55+,1968-08-04,Single,High School,General Education,Karnataka,Mysuru,9197348607,Operations,Operations Executive,Travel_Rarely,Hybrid,11.6,5,0,1,5,2017-05-30,109050,10+ LPA,21,3,3,3,4,4,1,6,0.0,Yes,No,No
HRA241075,Female,Sneha Mukherjee,sneha.mukherjee@hrhub.co.in,sneha.mukherjee,1,Y,80,HRHub Solutions Pvt. Ltd.,Information Technology & Business Services,India,52,46-55,1974-08-03,Married,High School,General Education,Delhi,New Delhi,9117059466,Marketing,Digital Marketing Specialist,Travel_Rarely,Hybrid,29.5,15,14,3,4,1999-07-11,153550,10+ LPA,13,0,3,2,3,2,3,5,4.0,No,No,Yes
HRA241076,Female,Megha Jain,megha.jain@hrhub.co.in,megha.jain,1,Y,80,HRHub Solutions Pvt. Ltd.,Information Technology & Business Services,India,19,18-25,2007-07-26,Single,High School,General Education,Delhi,New Delhi,9665189994,Administration,Office Administrator,Travel_Rarely,Hybrid,0.0,0,0,0,0,2029-01-01,25100,3-6 LPA,21,3,4,2,2,2,4,1,0.0,Yes,Yes,No
HRA241077,Female,Ritika Roy,ritika.roy@hrhub.co.in,ritika.roy,1,Y,80,HRHub Solutions Pvt. Ltd.,Information Technology & Business Services,India,35,26-35,1991-07-30,Married,MBA,Finance,Gujarat,Surat,9152198362,Finance,Finance Executive,Travel_Rarely,Work From Office,8.9,2,2,1,0,2020-02-10,74300,6-10 LPA,7,1,3,1,3,3,1,2,6.0,No,Yes,No
HRA241078,Male,Rahul Das,rahul.das@hrhub.co.in,rahul.das,1,Y,80,HRHub Solutions Pvt. Ltd.,Information Technology & Business Services,India,48,46-55,1978-08-02,Married,MBA,Human Resources,Kerala,Kozhikode,9940189892,IT,Network Engineer,Travel_Rarely,Remote,26.9,25,25,9,7,2002-02-14,180750,10+ LPA,19,2,2,4,3,4,1,0,2.0,No,Yes,No
HRA241079,Female,Aditi Jain,aditi.jain@hrhub.co.in,aditi.jain,1,Y,80,HRHub Solutions Pvt. Ltd.,Information Technology & Business Services,India,37,36-45,1989-07-30,Married,Diploma,Civil,Gujarat,Ahmedabad,9417607987,IT,Network Engineer,Travel_Rarely,Work From Office,6.7,4,4,0,4,2022-04-23,69800,6-10 LPA,6,2,3,2,3,4,4,3,4.0,Yes,No,No
HRA241080,Female,Harini Saha,harini.saha@hrhub.co.in,harini.saha,1,Y,80,HRHub Solutions Pvt. Ltd.,Information Technology & Business Services,India,31,26-35,1995-07-29,Single,Bachelor,Human Resources,Karnataka,Hubballi,9012802914,Finance,Finance Executive,Travel_Rarely,Remote,7.7,7,4,0,1,2021-04-23,68950,6-10 LPA,24,3,2,3,4,3,2,1,7.0,No,No,No
HRA241081,Male,Pranav Kumar,pranav.kumar@hrhub.co.in,pranav.kumar,1,Y,80,HRHub Solutions Pvt. Ltd.,Information Technology & Business Services,India,20,18-25,2006-07-26,Married,MBA,Operations,Uttar Pradesh,Lucknow,9833888069,Sales,Sales Manager,Non-Travel,Hybrid,0.0,0,0,0,0,2029-01-01,66150,6-10 LPA,10,0,3,1,2,4,2,4,0.0,Yes,No,Yes
HRA241082,Male,Sahil Sinha,sahil.sinha@hrhub.co.in,sahil.sinha,1,Y,80,HRHub Solutions Pvt. Ltd.,Information Technology & Business Services,India,48,46-55,1978-08-02,Married,High School,General Education,Delhi,New Delhi,9345516388,Sales,Business Development Executive,Travel_Frequently,Work From Office,16.5,14,10,1,0,2012-07-07,151050,10+ LPA,15,2,3,1,1,1,1,4,8.0,Yes,No,No
HRA241083,Male,Vikas Singh,vikas.singh@hrhub.co.in,vikas.singh,1,Y,80,HRHub Solutions Pvt. Ltd.,Information Technology & Business Services,India,52,46-55,1974-08-03,Married,PhD,Finance,Karnataka,Hubballi,9128147143,Marketing,Content Strategist,Travel_Rarely,Work From Office,24.3,2,1,1,0,2004-09-20,184150,10+ LPA,11,2,3,4,1,1,4,0,5.0,No,Yes,No
HRA241084,Male,Vikas Nair,vikas.nair@hrhub.co.in,vikas.nair,1,Y,80,HRHub Solutions Pvt. Ltd.,Information Technology & Business Services,India,46,46-55,1980-08-01,Divorced,MBA,Operations,Kerala,Kozhikode,9683017762,IT,Software Engineer,Travel_Frequently,Work From Office,15.6,15,9,5,7,2013-05-31,165600,10+ LPA,16,3,3,4,2,4,1,5,6.0,No,No,No
HRA241085,Female,Anusha Mukherjee,anusha.mukherjee@hrhub.co.in,anusha.mukherjee,1,Y,80,HRHub Solutions Pvt. Ltd.,Information Technology & Business Services,India,57,55+,1969-08-04,Married,MBA,Marketing,Maharashtra,Mumbai,9350037660,Administration,Office Administrator,Non-Travel,Hybrid,11.8,3,2,1,0,2017-03-18,80450,6-10 LPA,18,3,2,1,4,2,4,3,2.0,No,Yes,No
HRA241086,Male,Varun Agarwal,varun.agarwal@hrhub.co.in,varun.agarwal,1,Y,80,HRHub Solutions Pvt. Ltd.,Information Technology & Business Services,India,57,55+,1969-08-04,Single,Bachelor,Business Administration,Kerala,Thiruvananthapuram,9513012073,Administration,Facility Coordinator,Travel_Rarely,Work From Office,10.4,1,0,0,1,2018-08-11,81350,6-10 LPA,9,3,3,3,4,4,2,3,1.0,No,No,No
HRA241087,Male,Mohit Chatterjee,mohit.chatterjee@hrhub.co.in,mohit.chatterjee,1,Y,80,HRHub Solutions Pvt. Ltd.,Information Technology & Business Services,India,28,26-35,1998-07-28,Divorced,Diploma,Civil,Rajasthan,Udaipur,9824348228,Sales,Sales Executive,Non-Travel,Work From Office,3.1,1,0,0,0,2025-11-27,47500,3-6 LPA,7,3,3,2,3,1,2,2,3.1,No,No,No
HRA241088,Female,Megha Sinha,megha.sinha@hrhub.co.in,megha.sinha,1,Y,80,HRHub Solutions Pvt. Ltd.,Information Technology & Business Services,India,29,26-35,1997-07-28,Single,Master,Business Administration,Uttar Pradesh,Kanpur,9088063572,Sales,Business Development Executive,Travel_Rarely,Work From Office,4.4,0,0,0,0,2024-08-09,46650,3-6 LPA,10,1,3,2,4,1,4,2,3.0,Yes,No,No
HRA241089,Male,Aditya Sinha,aditya.sinha@hrhub.co.in,aditya.sinha,1,Y,80,HRHub Solutions Pvt. Ltd.,Information Technology & Business Services,India,44,36-45,1982-08-01,Married,High School,General Education,Telangana,Hyderabad,9201221258,Sales,Sales Manager,Travel_Frequently,Work From Office,3.5,3,2,1,1,2025-07-04,99650,10+ LPA,5,1,2,1,1,2,3,5,3.5,No,No,Yes
HRA241090,Female,Vaishnavi Joshi,vaishnavi.joshi@hrhub.co.in,vaishnavi.joshi,1,Y,80,HRHub Solutions Pvt. Ltd.,Information Technology & Business Services,India,29,26-35,1997-07-28,Married,High School,General Education,Karnataka,Mysuru,9709952104,IT,Software Engineer,Travel_Rarely,Work From Office,4.5,3,0,0,0,2024-07-04,51550,6-10 LPA,20,3,3,1,3,3,2,2,0.0,No,Yes,No
HRA241091,Female,Ritika Chatterjee,ritika.chatterjee@hrhub.co.in,ritika.chatterjee,1,Y,80,HRHub Solutions Pvt. Ltd.,Information Technology & Business Services,India,56,55+,1970-08-04,Single,PhD,Finance,Gujarat,Surat,9545235589,IT,Data Analyst,Travel_Rarely,Work From Office,0.1,0,0,0,0,2028-11-26,24700,0-3 LPA,21,3,3,1,3,3,1,6,0.1,No,Yes,No
HRA241092,Male,Harsh Mishra,harsh.mishra@hrhub.co.in,harsh.mishra,1,Y,80,HRHub Solutions Pvt. Ltd.,Information Technology & Business Services,India,43,36-45,1983-08-01,Single,Master,Finance,Gujarat,Vadodara,9483545995,IT,Data Analyst,Travel_Rarely,Work From Office,16.4,10,10,0,0,2012-08-13,139200,10+ LPA,5,3,4,4,4,2,4,3,1.0,No,Yes,No
HRA241093,Male,Gaurav Banerjee,gaurav.banerjee@hrhub.co.in,gaurav.banerjee,1,Y,80,HRHub Solutions Pvt. Ltd.,Information Technology & Business Services,India,44,36-45,1982-08-01,Single,MBA,Human Resources,Delhi,New Delhi,9102301301,Sales,Sales Executive,Travel_Rarely,Work From Office,5.6,4,4,2,3,2023-05-30,72300,6-10 LPA,23,3,3,4,4,2,3,5,5.6,Yes,No,No
HRA241094,Male,Arjun Ghosh,arjun.ghosh@hrhub.co.in,arjun.ghosh,1,Y,80,HRHub Solutions Pvt. Ltd.,Information Technology & Business Services,India,23,18-25,2003-07-27,Married,Bachelor,Information Technology,Telangana,Hyderabad,9569043644,Human Resources,Talent Acquisition Specialist,Travel_Frequently,Hybrid,0.8,0,0,0,0,2028-03-15,31050,3-6 LPA,5,3,3,1,3,2,1,1,0.8,No,No,No
HRA241095,Female,Anusha Saha,anusha.saha@hrhub.co.in,anusha.saha,1,Y,80,HRHub Solutions Pvt. Ltd.,Information Technology & Business Services,India,53,46-55,1973-08-03,Married,High School,General Education,Maharashtra,Nagpur,9446463898,Marketing,Marketing Executive,Travel_Rarely,Work From Office,31.9,19,8,9,15,1997-02-15,160800,10+ LPA,25,2,3,2,3,1,3,2,1.0,No,Yes,No
HRA241096,Male,Pranav Kumar,pranav.kumar@hrhub.co.in,pranav.kumar,1,Y,80,HRHub Solutions Pvt. Ltd.,Information Technology & Business Services,India,20,18-25,2006-07-26,Married,Master,Business Administration,West Bengal,Kolkata,9539005067,Operations,Supply Chain Coordinator,Non-Travel,Hybrid,0.0,0,0,0,0,2029-01-01,33000,3-6 LPA,6,1,4,2,4,3,1,6,0.0,No,No,No
HRA241097,Male,Pranav Agarwal,pranav.agarwal@hrhub.co.in,pranav.agarwal,1,Y,80,HRHub Solutions Pvt. Ltd.,Information Technology & Business Services,India,57,55+,1969-08-04,Married,Bachelor,Commerce,Kerala,Thiruvananthapuram,9718134102,Sales,Business Development Executive,Travel_Rarely,Work From Office,14.0,1,1,0,1,2015-01-05,88500,10+ LPA,18,3,1,4,4,4,1,1,5.0,No,No,No
HRA241098,Female,Anusha Nair,anusha.nair@hrhub.co.in,anusha.nair,1,Y,80,HRHub Solutions Pvt. Ltd.,Information Technology & Business Services,India,48,46-55,1978-08-02,Single,Diploma,Computer,Rajasthan,Jodhpur,9578105289,Human Resources,HR Executive,Travel_Rarely,Hybrid,14.9,6,6,1,0,2014-02-11,117750,10+ LPA,16,2,2,3,4,4,4,5,7.0,No,No,No
HRA241099,Female,Vidya Kapoor,vidya.kapoor@hrhub.co.in,vidya.kapoor,1,Y,80,HRHub Solutions Pvt. Ltd.,Information Technology & Business Services,India,25,18-25,2001-07-27,Married,Master,Marketing,Kerala,Kochi,9153405242,IT,Network Engineer,Travel_Frequently,Work From Office,1.7,1,1,0,0,2027-04-22,31500,3-6 LPA,22,1,3,1,4,1,3,0,1.7,No,No,No
HRA241100,Female,Tanvi Banerjee,tanvi.banerjee@hrhub.co.in,tanvi.banerjee,1,Y,80,HRHub Solutions Pvt. Ltd.,Information Technology & Business Services,India,36,36-45,1990-07-30,Married,Master,Computer Science,Delhi,New Delhi,9410311155,IT,Network Engineer,Travel_Rarely,Work From Office,0.2,0,0,0,0,2028-10-20,39400,3-6 LPA,16,3,1,3,2,2,1,0,0.2,No,Yes,No
HRA241101,Male,Ayush Reddy,ayush.reddy@hrhub.co.in,ayush.reddy,1,Y,80,HRHub Solutions Pvt. Ltd.,Information Technology & Business Services,India,58,55+,1968-08-04,Single,Bachelor,Commerce,Maharashtra,Mumbai,9571338447,Finance,Finance Executive,Travel_Rarely,Work From Office,29.5,19,12,5,15,1999-07-11,146950,10+ LPA,16,0,3,3,4,1,4,3,0.0,No,No,No
HRA241102,Female,Anjali Das,anjali.das@hrhub.co.in,anjali.das,1,Y,80,HRHub Solutions Pvt. Ltd.,Information Technology & Business Services,India,35,26-35,1991-07-30,Single,PhD,Finance,Telangana,Hyderabad,9485497515,Sales,Sales Manager,Travel_Rarely,Hybrid,0.3,0,0,0,0,2028-09-14,76650,6-10 LPA,6,3,4,2,1,1,4,6,0.3,No,Yes,No
HRA241103,Male,Sandeep Khan,sandeep.khan@hrhub.co.in,sandeep.khan,1,Y,80,HRHub Solutions Pvt. Ltd.,Information Technology & Business Services,India,57,55+,1969-08-04,Single,MBA,Marketing,Delhi,New Delhi,9859683451,Administration,Administrative Executive,Non-Travel,Work From Office,2.0,1,1,0,1,2027-01-02,35100,3-6 LPA,11,1,4,2,2,4,2,4,2.0,No,No,No
HRA241104,Female,Vidya Roy,vidya.roy@hrhub.co.in,vidya.roy,1,Y,80,HRHub Solutions Pvt. Ltd.,Information Technology & Business Services,India,57,55+,1969-08-04,Single,High School,General Education,West Bengal,Kolkata,9488252679,Administration,Facility Coordinator,Travel_Rarely,Work From Office,13.5,5,4,1,4,2015-07-07,98700,10+ LPA,6,2,4,4,1,2,1,5,7.0,No,No,No
HRA241105,Female,Pooja Chatterjee,pooja.chatterjee@hrhub.co.in,pooja.chatterjee,1,Y,80,HRHub Solutions Pvt. Ltd.,Information Technology & Business Services,India,41,36-45,1985-07-31,Single,PhD,Finance,Maharashtra,Nagpur,9618700136,Human Resources,HR Executive,Travel_Rarely,Work From Office,8.4,5,3,1,4,2020-08-10,55400,6-10 LPA,17,2,3,2,3,3,4,4,4.0,Yes,Yes,No
HRA241106,Female,Harini Singh,harini.singh@hrhub.co.in,harini.singh,1,Y,80,HRHub Solutions Pvt. Ltd.,Information Technology & Business Services,India,38,36-45,1988-07-30,Married,High School,General Education,Delhi,New Delhi,9194267363,Finance,Financial Analyst,Non-Travel,Hybrid,6.0,0,0,0,0,2023-01-03,60200,6-10 LPA,5,2,3,1,1,1,2,2,6.0,Yes,No,No
HRA241107,Female,Pooja Roy,pooja.roy@hrhub.co.in,pooja.roy,1,Y,80,HRHub Solutions Pvt. Ltd.,Information Technology & Business Services,India,23,18-25,2003-07-27,Married,Diploma,Civil,Kerala,Thiruvananthapuram,9184691728,Human Resources,HR Business Partner,Non-Travel,Work From Office,0.2,0,0,0,0,2028-10-20,22900,0-3 LPA,22,3,3,2,2,2,2,0,0.2,No,No,No
HRA241108,Female,Nikita Bose,nikita.bose@hrhub.co.in,nikita.bose,1,Y,80,HRHub Solutions Pvt. Ltd.,Information Technology & Business Services,India,33,26-35,1993-07-29,Single,Diploma,Electrical,Maharashtra,Nagpur,9227961770,Administration,Office Administrator,Non-Travel,Work From Office,6.6,6,5,2,5,2022-05-29,52200,6-10 LPA,19,1,3,3,2,2,1,0,6.6,No,No,No
HRA241109,Female,Ananya Kumar,ananya.kumar@hrhub.co.in,ananya.kumar,1,Y,80,HRHub Solutions Pvt. Ltd.,Information Technology & Business Services,India,26,26-35,2000-07-27,Married,PhD,Management,Tamil Nadu,Chennai,9605643290,Administration,Facility Coordinator,Travel_Rarely,Work From Office,0.1,0,0,0,0,2028-11-26,26200,3-6 LPA,15,0,3,4,2,4,2,1,0.1,No,Yes,No
HRA241110,Female,Aditi Kumar,aditi.kumar@hrhub.co.in,aditi.kumar,1,Y,80,HRHub Solutions Pvt. Ltd.,Information Technology & Business Services,India,33,26-35,1993-07-29,Married,Bachelor,Business Administration,Delhi,New Delhi,9235848420,Marketing,Digital Marketing Specialist,Travel_Rarely,Work From Office,3.3,3,1,0,2,2025-09-15,43650,3-6 LPA,15,3,3,4,2,4,2,6,1.0,No,No,No
HRA241111,Male,Varun Bose,varun.bose@hrhub.co.in,varun.bose,1,Y,80,HRHub Solutions Pvt. Ltd.,Information Technology & Business Services,India,24,18-25,2002-07-27,Married,High School,General Education,Kerala,Kochi,9807438572,Marketing,Marketing Executive,Travel_Rarely,Work From Office,0.3,0,0,0,0,2028-09-14,30500,3-6 LPA,25,3,3,2,4,4,1,0,0.3,No,No,No
HRA241112,Female,Vidya Mishra,vidya.mishra@hrhub.co.in,vidya.mishra,1,Y,80,HRHub Solutions Pvt. Ltd.,Information Technology & Business Services,India,58,55+,1968-08-04,Single,PhD,Finance,Kerala,Thiruvananthapuram,9324605705,Administration,Office Administrator,Travel_Frequently,Work From Office,5.1,0,0,0,0,2023-11-28,73350,6-10 LPA,21,1,3,1,4,1,2,2,5.1,No,No,No
HRA241113,Female,Swati Verma,swati.verma@hrhub.co.in,swati.verma,1,Y,80,HRHub Solutions Pvt. Ltd.,Information Technology & Business Services,India,27,26-35,1999-07-28,Single,Master,Human Resources,Telangana,Hyderabad,9443222837,Sales,Sales Executive,Non-Travel,Remote,0.0,0,0,0,0,2029-01-01,34050,3-6 LPA,14,2,3,1,1,1,3,2,0.0,No,Yes,No
HRA241114,Male,Arjun Nair,arjun.nair@hrhub.co.in,arjun.nair,1,Y,80,HRHub Solutions Pvt. Ltd.,Information Technology & Business Services,India,56,55+,1970-08-04,Married,MBA,Finance,Uttar Pradesh,Lucknow,9724334772,Operations,Operations Executive,Travel_Rarely,Remote,27.7,8,4,1,7,2001-04-28,148350,10+ LPA,25,1,3,3,3,3,2,5,7.0,No,No,No
HRA241115,Female,Pooja Singh,pooja.singh@hrhub.co.in,pooja.singh,1,Y,80,HRHub Solutions Pvt. Ltd.,Information Technology & Business Services,India,58,55+,1968-08-04,Married,PhD,Finance,Tamil Nadu,Chennai,9300871062,Finance,Financial Analyst,Travel_Frequently,Work From Office,14.6,3,0,0,2,2014-05-31,109950,10+ LPA,17,2,3,4,4,3,4,5,6.0,Yes,No,No
HRA241116,Male,Gaurav Sinha,gaurav.sinha@hrhub.co.in,gaurav.sinha,1,Y,80,HRHub Solutions Pvt. Ltd.,Information Technology & Business Services,India,38,36-45,1988-07-30,Single,Diploma,Mechanical,Kerala,Thiruvananthapuram,9127348579,Sales,Business Development Executive,Travel_Rarely,Work From Office,1.3,1,1,0,1,2027-09-15,31800,3-6 LPA,13,2,3,1,3,4,3,2,1.3,No,No,No
HRA241117,Female,Sonali Chatterjee,sonali.chatterjee@hrhub.co.in,sonali.chatterjee,1,Y,80,HRHub Solutions Pvt. Ltd.,Information Technology & Business Services,India,39,36-45,1987-07-31,Married,Diploma,Electrical,West Bengal,Durgapur,9951858976,Marketing,Marketing Executive,Travel_Rarely,Hybrid,6.3,6,5,0,2,2022-09-16,73000,6-10 LPA,21,3,3,1,3,4,3,4,0.0,Yes,No,No
HRA241118,Female,Sneha Banerjee,sneha.banerjee@hrhub.co.in,sneha.banerjee,1,Y,80,HRHub Solutions Pvt. Ltd.,Information Technology & Business Services,India,51,46-55,1975-08-03,Married,PhD,Computer Science,Telangana,Warangal,9822490934,Finance,Financial Analyst,Travel_Rarely,Work From Office,29.3,9,7,2,2,1999-09-22,139900,10+ LPA,7,2,3,3,4,2,3,4,9.0,No,No,No
HRA241119,Female,Vidya Shah,vidya.shah@hrhub.co.in,vidya.shah,1,Y,80,HRHub Solutions Pvt. Ltd.,Information Technology & Business Services,India,26,26-35,2000-07-27,Single,Diploma,Mechanical,Karnataka,Mysuru,9042637599,Operations,Supply Chain Coordinator,Travel_Rarely,Hybrid,4.9,4,2,1,4,2024-02-09,50050,6-10 LPA,15,3,3,1,3,1,3,3,4.9,No,No,No
HRA241120,Male,Vikas Roy,vikas.roy@hrhub.co.in,vikas.roy,1,Y,80,HRHub Solutions Pvt. Ltd.,Information Technology & Business Services,India,28,26-35,1998-07-28,Married,PhD,Computer Science,Rajasthan,Jodhpur,9194054846,Operations,Operations Manager,Non-Travel,Work From Office,0.6,0,0,0,0,2028-05-27,62200,6-10 LPA,19,3,4,2,1,3,3,6,0.6,No,Yes,No
HRA241121,Male,Varun Chatterjee,varun.chatterjee@hrhub.co.in,varun.chatterjee,1,Y,80,HRHub Solutions Pvt. Ltd.,Information Technology & Business Services,India,23,18-25,2003-07-27,Married,Diploma,Civil,Kerala,Thiruvananthapuram,9274368485,Administration,Administrative Executive,Travel_Rarely,Work From Office,1.4,0,0,0,0,2027-08-10,29900,3-6 LPA,15,0,3,1,3,4,1,0,1.4,No,Yes,No
HRA241122,Male,Ankit Agarwal,ankit.agarwal@hrhub.co.in,ankit.agarwal,1,Y,80,HRHub Solutions Pvt. Ltd.,Information Technology & Business Services,India,25,18-25,2001-07-27,Married,High School,General Education,Karnataka,Bengaluru,9588604960,Finance,Finance Executive,Travel_Rarely,Work From Office,0.7,0,0,0,0,2028-04-21,29850,3-6 LPA,17,0,3,2,4,1,2,5,0.7,No,Yes,No
HRA241123,Female,Sneha Nair,sneha.nair@hrhub.co.in,sneha.nair,1,Y,80,HRHub Solutions Pvt. Ltd.,Information Technology & Business Services,India,43,36-45,1983-08-01,Married,Bachelor,Computer Science,West Bengal,Howrah,9183010084,Marketing,Digital Marketing Specialist,Travel_Rarely,Remote,0.9,0,0,0,0,2028-02-08,38150,3-6 LPA,21,1,3,3,4,4,3,4,0.9,No,No,No
HRA241124,Male,Mohit Shah,mohit.shah@hrhub.co.in,mohit.shah,1,Y,80,HRHub Solutions Pvt. Ltd.,Information Technology & Business Services,India,60,55+,1966-08-05,Married,PhD,Computer Science,Karnataka,Mysuru,9164666326,IT,Data Analyst,Travel_Frequently,Hybrid,20.0,4,4,1,4,2009-01-06,186350,10+ LPA,17,1,3,3,3,1,4,3,2.0,No,No,No
HRA241125,Female,Khushi Shah,khushi.shah@hrhub.co.in,khushi.shah,1,Y,80,HRHub Solutions Pvt. Ltd.,Information Technology & Business Services,India,50,46-55,1976-08-02,Married,Bachelor,Information Technology,Tamil Nadu,Chennai,9541683314,Finance,Accountant,Travel_Frequently,Hybrid,13.6,10,3,4,0,2015-05-31,98750,10+ LPA,19,0,4,3,3,3,1,1,7.0,No,No,Yes
HRA241126,Male,Gaurav Jain,gaurav.jain@hrhub.co.in,gaurav.jain,1,Y,80,HRHub Solutions Pvt. Ltd.,Information Technology & Business Services,India,27,26-35,1999-07-28,Divorced,PhD,Management,Rajasthan,Jodhpur,9207904266,Administration,Facility Coordinator,Travel_Frequently,Work From Office,2.8,0,0,0,0,2026-03-17,49650,3-6 LPA,15,1,3,3,1,2,1,1,0.0,Yes,No,Yes
HRA241127,Female,Vidya Roy,vidya.roy@hrhub.co.in,vidya.roy,1,Y,80,HRHub Solutions Pvt. Ltd.,Information Technology & Business Services,India,43,36-45,1983-08-01,Married,Bachelor,Business Administration,Kerala,Thiruvananthapuram,9521177800,Finance,Finance Executive,Travel_Rarely,Work From Office,21.4,6,4,0,6,2007-08-15,141550,10+ LPA,17,2,4,1,4,4,1,1,1.0,No,Yes,No
HRA241128,Male,Pranav Patel,pranav.patel@hrhub.co.in,pranav.patel,1,Y,80,HRHub Solutions Pvt. Ltd.,Information Technology & Business Services,India,30,26-35,1996-07-28,Single,High School,General Education,Uttar Pradesh,Noida,9250210985,Marketing,Marketing Executive,Travel_Rarely,Work From Office,0.0,0,0,0,0,2029-01-01,28050,3-6 LPA,11,2,4,1,1,4,2,3,0.0,Yes,No,No
HRA241129,Male,Pranav Kumar,pranav.kumar@hrhub.co.in,pranav.kumar,1,Y,80,HRHub Solutions Pvt. Ltd.,Information Technology & Business Services,India,45,36-45,1981-08-01,Married,Diploma,Computer,Delhi,New Delhi,9159695549,Operations,Operations Executive,Travel_Frequently,Work From Office,1.4,1,1,0,1,2027-08-10,26000,3-6 LPA,8,3,2,2,1,4,3,0,1.4,Yes,Yes,No
HRA241130,Male,Aditya Sharma,aditya.sharma@hrhub.co.in,aditya.sharma,1,Y,80,HRHub Solutions Pvt. Ltd.,Information Technology & Business Services,India,35,26-35,1991-07-30,Single,PhD,Management,Tamil Nadu,Chennai,9298603779,Sales,Sales Executive,Non-Travel,Work From Office,4.5,1,0,0,0,2024-07-04,43300,3-6 LPA,19,3,4,1,4,4,2,4,4.5,No,Yes,No
HRA241131,Male,Aditya Saha,aditya.saha@hrhub.co.in,aditya.saha,1,Y,80,HRHub Solutions Pvt. Ltd.,Information Technology & Business Services,India,31,26-35,1995-07-29,Single,Diploma,Electrical,Gujarat,Surat,9836625396,IT,Software Engineer,Travel_Rarely,Work From Office,1.5,0,0,0,0,2027-07-04,26600,3-6 LPA,15,2,3,2,2,2,2,0,1.5,No,No,No
HRA241132,Male,Manish Shah,manish.shah@hrhub.co.in,manish.shah,1,Y,80,HRHub Solutions Pvt. Ltd.,Information Technology & Business Services,India,23,18-25,2003-07-27,Married,Bachelor,Computer Science,Uttar Pradesh,Kanpur,9722810891,Marketing,Content Strategist,Travel_Rarely,Work From Office,1.0,1,0,0,0,2028-01-02,28950,3-6 LPA,22,0,2,2,2,1,2,3,0.0,No,Yes,No
HRA241133,Female,Sneha Mehta,sneha.mehta@hrhub.co.in,sneha.mehta,1,Y,80,HRHub Solutions Pvt. Ltd.,Information Technology & Business Services,India,22,18-25,2004-07-26,Divorced,Master,Business Administration,Maharashtra,Pune,9280793446,Marketing,Digital Marketing Specialist,Travel_Frequently,Work From Office,0.1,0,0,0,0,2028-11-26,33000,3-6 LPA,25,0,3,4,1,1,4,4,0.1,No,No,No
HRA241134,Male,Karan Roy,karan.roy@hrhub.co.in,karan.roy,1,Y,80,HRHub Solutions Pvt. Ltd.,Information Technology & Business Services,India,60,55+,1966-08-05,Single,Diploma,Computer,Delhi,New Delhi,9499780550,Administration,Administrative Executive,Non-Travel,Work From Office,0.1,0,0,0,0,2028-11-26,18450,0-3 LPA,16,0,2,1,1,4,3,1,0.1,No,No,No
HRA241135,Male,Vikas Jain,vikas.jain@hrhub.co.in,vikas.jain,1,Y,80,HRHub Solutions Pvt. Ltd.,Information Technology & Business Services,India,45,36-45,1981-08-01,Single,Diploma,Computer,Gujarat,Surat,9849128264,Finance,Financial Analyst,Travel_Rarely,Work From Office,12.4,9,6,0,8,2016-08-11,111100,10+ LPA,17,2,3,3,3,4,2,6,9.0,No,No,No
HRA241136,Male,Akash Mishra,akash.mishra@hrhub.co.in,akash.mishra,1,Y,80,HRHub Solutions Pvt. Ltd.,Information Technology & Business Services,India,25,18-25,2001-07-27,Divorced,Master,Business Administration,West Bengal,Howrah,9262811507,Administration,Administrative Executive,Travel_Rarely,Hybrid,3.8,1,0,0,0,2025-03-16,34750,3-6 LPA,13,3,4,3,2,1,1,2,3.8,Yes,No,No
HRA241137,Male,Gaurav Jain,gaurav.jain@hrhub.co.in,gaurav.jain,1,Y,80,HRHub Solutions Pvt. Ltd.,Information Technology & Business Services,India,60,55+,1966-08-05,Married,Diploma,Computer,Telangana,Warangal,9991824404,Finance,Finance Executive,Travel_Rarely,Work From Office,6.6,0,0,0,0,2022-05-29,58000,6-10 LPA,21,2,2,4,4,4,4,2,2.0,No,No,No
HRA241138,Male,Ayush Ghosh,ayush.ghosh@hrhub.co.in,ayush.ghosh,1,Y,80,HRHub Solutions Pvt. Ltd.,Information Technology & Business Services,India,40,36-45,1986-07-31,Single,Diploma,Mechanical,West Bengal,Durgapur,9741405516,Operations,Operations Executive,Travel_Frequently,Work From Office,17.4,4,4,0,3,2011-08-14,133550,10+ LPA,23,1,4,3,4,1,4,2,6.0,No,No,No
HRA241139,Male,Aditya Nair,aditya.nair@hrhub.co.in,aditya.nair,1,Y,80,HRHub Solutions Pvt. Ltd.,Information Technology & Business Services,India,60,55+,1966-08-05,Married,Bachelor,Human Resources,West Bengal,Kolkata,9757046483,Operations,Operations Manager,Travel_Rarely,Work From Office,29.6,6,3,3,1,1999-06-04,213400,10+ LPA,13,0,4,4,4,3,2,0,2.0,Yes,No,No
HRA241140,Female,Sneha Mishra,sneha.mishra@hrhub.co.in,sneha.mishra,1,Y,80,HRHub Solutions Pvt. Ltd.,Information Technology & Business Services,India,47,46-55,1979-08-02,Single,Bachelor,Human Resources,Uttar Pradesh,Noida,9317841647,Operations,Operations Manager,Travel_Frequently,Work From Office,25.0,3,2,1,2,2004-01-08,183200,10+ LPA,19,3,2,3,2,2,2,2,2.0,No,Yes,No
HRA241141,Female,Deepika Das,deepika.das@hrhub.co.in,deepika.das,1,Y,80,HRHub Solutions Pvt. Ltd.,Information Technology & Business Services,India,33,26-35,1993-07-29,Married,Diploma,Civil,West Bengal,Kolkata,9132868797,Finance,Accountant,Travel_Rarely,Remote,7.6,6,0,1,6,2021-05-29,85350,10+ LPA,14,3,3,3,2,3,3,1,2.0,No,Yes,No
HRA241142,Male,Sandeep Joshi,sandeep.joshi@hrhub.co.in,sandeep.joshi,1,Y,80,HRHub Solutions Pvt. Ltd.,Information Technology & Business Services,India,18,18-25,2008-07-25,Married,Bachelor,Computer Science,Uttar Pradesh,Noida,9901715489,Human Resources,Talent Acquisition Specialist,Non-Travel,Work From Office,0.0,0,0,0,0,2029-01-01,30050,3-6 LPA,19,3,3,4,2,4,3,5,0.0,No,No,No
HRA241143,Female,Kavya Mishra,kavya.mishra@hrhub.co.in,kavya.mishra,1,Y,80,HRHub Solutions Pvt. Ltd.,Information Technology & Business Services,India,41,36-45,1985-07-31,Married,High School,General Education,Uttar Pradesh,Lucknow,9489566546,Human Resources,HR Executive,Travel_Rarely,Work From Office,19.8,18,15,9,6,2009-03-20,124300,10+ LPA,19,0,4,3,4,4,4,0,5.0,No,Yes,No
HRA241144,Male,Ankit Sinha,ankit.sinha@hrhub.co.in,ankit.sinha,1,Y,80,HRHub Solutions Pvt. Ltd.,Information Technology & Business Services,India,37,36-45,1989-07-30,Married,Diploma,Mechanical,Gujarat,Ahmedabad,9064091917,Operations,Operations Executive,Travel_Rarely,Work From Office,5.1,4,4,0,0,2023-11-28,81650,6-10 LPA,7,0,3,1,1,3,3,6,5.1,Yes,No,No
HRA241145,Male,Deepak Roy,deepak.roy@hrhub.co.in,deepak.roy,1,Y,80,HRHub Solutions Pvt. Ltd.,Information Technology & Business Services,India,55,46-55,1971-08-04,Married,High School,General Education,Kerala,Kozhikode,9356327703,IT,Software Engineer,Travel_Frequently,Work From Office,5.1,4,3,1,1,2023-11-28,73050,6-10 LPA,18,3,3,2,4,3,2,3,5.1,No,No,No
HRA241146,Female,Vidya Khan,vidya.khan@hrhub.co.in,vidya.khan,1,Y,80,HRHub Solutions Pvt. Ltd.,Information Technology & Business Services,India,26,26-35,2000-07-27,Single,Diploma,Mechanical,Uttar Pradesh,Lucknow,9916849598,Finance,Finance Executive,Travel_Rarely,Remote,3.9,2,2,1,2,2025-02-08,41050,3-6 LPA,11,3,3,3,1,3,3,5,1.0,No,No,Yes
HRA241147,Male,Akash Agarwal,akash.agarwal@hrhub.co.in,akash.agarwal,1,Y,80,HRHub Solutions Pvt. Ltd.,Information Technology & Business Services,India,53,46-55,1973-08-03,Married,MBA,Operations,West Bengal,Howrah,9905947137,Finance,Finance Executive,Travel_Rarely,Work From Office,22.1,13,9,2,12,2006-12-02,175800,10+ LPA,24,0,3,2,4,1,2,4,4.0,No,Yes,Yes
HRA241148,Male,Vivek Sinha,vivek.sinha@hrhub.co.in,vivek.sinha,1,Y,80,HRHub Solutions Pvt. Ltd.,Information Technology & Business Services,India,58,55+,1968-08-04,Single,Bachelor,Marketing,Uttar Pradesh,Lucknow,9751497674,Administration,Office Administrator,Non-Travel,Work From Office,18.0,3,3,0,3,2011-01-06,135650,10+ LPA,7,2,1,3,4,2,3,2,6.0,No,Yes,No
HRA241149,Male,Vivek Kapoor,vivek.kapoor@hrhub.co.in,vivek.kapoor,1,Y,80,HRHub Solutions Pvt. Ltd.,Information Technology & Business Services,India,21,18-25,2005-07-26,Married,Diploma,Computer,West Bengal,Howrah,9406470887,Administration,Administrative Executive,Non-Travel,Work From Office,0.0,0,0,0,0,2029-01-01,31250,3-6 LPA,9,3,3,3,4,3,2,1,0.0,No,Yes,Yes
HRA241150,Female,Tanvi Gupta,tanvi.gupta@hrhub.co.in,tanvi.gupta,1,Y,80,HRHub Solutions Pvt. Ltd.,Information Technology & Business Services,India,42,36-45,1984-07-31,Single,Master,Computer Science,Uttar Pradesh,Noida,9454223360,IT,System Administrator,Travel_Rarely,Work From Office,2.8,2,1,0,0,2026-03-17,45800,3-6 LPA,9,2,3,4,1,4,1,4,2.8,No,Yes,No
HRA241151,Male,Rohan Patel,rohan.patel@hrhub.co.in,rohan.patel,1,Y,80,HRHub Solutions Pvt. Ltd.,Information Technology & Business Services,India,26,26-35,2000-07-27,Married,MBA,Finance,Kerala,Thiruvananthapuram,9125472463,Finance,Accountant,Travel_Frequently,Work From Office,2.7,2,1,0,2,2026-04-22,47600,3-6 LPA,6,2,3,4,4,4,3,3,2.7,Yes,No,No
HRA241152,Female,Anusha Jain,anusha.jain@hrhub.co.in,anusha.jain,1,Y,80,HRHub Solutions Pvt. Ltd.,Information Technology & Business Services,India,20,18-25,2006-07-26,Married,Bachelor,Finance,Maharashtra,Pune,9130802878,Human Resources,HR Executive,Travel_Rarely,Work From Office,0.0,0,0,0,0,2029-01-01,28800,3-6 LPA,7,3,2,1,1,2,2,0,0.0,No,Yes,Yes
HRA241153,Female,Vidya Bose,vidya.bose@hrhub.co.in,vidya.bose,1,Y,80,HRHub Solutions Pvt. Ltd.,Information Technology & Business Services,India,31,26-35,1995-07-29,Single,PhD,Finance,Maharashtra,Mumbai,9019594087,Human Resources,Talent Acquisition Specialist,Travel_Rarely,Work From Office,2.5,1,0,0,1,2026-07-04,48550,3-6 LPA,17,2,2,3,1,2,2,3,2.5,No,No,No
HRA241154,Male,Sandeep Joshi,sandeep.joshi@hrhub.co.in,sandeep.joshi,1,Y,80,HRHub Solutions Pvt. Ltd.,Information Technology & Business Services,India,50,46-55,1976-08-02,Married,PhD,Finance,Telangana,Hyderabad,9802882398,Marketing,Digital Marketing Specialist,Travel_Rarely,Work From Office,3.6,0,0,0,0,2025-05-28,46950,3-6 LPA,20,2,3,1,4,2,1,2,3.6,No,No,No
HRA241155,Male,Rohan Das,rohan.das@hrhub.co.in,rohan.das,1,Y,80,HRHub Solutions Pvt. Ltd.,Information Technology & Business Services,India,21,18-25,2005-07-26,Married,High School,General Education,Kerala,Kozhikode,9250698321,Sales,Sales Manager,Travel_Frequently,Hybrid,0.0,0,0,0,0,2029-01-01,77600,6-10 LPA,20,0,3,1,1,3,1,3,0.0,No,No,No
HRA241156,Male,Rohan Chatterjee,rohan.chatterjee@hrhub.co.in,rohan.chatterjee,1,Y,80,HRHub Solutions Pvt. Ltd.,Information Technology & Business Services,India,24,18-25,2002-07-27,Married,Bachelor,Business Administration,Telangana,Warangal,9880788990,IT,Software Engineer,Travel_Frequently,Work From Office,0.1,0,0,0,0,2028-11-26,34000,3-6 LPA,8,0,2,3,2,2,3,5,0.1,No,Yes,No
HRA241157,Male,Sahil Jain,sahil.jain@hrhub.co.in,sahil.jain,1,Y,80,HRHub Solutions Pvt. Ltd.,Information Technology & Business Services,India,26,26-35,2000-07-27,Married,Diploma,Civil,Uttar Pradesh,Lucknow,9779185064,Administration,Facility Coordinator,Non-Travel,Hybrid,1.1,0,0,0,0,2027-11-27,25850,3-6 LPA,8,2,3,4,1,2,4,6,1.1,No,No,No
HRA241158,Female,Tanvi Mukherjee,tanvi.mukherjee@hrhub.co.in,tanvi.mukherjee,1,Y,80,HRHub Solutions Pvt. Ltd.,Information Technology & Business Services,India,45,36-45,1981-08-01,Married,High School,General Education,Karnataka,Hubballi,9319299322,Operations,Operations Executive,Travel_Rarely,Hybrid,18.7,17,1,0,1,2010-04-26,145350,10+ LPA,18,3,2,4,4,2,4,4,5.0,No,No,No
HRA241159,Male,Aditya Reddy,aditya.reddy@hrhub.co.in,aditya.reddy,1,Y,80,HRHub Solutions Pvt. Ltd.,Information Technology & Business Services,India,58,55+,1968-08-04,Married,MBA,Operations,Delhi,New Delhi,9829045057,Finance,Accountant,Travel_Frequently,Work From Office,7.3,5,3,0,5,2021-09-16,72850,6-10 LPA,23,3,2,2,4,1,1,2,4.0,Yes,No,No
HRA241160,Female,Shreya Gupta,shreya.gupta@hrhub.co.in,shreya.gupta,1,Y,80,HRHub Solutions Pvt. Ltd.,Information Technology & Business Services,India,23,18-25,2003-07-27,Divorced,Master,Computer Science,Tamil Nadu,Madurai,9609133077,Finance,Financial Analyst,Travel_Frequently,Work From Office,1.0,1,0,0,1,2028-01-02,33350,3-6 LPA,9,1,4,3,3,1,2,5,1.0,No,No,No
HRA241161,Female,Ritika Reddy,ritika.reddy@hrhub.co.in,ritika.reddy,1,Y,80,HRHub Solutions Pvt. Ltd.,Information Technology & Business Services,India,30,26-35,1996-07-28,Married,Master,Finance,Gujarat,Ahmedabad,9089664172,Marketing,Content Strategist,Non-Travel,Work From Office,3.3,0,0,0,0,2025-09-15,47000,3-6 LPA,11,2,3,2,3,2,1,2,3.3,No,Yes,No
HRA241162,Male,Vikas Kumar,vikas.kumar@hrhub.co.in,vikas.kumar,1,Y,80,HRHub Solutions Pvt. Ltd.,Information Technology & Business Services,India,40,36-45,1986-07-31,Married,Master,Business Administration,Tamil Nadu,Chennai,9234132426,Operations,Operations Executive,Travel_Rarely,Hybrid,11.5,3,3,1,0,2017-07-06,108250,10+ LPA,15,2,3,4,1,2,3,3,6.0,Yes,No,No
HRA241163,Female,Kavya Bose,kavya.bose@hrhub.co.in,kavya.bose,1,Y,80,HRHub Solutions Pvt. Ltd.,Information Technology & Business Services,India,48,46-55,1978-08-02,Married,Master,Human Resources,Uttar Pradesh,Lucknow,9779491200,Finance,Accountant,Travel_Rarely,Work From Office,10.3,3,3,0,1,2018-09-17,93600,10+ LPA,23,3,1,1,2,4,4,5,7.0,Yes,No,No
HRA241164,Male,Ayush Gupta,ayush.gupta@hrhub.co.in,ayush.gupta,1,Y,80,HRHub Solutions Pvt. Ltd.,Information Technology & Business Services,India,48,46-55,1978-08-02,Married,High School,General Education,Maharashtra,Mumbai,9715133269,Administration,Office Administrator,Travel_Rarely,Remote,5.1,3,1,1,3,2023-11-28,77150,6-10 LPA,10,3,3,2,1,4,1,0,2.0,Yes,Yes,Yes
HRA241165,Female,Anjali Mehta,anjali.mehta@hrhub.co.in,anjali.mehta,1,Y,80,HRHub Solutions Pvt. Ltd.,Information Technology & Business Services,India,59,55+,1967-08-05,Single,Bachelor,Human Resources,Uttar Pradesh,Kanpur,9688248932,Finance,Finance Executive,Travel_Rarely,Remote,9.9,8,4,4,7,2019-02-10,80800,6-10 LPA,8,2,2,1,2,1,3,3,5.0,No,No,No
HRA241166,Male,Mohit Bose,mohit.bose@hrhub.co.in,mohit.bose,1,Y,80,HRHub Solutions Pvt. Ltd.,Information Technology & Business Services,India,48,46-55,1978-08-02,Single,Diploma,Electrical,Telangana,Warangal,9947183449,Marketing,Content Strategist,Travel_Rarely,Hybrid,12.5,5,2,0,5,2016-07-06,113400,10+ LPA,16,2,3,3,2,2,2,4,9.0,No,No,No
HRA241167,Male,Deepak Shah,deepak.shah@hrhub.co.in,deepak.shah,1,Y,80,HRHub Solutions Pvt. Ltd.,Information Technology & Business Services,India,58,55+,1968-08-04,Married,High School,General Education,Rajasthan,Jaipur,9129285034,Sales,Sales Executive,Travel_Rarely,Work From Office,1.4,0,0,0,0,2027-08-10,27550,3-6 LPA,15,1,4,4,2,1,4,6,0.0,Yes,No,No
HRA241168,Male,Ayush Sharma,ayush.sharma@hrhub.co.in,ayush.sharma,1,Y,80,HRHub Solutions Pvt. Ltd.,Information Technology & Business Services,India,29,26-35,1997-07-28,Married,High School,General Education,Karnataka,Bengaluru,9827984058,Finance,Financial Analyst,Travel_Rarely,Hybrid,4.8,4,3,1,4,2024-03-16,59750,6-10 LPA,22,1,3,3,2,3,3,6,4.8,No,Yes,No
HRA241169,Male,Nikhil Sinha,nikhil.sinha@hrhub.co.in,nikhil.sinha,1,Y,80,HRHub Solutions Pvt. Ltd.,Information Technology & Business Services,India,33,26-35,1993-07-29,Married,Master,Finance,Delhi,New Delhi,9998575122,Operations,Operations Manager,Non-Travel,Work From Office,7.7,4,4,0,4,2021-04-23,117050,10+ LPA,7,0,3,2,1,4,1,6,7.7,Yes,No,No
HRA241170,Female,Ishita Jain,ishita.jain@hrhub.co.in,ishita.jain,1,Y,80,HRHub Solutions Pvt. Ltd.,Information Technology & Business Services,India,55,46-55,1971-08-04,Single,PhD,Computer Science,Uttar Pradesh,Noida,9764493229,Sales,Sales Executive,Travel_Rarely,Hybrid,17.0,9,2,1,2,2012-01-06,163950,10+ LPA,12,0,3,1,3,1,4,4,4.0,No,No,No
HRA241171,Female,Deepika Bose,deepika.bose@hrhub.co.in,deepika.bose,1,Y,80,HRHub Solutions Pvt. Ltd.,Information Technology & Business Services,India,60,55+,1966-08-05,Single,Master,Computer Science,Gujarat,Vadodara,9282249638,Finance,Financial Analyst,Non-Travel,Work From Office,3.7,0,0,0,0,2025-04-22,53250,6-10 LPA,7,1,3,1,3,1,1,5,3.0,Yes,Yes,No
HRA241172,Female,Shreya Saha,shreya.saha@hrhub.co.in,shreya.saha,1,Y,80,HRHub Solutions Pvt. Ltd.,Information Technology & Business Services,India,55,46-55,1971-08-04,Married,PhD,Computer Science,Karnataka,Mysuru,9434249415,Operations,Operations Manager,Travel_Rarely,Hybrid,29.3,26,12,6,6,1999-09-22,203450,10+ LPA,11,3,3,3,4,1,1,6,1.0,No,No,No
HRA241173,Male,Harsh Sharma,harsh.sharma@hrhub.co.in,harsh.sharma,1,Y,80,HRHub Solutions Pvt. Ltd.,Information Technology & Business Services,India,20,18-25,2006-07-26,Single,Master,Finance,Tamil Nadu,Madurai,9197502887,Finance,Accountant,Travel_Rarely,Work From Office,0.0,0,0,0,0,2029-01-01,32450,3-6 LPA,20,3,3,2,2,1,4,3,0.0,No,No,No
HRA241174,Female,Tanvi Patel,tanvi.patel@hrhub.co.in,tanvi.patel,1,Y,80,HRHub Solutions Pvt. Ltd.,Information Technology & Business Services,India,30,26-35,1996-07-28,Married,High School,General Education,Tamil Nadu,Coimbatore,9165591517,Operations,Supply Chain Coordinator,Travel_Frequently,Work From Office,2.1,2,1,0,0,2026-11-27,40250,3-6 LPA,10,0,3,1,2,2,4,1,2.0,No,No,No
HRA241175,Female,Kavya Sharma,kavya.sharma@hrhub.co.in,kavya.sharma,1,Y,80,HRHub Solutions Pvt. Ltd.,Information Technology & Business Services,India,27,26-35,1999-07-28,Married,High School,General Education,Karnataka,Bengaluru,9230253007,Finance,Accountant,Non-Travel,Work From Office,3.3,2,1,1,1,2025-09-15,41750,3-6 LPA,8,1,3,4,3,4,1,2,3.3,No,No,Yes
HRA241176,Female,Priya Sharma,priya.sharma@hrhub.co.in,priya.sharma,1,Y,80,HRHub Solutions Pvt. Ltd.,Information Technology & Business Services,India,29,26-35,1997-07-28,Married,Diploma,Civil,Tamil Nadu,Madurai,9309982332,Administration,Administrative Executive,Travel_Rarely,Hybrid,4.1,1,0,0,0,2024-11-27,33600,3-6 LPA,7,3,3,4,2,4,3,2,4.1,Yes,No,No
HRA241177,Female,Deepika Saha,deepika.saha@hrhub.co.in,deepika.saha,1,Y,80,HRHub Solutions Pvt. Ltd.,Information Technology & Business Services,India,23,18-25,2003-07-27,Married,Diploma,Civil,Uttar Pradesh,Kanpur,9040227493,Administration,Facility Coordinator,Non-Travel,Work From Office,1.5,0,0,0,0,2027-07-04,21700,0-3 LPA,17,1,2,4,2,4,1,1,1.5,No,No,No
HRA241178,Female,Aditi Singh,aditi.singh@hrhub.co.in,aditi.singh,1,Y,80,HRHub Solutions Pvt. Ltd.,Information Technology & Business Services,India,31,26-35,1995-07-29,Single,Master,Computer Science,Telangana,Hyderabad,9599990670,Finance,Accountant,Travel_Frequently,Hybrid,7.7,0,0,0,0,2021-04-23,65700,6-10 LPA,9,0,3,2,2,4,3,1,2.0,Yes,Yes,No
HRA241179,Female,Khushi Sharma,khushi.sharma@hrhub.co.in,khushi.sharma,1,Y,80,HRHub Solutions Pvt. Ltd.,Information Technology & Business Services,India,35,26-35,1991-07-30,Married,Diploma,Electrical,Tamil Nadu,Chennai,9812916860,IT,Data Analyst,Travel_Rarely,Work From Office,5.8,5,0,0,5,2023-03-17,73600,6-10 LPA,21,2,3,4,4,4,4,0,1.0,Yes,No,No
HRA241180,Male,Ayush Saha,ayush.saha@hrhub.co.in,ayush.saha,1,Y,80,HRHub Solutions Pvt. Ltd.,Information Technology & Business Services,India,28,26-35,1998-07-28,Single,Master,Marketing,West Bengal,Howrah,9731695628,Human Resources,Talent Acquisition Specialist,Travel_Frequently,Work From Office,2.8,2,0,1,2,2026-03-17,41150,3-6 LPA,5,0,1,1,2,4,4,3,2.8,No,Yes,No
HRA241181,Female,Ishita Jain,ishita.jain@hrhub.co.in,ishita.jain,1,Y,80,HRHub Solutions Pvt. Ltd.,Information Technology & Business Services,India,49,46-55,1977-08-02,Married,MBA,Operations,Kerala,Kozhikode,9315893657,Human Resources,Talent Acquisition Specialist,Travel_Rarely,Work From Office,14.6,8,7,1,2,2014-05-31,106900,10+ LPA,14,2,3,4,2,2,3,6,1.0,No,Yes,No
HRA241182,Male,Akash Reddy,akash.reddy@hrhub.co.in,akash.reddy,1,Y,80,HRHub Solutions Pvt. Ltd.,Information Technology & Business Services,India,44,36-45,1982-08-01,Married,MBA,Operations,West Bengal,Kolkata,9137596488,IT,Data Analyst,Travel_Rarely,Work From Office,20.2,5,1,2,2,2008-10-25,143400,10+ LPA,7,1,3,3,3,1,1,0,0.0,No,Yes,No
HRA241183,Male,Amit Ghosh,amit.ghosh@hrhub.co.in,amit.ghosh,1,Y,80,HRHub Solutions Pvt. Ltd.,Information Technology & Business Services,India,24,18-25,2002-07-27,Divorced,MBA,Marketing,Tamil Nadu,Madurai,9463302973,Sales,Business Development Executive,Travel_Frequently,Work From Office,1.7,0,0,0,0,2027-04-22,26150,3-6 LPA,24,1,3,2,2,2,1,3,1.7,No,Yes,Yes
HRA241184,Female,Anjali Khan,anjali.khan@hrhub.co.in,anjali.khan,1,Y,80,HRHub Solutions Pvt. Ltd.,Information Technology & Business Services,India,42,36-45,1984-07-31,Single,Diploma,Civil,Karnataka,Bengaluru,9039949201,Finance,Accountant,Travel_Frequently,Work From Office,19.8,4,1,2,4,2009-03-20,165400,10+ LPA,8,1,4,2,2,3,4,2,0.0,No,No,No
HRA241185,Female,Vaishnavi Sen,vaishnavi.sen@hrhub.co.in,vaishnavi.sen,1,Y,80,HRHub Solutions Pvt. Ltd.,Information Technology & Business Services,India,36,36-45,1990-07-30,Married,Bachelor,Commerce,Telangana,Hyderabad,9336545315,IT,System Administrator,Travel_Rarely,Work From Office,7.2,6,2,1,1,2021-10-22,73900,6-10 LPA,11,1,4,4,1,3,2,1,0.0,No,Yes,Yes
HRA241186,Male,Pranav Sharma,pranav.sharma@hrhub.co.in,pranav.sharma,1,Y,80,HRHub Solutions Pvt. Ltd.,Information Technology & Business Services,India,18,18-25,2008-07-25,Single,Diploma,Computer,Kerala,Thiruvananthapuram,9508433724,Administration,Facility Coordinator,Non-Travel,Work From Office,0.0,0,0,0,0,2029-01-01,27950,3-6 LPA,22,0,4,1,4,3,2,0,0.0,No,No,No
HRA241187,Male,Pranav Khan,pranav.khan@hrhub.co.in,pranav.khan,1,Y,80,HRHub Solutions Pvt. Ltd.,Information Technology & Business Services,India,22,18-25,2004-07-26,Married,Master,Marketing,Rajasthan,Udaipur,9251081658,Marketing,Digital Marketing Specialist,Travel_Rarely,Work From Office,0.6,0,0,0,0,2028-05-27,28350,3-6 LPA,7,3,2,4,4,1,4,5,0.6,No,No,No
HRA241188,Female,Anjali Khan,anjali.khan@hrhub.co.in,anjali.khan,1,Y,80,HRHub Solutions Pvt. Ltd.,Information Technology & Business Services,India,36,36-45,1990-07-30,Single,Diploma,Electrical,Telangana,Hyderabad,9475366680,Finance,Finance Executive,Non-Travel,Work From Office,1.5,1,1,0,1,2027-07-04,29700,3-6 LPA,8,3,3,3,3,2,2,0,1.5,No,No,No
HRA241189,Female,Khushi Mehta,khushi.mehta@hrhub.co.in,khushi.mehta,1,Y,80,HRHub Solutions Pvt. Ltd.,Information Technology & Business Services,India,26,26-35,2000-07-27,Married,Bachelor,Finance,Uttar Pradesh,Lucknow,9308554436,Sales,Sales Manager,Non-Travel,Work From Office,2.4,1,0,0,1,2026-08-09,112800,10+ LPA,11,2,4,1,4,4,1,5,2.4,No,No,No
HRA241190,Male,Rohan Reddy,rohan.reddy@hrhub.co.in,rohan.reddy,1,Y,80,HRHub Solutions Pvt. Ltd.,Information Technology & Business Services,India,37,36-45,1989-07-30,Married,Master,Finance,Delhi,New Delhi,9186264778,Marketing,Marketing Executive,Travel_Rarely,Work From Office,13.3,6,6,3,3,2015-09-18,111250,10+ LPA,19,3,2,1,2,2,1,4,3.0,No,Yes,Yes
HRA241191,Male,Vivek Joshi,vivek.joshi@hrhub.co.in,vivek.joshi,1,Y,80,HRHub Solutions Pvt. Ltd.,Information Technology & Business Services,India,38,36-45,1988-07-30,Single,Master,Finance,Tamil Nadu,Coimbatore,9400903722,Human Resources,HR Business Partner,Travel_Rarely,Work From Office,5.2,0,0,0,0,2023-10-22,76150,6-10 LPA,5,2,3,1,2,2,1,0,5.2,No,No,No
HRA241192,Female,Nikita Gupta,nikita.gupta@hrhub.co.in,nikita.gupta,1,Y,80,HRHub Solutions Pvt. Ltd.,Information Technology & Business Services,India,55,46-55,1971-08-04,Married,Bachelor,Commerce,Telangana,Warangal,9226081759,IT,Software Engineer,Non-Travel,Hybrid,27.4,18,0,8,1,2001-08-15,184550,10+ LPA,19,2,3,1,3,1,3,4,4.0,No,No,No
HRA241193,Female,Ritika Shah,ritika.shah@hrhub.co.in,ritika.shah,1,Y,80,HRHub Solutions Pvt. Ltd.,Information Technology & Business Services,India,22,18-25,2004-07-26,Married,PhD,Computer Science,West Bengal,Howrah,9258114168,Marketing,Digital Marketing Specialist,Travel_Rarely,Remote,0.3,0,0,0,0,2028-09-14,28250,3-6 LPA,15,0,3,2,4,3,2,4,0.3,No,No,No
HRA241194,Male,Arjun Gupta,arjun.gupta@hrhub.co.in,arjun.gupta,1,Y,80,HRHub Solutions Pvt. Ltd.,Information Technology & Business Services,India,30,26-35,1996-07-28,Married,PhD,Management,Rajasthan,Jaipur,9878089707,Operations,Supply Chain Coordinator,Travel_Rarely,Work From Office,0.5,0,0,0,0,2028-07-03,26050,3-6 LPA,22,3,3,2,4,4,4,4,0.5,No,No,No
HRA241195,Male,Arjun Kapoor,arjun.kapoor@hrhub.co.in,arjun.kapoor,1,Y,80,HRHub Solutions Pvt. Ltd.,Information Technology & Business Services,India,58,55+,1968-08-04,Single,PhD,Finance,Rajasthan,Jodhpur,9604366899,Human Resources,HR Business Partner,Travel_Rarely,Work From Office,19.1,7,5,3,4,2009-12-01,130150,10+ LPA,7,3,4,3,2,1,4,1,4.0,No,No,No
HRA241196,Female,Megha Sen,megha.sen@hrhub.co.in,megha.sen,1,Y,80,HRHub Solutions Pvt. Ltd.,Information Technology & Business Services,India,54,46-55,1972-08-03,Married,High School,General Education,Rajasthan,Udaipur,9381240579,Finance,Financial Analyst,Travel_Rarely,Hybrid,24.9,22,8,8,7,2004-02-14,162400,10+ LPA,15,0,3,4,1,3,1,6,10.0,No,No,No
HRA241197,Female,Priya Jain,priya.jain@hrhub.co.in,priya.jain,1,Y,80,HRHub Solutions Pvt. Ltd.,Information Technology & Business Services,India,20,18-25,2006-07-26,Single,Master,Human Resources,Telangana,Warangal,9248348311,Human Resources,HR Business Partner,Travel_Rarely,Work From Office,0.0,0,0,0,0,2029-01-01,29250,3-6 LPA,13,0,2,3,4,3,4,4,0.0,No,No,No
HRA241198,Female,Tanvi Das,tanvi.das@hrhub.co.in,tanvi.das,1,Y,80,HRHub Solutions Pvt. Ltd.,Information Technology & Business Services,India,27,26-35,1999-07-28,Married,Diploma,Civil,Rajasthan,Udaipur,9432362982,Human Resources,Talent Acquisition Specialist,Travel_Frequently,Work From Office,0.5,0,0,0,0,2028-07-03,34700,3-6 LPA,6,0,3,1,4,4,3,3,0.5,No,Yes,No
HRA241199,Male,Sumit Chatterjee,sumit.chatterjee@hrhub.co.in,sumit.chatterjee,1,Y,80,HRHub Solutions Pvt. Ltd.,Information Technology & Business Services,India,22,18-25,2004-07-26,Married,Master,Finance,Rajasthan,Jaipur,9055641990,Operations,Supply Chain Coordinator,Travel_Frequently,Work From Office,0.7,0,0,0,0,2028-04-21,26050,3-6 LPA,10,0,1,3,4,1,2,0,0.7,No,No,No
HRA241200,Female,Divya Kumar,divya.kumar@hrhub.co.in,divya.kumar,1,Y,80,HRHub Solutions Pvt. Ltd.,Information Technology & Business Services,India,34,26-35,1992-07-29,Married,High School,General Education,Rajasthan,Jodhpur,9359944725,Administration,Office Administrator,Travel_Frequently,Work From Office,1.7,1,1,0,0,2027-04-22,27550,3-6 LPA,23,0,3,1,3,2,1,2,1.7,No,No,Yes
HRA241201,Male,Gaurav Joshi,gaurav.joshi@hrhub.co.in,gaurav.joshi,1,Y,80,HRHub Solutions Pvt. Ltd.,Information Technology & Business Services,India,25,18-25,2001-07-27,Single,Diploma,Computer,Karnataka,Hubballi,9240360127,Operations,Supply Chain Coordinator,Travel_Rarely,Work From Office,3.7,3,3,0,1,2025-04-22,42300,3-6 LPA,9,3,3,3,4,4,3,2,2.0,No,Yes,Yes
HRA241202,Female,Deepika Sinha,deepika.sinha@hrhub.co.in,deepika.sinha,1,Y,80,HRHub Solutions Pvt. Ltd.,Information Technology & Business Services,India,56,55+,1970-08-04,Divorced,Master,Business Administration,Telangana,Warangal,9083238782,Sales,Sales Manager,Travel_Rarely,Work From Office,10.4,0,0,0,0,2018-08-11,150100,10+ LPA,14,0,1,1,4,1,4,0,3.0,Yes,Yes,No
HRA241203,Female,Harini Jain,harini.jain@hrhub.co.in,harini.jain,1,Y,80,HRHub Solutions Pvt. Ltd.,Information Technology & Business Services,India,46,46-55,1980-08-01,Divorced,MBA,Human Resources,Telangana,Warangal,9827347072,Sales,Sales Manager,Travel_Rarely,Remote,15.6,15,13,6,4,2013-05-31,220550,10+ LPA,15,0,3,2,2,2,4,0,8.0,No,No,No
HRA241204,Male,Sahil Bose,sahil.bose@hrhub.co.in,sahil.bose,1,Y,80,HRHub Solutions Pvt. Ltd.,Information Technology & Business Services,India,56,55+,1970-08-04,Divorced,MBA,Operations,West Bengal,Durgapur,9770287489,Sales,Business Development Executive,Travel_Rarely,Hybrid,8.5,1,0,0,1,2020-07-05,86350,10+ LPA,24,0,2,1,4,3,3,6,3.0,No,Yes,No
HRA241205,Female,Sneha Mehta,sneha.mehta@hrhub.co.in,sneha.mehta,1,Y,80,HRHub Solutions Pvt. Ltd.,Information Technology & Business Services,India,36,36-45,1990-07-30,Married,MBA,Human Resources,Telangana,Warangal,9194714395,Administration,Facility Coordinator,Non-Travel,Work From Office,9.7,7,2,2,0,2019-04-24,60350,6-10 LPA,12,2,3,2,2,1,2,1,3.0,No,No,No
HRA241206,Female,Pooja Kapoor,pooja.kapoor@hrhub.co.in,pooja.kapoor,1,Y,80,HRHub Solutions Pvt. Ltd.,Information Technology & Business Services,India,52,46-55,1974-08-03,Married,Master,Marketing,Karnataka,Hubballi,9153957303,Finance,Financial Analyst,Non-Travel,Work From Office,0.4,0,0,0,0,2028-08-08,28500,3-6 LPA,15,0,2,3,2,4,3,2,0.4,No,No,No
HRA241207,Female,Kavya Banerjee,kavya.banerjee@hrhub.co.in,kavya.banerjee,1,Y,80,HRHub Solutions Pvt. Ltd.,Information Technology & Business Services,India,39,36-45,1987-07-31,Married,High School,General Education,Delhi,New Delhi,9324938457,Administration,Administrative Executive,Travel_Rarely,Hybrid,12.4,9,1,2,9,2016-08-11,116000,10+ LPA,9,2,2,4,1,4,1,3,1.0,No,No,No
HRA241208,Female,Riya Chatterjee,riya.chatterjee@hrhub.co.in,riya.chatterjee,1,Y,80,HRHub Solutions Pvt. Ltd.,Information Technology & Business Services,India,23,18-25,2003-07-27,Married,Master,Finance,Maharashtra,Pune,9906613121,Sales,Sales Executive,Non-Travel,Work From Office,1.0,1,1,0,0,2028-01-02,27100,3-6 LPA,17,0,2,2,3,4,1,0,1.0,Yes,Yes,No
HRA241209,Male,Aditya Reddy,aditya.reddy@hrhub.co.in,aditya.reddy,1,Y,80,HRHub Solutions Pvt. Ltd.,Information Technology & Business Services,India,20,18-25,2006-07-26,Divorced,PhD,Management,Rajasthan,Jodhpur,9228300946,Finance,Financial Analyst,Non-Travel,Work From Office,0.0,0,0,0,0,2029-01-01,35700,3-6 LPA,22,0,3,1,2,1,2,6,0.0,No,No,No
HRA241210,Male,Sumit Mukherjee,sumit.mukherjee@hrhub.co.in,sumit.mukherjee,1,Y,80,HRHub Solutions Pvt. Ltd.,Information Technology & Business Services,India,31,26-35,1995-07-29,Married,Master,Finance,Telangana,Warangal,9675696542,Administration,Facility Coordinator,Non-Travel,Work From Office,8.3,2,0,1,2,2020-09-16,79100,6-10 LPA,15,0,4,3,3,4,3,6,6.0,No,Yes,No
HRA241211,Male,Sumit Roy,sumit.roy@hrhub.co.in,sumit.roy,1,Y,80,HRHub Solutions Pvt. Ltd.,Information Technology & Business Services,India,57,55+,1969-08-04,Married,MBA,Human Resources,Rajasthan,Udaipur,9916584914,Human Resources,HR Executive,Travel_Rarely,Hybrid,13.7,5,1,1,3,2015-04-25,98050,10+ LPA,13,2,1,1,2,2,3,2,9.0,No,No,Yes
HRA241212,Male,Karan Sharma,karan.sharma@hrhub.co.in,karan.sharma,1,Y,80,HRHub Solutions Pvt. Ltd.,Information Technology & Business Services,India,34,26-35,1992-07-29,Single,High School,General Education,Delhi,New Delhi,9307487453,Human Resources,Talent Acquisition Specialist,Non-Travel,Work From Office,0.7,0,0,0,0,2028-04-21,33700,3-6 LPA,16,3,2,3,4,2,1,2,0.7,No,No,No
HRA241213,Male,Ankit Kumar,ankit.kumar@hrhub.co.in,ankit.kumar,1,Y,80,HRHub Solutions Pvt. Ltd.,Information Technology & Business Services,India,24,18-25,2002-07-27,Single,MBA,Operations,Tamil Nadu,Chennai,9701897239,Sales,Business Development Executive,Non-Travel,Hybrid,1.6,0,0,0,0,2027-05-28,29450,3-6 LPA,9,2,3,3,2,1,2,2,1.6,No,No,No
HRA241214,Male,Aarav Joshi,aarav.joshi@hrhub.co.in,aarav.joshi,1,Y,80,HRHub Solutions Pvt. Ltd.,Information Technology & Business Services,India,21,18-25,2005-07-26,Married,High School,General Education,Kerala,Thiruvananthapuram,9365673729,Sales,Sales Executive,Travel_Rarely,Hybrid,0.0,0,0,0,0,2029-01-01,25350,3-6 LPA,9,2,3,2,4,1,2,4,0.0,No,No,No
HRA241215,Female,Megha Verma,megha.verma@hrhub.co.in,megha.verma,1,Y,80,HRHub Solutions Pvt. Ltd.,Information Technology & Business Services,India,49,46-55,1977-08-02,Married,Master,Finance,Gujarat,Vadodara,9446342853,Human Resources,HR Business Partner,Travel_Rarely,Hybrid,4.4,0,0,0,0,2024-08-09,40050,3-6 LPA,12,2,3,4,3,3,2,4,4.4,No,No,No
HRA241216,Female,Vaishnavi Mehta,vaishnavi.mehta@hrhub.co.in,vaishnavi.mehta,1,Y,80,HRHub Solutions Pvt. Ltd.,Information Technology & Business Services,India,55,46-55,1971-08-04,Married,Master,Marketing,Telangana,Warangal,9156307592,Human Resources,HR Business Partner,Non-Travel,Work From Office,22.0,12,6,6,8,2007-01-07,127350,10+ LPA,6,0,2,2,1,2,4,1,6.0,No,No,No
HRA241217,Female,Megha Rao,megha.rao@hrhub.co.in,megha.rao,1,Y,80,HRHub Solutions Pvt. Ltd.,Information Technology & Business Services,India,39,36-45,1987-07-31,Married,MBA,Marketing,Gujarat,Ahmedabad,9340211990,IT,System Administrator,Travel_Rarely,Hybrid,11.2,7,7,2,4,2017-10-24,122450,10+ LPA,14,1,3,1,3,1,2,0,8.0,No,No,No
HRA241218,Male,Amit Roy,amit.roy@hrhub.co.in,amit.roy,1,Y,80,HRHub Solutions Pvt. Ltd.,Information Technology & Business Services,India,24,18-25,2002-07-27,Married,PhD,Management,Uttar Pradesh,Lucknow,9086694793,Marketing,Content Strategist,Travel_Frequently,Work From Office,0.6,0,0,0,0,2028-05-27,34350,3-6 LPA,16,1,3,4,1,2,1,5,0.0,No,Yes,No
HRA241219,Female,Sonali Sen,sonali.sen@hrhub.co.in,sonali.sen,1,Y,80,HRHub Solutions Pvt. Ltd.,Information Technology & Business Services,India,56,55+,1970-08-04,Single,PhD,Management,Uttar Pradesh,Lucknow,9613701811,Administration,Facility Coordinator,Travel_Rarely,Hybrid,12.2,2,1,1,1,2016-10-23,87850,10+ LPA,9,3,3,1,1,3,2,5,8.0,No,Yes,No
HRA241220,Female,Tanvi Mukherjee,tanvi.mukherjee@hrhub.co.in,tanvi.mukherjee,1,Y,80,HRHub Solutions Pvt. Ltd.,Information Technology & Business Services,India,52,46-55,1974-08-03,Married,MBA,Human Resources,Karnataka,Mysuru,9679780868,Human Resources,HR Business Partner,Travel_Rarely,Work From Office,22.7,18,12,7,5,2006-04-27,173450,10+ LPA,12,1,3,4,1,4,1,3,7.0,Yes,No,No
HRA241221,Male,Ayush Nair,ayush.nair@hrhub.co.in,ayush.nair,1,Y,80,HRHub Solutions Pvt. Ltd.,Information Technology & Business Services,India,52,46-55,1974-08-03,Married,High School,General Education,Rajasthan,Jodhpur,9474717993,Marketing,Content Strategist,Travel_Rarely,Work From Office,15.1,13,12,1,8,2013-11-30,135750,10+ LPA,17,3,2,4,3,3,1,6,3.0,Yes,No,No
HRA241222,Male,Akash Khan,akash.khan@hrhub.co.in,akash.khan,1,Y,80,HRHub Solutions Pvt. Ltd.,Information Technology & Business Services,India,26,26-35,2000-07-27,Married,MBA,Finance,Gujarat,Vadodara,9043612915,Operations,Operations Executive,Travel_Frequently,Work From Office,4.9,2,1,0,2,2024-02-09,43750,3-6 LPA,15,0,2,1,1,4,1,6,1.0,No,No,No
HRA241223,Female,Deepika Sinha,deepika.sinha@hrhub.co.in,deepika.sinha,1,Y,80,HRHub Solutions Pvt. Ltd.,Information Technology & Business Services,India,34,26-35,1992-07-29,Divorced,PhD,Computer Science,Tamil Nadu,Chennai,9067416712,Finance,Finance Executive,Travel_Rarely,Work From Office,12.4,11,9,5,9,2016-08-11,122700,10+ LPA,17,3,3,4,2,3,2,6,7.0,Yes,No,No
HRA241224,Male,Nikhil Sharma,nikhil.sharma@hrhub.co.in,nikhil.sharma,1,Y,80,HRHub Solutions Pvt. Ltd.,Information Technology & Business Services,India,47,46-55,1979-08-02,Married,Diploma,Electrical,Gujarat,Surat,9371089733,Sales,Sales Manager,Travel_Frequently,Remote,20.3,20,0,8,10,2008-09-19,180900,10+ LPA,7,2,4,3,2,1,4,3,2.0,No,Yes,No
HRA241225,Female,Tanvi Gupta,tanvi.gupta@hrhub.co.in,tanvi.gupta,1,Y,80,HRHub Solutions Pvt. Ltd.,Information Technology & Business Services,India,36,36-45,1990-07-30,Single,PhD,Management,Rajasthan,Udaipur,9839974135,Finance,Accountant,Non-Travel,Work From Office,10.2,4,3,2,4,2018-10-24,101900,10+ LPA,23,3,4,2,4,1,1,1,4.0,No,No,No
HRA241226,Male,Aditya Jain,aditya.jain@hrhub.co.in,aditya.jain,1,Y,80,HRHub Solutions Pvt. Ltd.,Information Technology & Business Services,India,50,46-55,1976-08-02,Single,Diploma,Electrical,Karnataka,Bengaluru,9297974452,IT,Network Engineer,Travel_Frequently,Work From Office,11.1,2,2,1,0,2017-11-29,121200,10+ LPA,11,3,3,2,4,2,1,1,0.0,No,No,No
HRA241227,Male,Shubham Gupta,shubham.gupta@hrhub.co.in,shubham.gupta,1,Y,80,HRHub Solutions Pvt. Ltd.,Information Technology & Business Services,India,49,46-55,1977-08-02,Married,MBA,Human Resources,Delhi,New Delhi,9836454827,Finance,Finance Executive,Travel_Rarely,Work From Office,23.2,20,3,6,12,2005-10-26,133450,10+ LPA,23,3,4,1,1,2,4,4,10.0,Yes,Yes,No
HRA241228,Female,Sonali Banerjee,sonali.banerjee@hrhub.co.in,sonali.banerjee,1,Y,80,HRHub Solutions Pvt. Ltd.,Information Technology & Business Services,India,55,46-55,1971-08-04,Single,Diploma,Mechanical,Gujarat,Vadodara,9563252588,Marketing,Digital Marketing Specialist,Travel_Frequently,Work From Office,30.3,29,4,10,9,1998-09-22,128050,10+ LPA,11,0,3,3,1,4,2,0,3.0,No,No,No
HRA241229,Female,Pooja Singh,pooja.singh@hrhub.co.in,pooja.singh,1,Y,80,HRHub Solutions Pvt. Ltd.,Information Technology & Business Services,India,53,46-55,1973-08-03,Single,Master,Finance,Tamil Nadu,Madurai,9936594557,Administration,Office Administrator,Non-Travel,Hybrid,14.8,7,5,1,7,2014-03-19,97150,10+ LPA,15,3,3,4,3,1,3,4,2.0,No,No,No
HRA241230,Male,Aarav Bose,aarav.bose@hrhub.co.in,aarav.bose,1,Y,80,HRHub Solutions Pvt. Ltd.,Information Technology & Business Services,India,60,55+,1966-08-05,Single,High School,General Education,West Bengal,Durgapur,9107963669,Administration,Office Administrator,Travel_Rarely,Work From Office,37.7,12,2,5,8,1991-05-01,172400,10+ LPA,10,0,2,3,2,3,3,1,0.0,No,Yes,No
HRA241231,Male,Ayush Khan,ayush.khan@hrhub.co.in,ayush.khan,1,Y,80,HRHub Solutions Pvt. Ltd.,Information Technology & Business Services,India,26,26-35,2000-07-27,Married,Diploma,Electrical,Rajasthan,Jodhpur,9285578679,IT,Data Analyst,Travel_Frequently,Work From Office,1.2,1,1,0,0,2027-10-21,24000,0-3 LPA,5,2,3,2,3,2,3,6,1.0,No,Yes,No
HRA241232,Male,Varun Sharma,varun.sharma@hrhub.co.in,varun.sharma,1,Y,80,HRHub Solutions Pvt. Ltd.,Information Technology & Business Services,India,31,26-35,1995-07-29,Married,Bachelor,Finance,Maharashtra,Nagpur,9191650929,Marketing,Content Strategist,Travel_Rarely,Hybrid,3.5,0,0,0,0,2025-07-04,36850,3-6 LPA,25,1,3,3,1,1,2,4,3.5,No,No,No
HRA241233,Female,Deepika Joshi,deepika.joshi@hrhub.co.in,deepika.joshi,1,Y,80,HRHub Solutions Pvt. Ltd.,Information Technology & Business Services,India,56,55+,1970-08-04,Married,Bachelor,Commerce,Uttar Pradesh,Noida,9719224782,Finance,Accountant,Travel_Frequently,Work From Office,4.9,4,4,0,3,2024-02-09,51050,6-10 LPA,9,1,4,1,4,3,2,5,4.9,No,Yes,No
HRA241234,Male,Amit Sinha,amit.sinha@hrhub.co.in,amit.sinha,1,Y,80,HRHub Solutions Pvt. Ltd.,Information Technology & Business Services,India,26,26-35,2000-07-27,Single,Master,Business Administration,West Bengal,Durgapur,9148022983,Operations,Supply Chain Coordinator,Travel_Rarely,Work From Office,1.3,1,1,0,0,2027-09-15,36150,3-6 LPA,5,2,3,3,2,2,2,6,1.3,No,No,Yes
HRA241235,Female,Shreya Saha,shreya.saha@hrhub.co.in,shreya.saha,1,Y,80,HRHub Solutions Pvt. Ltd.,Information Technology & Business Services,India,28,26-35,1998-07-28,Married,High School,General Education,Tamil Nadu,Madurai,9528592344,IT,Data Analyst,Travel_Frequently,Work From Office,0.6,0,0,0,0,2028-05-27,25250,3-6 LPA,20,1,3,2,4,2,1,5,0.6,No,No,No
HRA241236,Male,Pranav Saha,pranav.saha@hrhub.co.in,pranav.saha,1,Y,80,HRHub Solutions Pvt. Ltd.,Information Technology & Business Services,India,45,36-45,1981-08-01,Single,Master,Business Administration,Gujarat,Surat,9671230167,Human Resources,HR Executive,Non-Travel,Work From Office,2.5,0,0,0,0,2026-07-04,41400,3-6 LPA,18,3,4,3,3,2,2,4,2.5,No,No,No
HRA241237,Male,Mohit Mishra,mohit.mishra@hrhub.co.in,mohit.mishra,1,Y,80,HRHub Solutions Pvt. Ltd.,Information Technology & Business Services,India,33,26-35,1993-07-29,Single,MBA,Operations,Rajasthan,Jodhpur,9328233177,IT,Data Analyst,Travel_Rarely,Work From Office,7.1,3,1,1,2,2021-11-28,76950,6-10 LPA,7,3,3,3,3,4,3,4,7.0,No,Yes,No
HRA241238,Female,Nikita Singh,nikita.singh@hrhub.co.in,nikita.singh,1,Y,80,HRHub Solutions Pvt. Ltd.,Information Technology & Business Services,India,21,18-25,2005-07-26,Married,Master,Business Administration,Gujarat,Ahmedabad,9756638623,Finance,Finance Executive,Travel_Rarely,Work From Office,0.0,0,0,0,0,2029-01-01,38600,3-6 LPA,5,2,3,3,4,4,1,1,0.0,No,Yes,No
HRA241239,Male,Ankit Khan,ankit.khan@hrhub.co.in,ankit.khan,1,Y,80,HRHub Solutions Pvt. Ltd.,Information Technology & Business Services,India,38,36-45,1988-07-30,Single,MBA,Finance,Uttar Pradesh,Kanpur,9463295146,IT,System Administrator,Travel_Rarely,Work From Office,2.6,0,0,0,0,2026-05-28,41200,3-6 LPA,13,1,3,4,2,3,1,3,2.6,No,No,No
HRA241240,Female,Shreya Jain,shreya.jain@hrhub.co.in,shreya.jain,1,Y,80,HRHub Solutions Pvt. Ltd.,Information Technology & Business Services,India,54,46-55,1972-08-03,Single,Bachelor,Marketing,Delhi,New Delhi,9821181485,Administration,Administrative Executive,Travel_Rarely,Work From Office,19.1,13,3,2,10,2009-12-01,178050,10+ LPA,13,0,3,1,2,3,4,5,9.0,No,Yes,Yes
HRA241241,Female,Shreya Sinha,shreya.sinha@hrhub.co.in,shreya.sinha,1,Y,80,HRHub Solutions Pvt. Ltd.,Information Technology & Business Services,India,31,26-35,1995-07-29,Married,PhD,Finance,Kerala,Kozhikode,9179229398,Marketing,Content Strategist,Travel_Frequently,Remote,7.5,5,2,0,1,2021-07-05,72750,6-10 LPA,19,3,1,3,1,2,4,0,7.5,Yes,No,No
HRA241242,Female,Deepika Kapoor,deepika.kapoor@hrhub.co.in,deepika.kapoor,1,Y,80,HRHub Solutions Pvt. Ltd.,Information Technology & Business Services,India,48,46-55,1978-08-02,Married,PhD,Management,Kerala,Kochi,9534975744,Human Resources,HR Executive,Travel_Rarely,Work From Office,9.6,8,4,2,5,2019-05-30,63450,6-10 LPA,15,3,2,2,1,4,1,2,9.6,No,Yes,No
HRA241243,Female,Kavya Gupta,kavya.gupta@hrhub.co.in,kavya.gupta,1,Y,80,HRHub Solutions Pvt. Ltd.,Information Technology & Business Services,India,40,36-45,1986-07-31,Married,High School,General Education,Karnataka,Mysuru,9029727202,Marketing,Digital Marketing Specialist,Travel_Rarely,Work From Office,5.5,4,3,0,3,2023-07-05,58050,6-10 LPA,9,2,3,2,3,1,4,2,5.5,Yes,Yes,No
HRA241244,Male,Sumit Das,sumit.das@hrhub.co.in,sumit.das,1,Y,80,HRHub Solutions Pvt. Ltd.,Information Technology & Business Services,India,59,55+,1967-08-05,Single,MBA,Human Resources,Tamil Nadu,Coimbatore,9551737234,Finance,Finance Executive,Travel_Rarely,Work From Office,7.7,2,1,1,1,2021-04-23,75200,6-10 LPA,18,3,4,2,4,4,2,4,7.0,No,No,No
HRA241245,Female,Sonali Joshi,sonali.joshi@hrhub.co.in,sonali.joshi,1,Y,80,HRHub Solutions Pvt. Ltd.,Information Technology & Business Services,India,30,26-35,1996-07-28,Married,Diploma,Civil,Kerala,Kozhikode,9181580849,Operations,Supply Chain Coordinator,Non-Travel,Work From Office,2.5,1,1,0,1,2026-07-04,45850,3-6 LPA,19,1,3,4,2,3,2,1,1.0,No,No,No
HRA241246,Male,Deepak Nair,deepak.nair@hrhub.co.in,deepak.nair,1,Y,80,HRHub Solutions Pvt. Ltd.,Information Technology & Business Services,India,41,36-45,1985-07-31,Married,PhD,Computer Science,Telangana,Hyderabad,9432699537,Sales,Sales Manager,Travel_Rarely,Hybrid,13.7,4,0,2,0,2015-04-25,168100,10+ LPA,25,0,4,2,3,3,4,0,3.0,No,No,No
HRA241247,Male,Akash Reddy,akash.reddy@hrhub.co.in,akash.reddy,1,Y,80,HRHub Solutions Pvt. Ltd.,Information Technology & Business Services,India,29,26-35,1997-07-28,Single,Bachelor,Marketing,Kerala,Kozhikode,9289821744,Marketing,Digital Marketing Specialist,Travel_Rarely,Work From Office,7.7,6,3,1,6,2021-04-23,72800,6-10 LPA,8,0,2,4,1,4,2,5,0.0,Yes,Yes,No
HRA241248,Female,Anusha Rao,anusha.rao@hrhub.co.in,anusha.rao,1,Y,80,HRHub Solutions Pvt. Ltd.,Information Technology & Business Services,India,26,26-35,2000-07-27,Single,PhD,Finance,Maharashtra,Nagpur,9446750750,Sales,Sales Manager,Travel_Rarely,Work From Office,0.7,0,0,0,0,2028-04-21,58800,6-10 LPA,17,3,3,4,3,3,1,3,0.7,No,Yes,No
HRA241249,Female,Vaishnavi Chatterjee,vaishnavi.chatterjee@hrhub.co.in,vaishnavi.chatterjee,1,Y,80,HRHub Solutions Pvt. Ltd.,Information Technology & Business Services,India,24,18-25,2002-07-27,Married,Master,Marketing,Kerala,Thiruvananthapuram,9939110989,Operations,Supply Chain Coordinator,Travel_Rarely,Work From Office,2.6,2,0,1,0,2026-05-28,50800,6-10 LPA,18,3,3,2,1,3,3,0,2.6,No,No,Yes
HRA241250,Female,Harini Patel,harini.patel@hrhub.co.in,harini.patel,1,Y,80,HRHub Solutions Pvt. Ltd.,Information Technology & Business Services,India,32,26-35,1994-07-29,Married,Diploma,Mechanical,Maharashtra,Pune,9136591061,Marketing,Marketing Executive,Travel_Rarely,Work From Office,6.7,3,2,1,3,2022-04-23,56700,6-10 LPA,20,1,4,3,3,3,1,0,6.7,Yes,No,No
HRA241251,Female,Priya Agarwal,priya.agarwal@hrhub.co.in,priya.agarwal,1,Y,80,HRHub Solutions Pvt. Ltd.,Information Technology & Business Services,India,28,26-35,1998-07-28,Married,MBA,Marketing,Kerala,Kochi,9147622898,Marketing,Content Strategist,Travel_Rarely,Work From Office,3.9,1,0,0,1,2025-02-08,49950,3-6 LPA,19,2,3,2,4,3,2,4,3.9,No,No,No
HRA241252,Female,Shreya Rao,shreya.rao@hrhub.co.in,shreya.rao,1,Y,80,HRHub Solutions Pvt. Ltd.,Information Technology & Business Services,India,59,55+,1967-08-05,Married,Diploma,Mechanical,Rajasthan,Jodhpur,9966727185,Sales,Sales Executive,Travel_Frequently,Remote,26.8,9,6,1,5,2002-03-22,178600,10+ LPA,22,0,3,1,3,4,1,3,3.0,No,No,No
HRA241253,Male,Sandeep Patel,sandeep.patel@hrhub.co.in,sandeep.patel,1,Y,80,HRHub Solutions Pvt. Ltd.,Information Technology & Business Services,India,23,18-25,2003-07-27,Single,Master,Finance,Tamil Nadu,Madurai,9380118038,Operations,Operations Manager,Travel_Rarely,Work From Office,0.1,0,0,0,0,2028-11-26,78300,6-10 LPA,8,2,3,2,2,1,3,4,0.0,Yes,No,No
HRA241254,Male,Ankit Kumar,ankit.kumar@hrhub.co.in,ankit.kumar,1,Y,80,HRHub Solutions Pvt. Ltd.,Information Technology & Business Services,India,52,46-55,1974-08-03,Single,Master,Computer Science,West Bengal,Kolkata,9377994505,Sales,Sales Manager,Non-Travel,Hybrid,18.3,5,5,0,1,2010-09-19,199100,10+ LPA,23,3,4,3,2,2,1,2,10.0,No,No,No
HRA241255,Female,Riya Singh,riya.singh@hrhub.co.in,riya.singh,1,Y,80,HRHub Solutions Pvt. Ltd.,Information Technology & Business Services,India,40,36-45,1986-07-31,Married,High School,General Education,Maharashtra,Nagpur,9937329729,Sales,Sales Executive,Travel_Frequently,Work From Office,14.8,10,2,3,8,2014-03-19,89500,10+ LPA,8,2,4,2,3,3,1,3,10.0,No,No,No
HRA241256,Female,Khushi Banerjee,khushi.banerjee@hrhub.co.in,khushi.banerjee,1,Y,80,HRHub Solutions Pvt. Ltd.,Information Technology & Business Services,India,48,46-55,1978-08-02,Married,Diploma,Computer,Maharashtra,Pune,9711327235,IT,Network Engineer,Travel_Rarely,Work From Office,15.1,5,5,0,5,2013-11-30,158550,10+ LPA,14,2,3,4,3,3,2,0,1.0,No,Yes,No
HRA241257,Male,Pranav Chatterjee,pranav.chatterjee@hrhub.co.in,pranav.chatterjee,1,Y,80,HRHub Solutions Pvt. Ltd.,Information Technology & Business Services,India,54,46-55,1972-08-03,Married,High School,General Education,Maharashtra,Pune,9127771910,Administration,Administrative Executive,Travel_Rarely,Work From Office,17.4,17,4,1,5,2011-08-14,149150,10+ LPA,9,3,3,4,3,3,2,4,3.0,No,No,No
HRA241258,Female,Ishita Gupta,ishita.gupta@hrhub.co.in,ishita.gupta,1,Y,80,HRHub Solutions Pvt. Ltd.,Information Technology & Business Services,India,58,55+,1968-08-04,Single,Diploma,Electrical,Maharashtra,Nagpur,9485111608,Operations,Supply Chain Coordinator,Travel_Rarely,Hybrid,28.5,3,3,1,2,2000-07-10,173700,10+ LPA,5,1,3,1,2,2,3,1,4.0,No,No,No
HRA241259,Male,Amit Nair,amit.nair@hrhub.co.in,amit.nair,1,Y,80,HRHub Solutions Pvt. Ltd.,Information Technology & Business Services,India,29,26-35,1997-07-28,Married,Diploma,Mechanical,Gujarat,Vadodara,9567192012,Human Resources,Talent Acquisition Specialist,Non-Travel,Hybrid,0.9,0,0,0,0,2028-02-08,34700,3-6 LPA,11,3,2,1,4,2,1,2,0.9,No,No,No
HRA241260,Male,Sumit Saha,sumit.saha@hrhub.co.in,sumit.saha,1,Y,80,HRHub Solutions Pvt. Ltd.,Information Technology & Business Services,India,59,55+,1967-08-05,Married,Master,Finance,Telangana,Warangal,9191320585,Finance,Financial Analyst,Travel_Rarely,Remote,20.2,16,1,4,16,2008-10-25,142950,10+ LPA,25,3,3,3,2,2,2,3,9.0,No,Yes,No
HRA241261,Female,Vidya Mukherjee,vidya.mukherjee@hrhub.co.in,vidya.mukherjee,1,Y,80,HRHub Solutions Pvt. Ltd.,Information Technology & Business Services,India,29,26-35,1997-07-28,Single,MBA,Finance,Kerala,Kochi,9257378210,Human Resources,HR Business Partner,Travel_Rarely,Remote,5.6,1,0,0,1,2023-05-30,62400,6-10 LPA,16,3,3,1,3,3,2,2,3.0,No,No,No
HRA241262,Male,Vivek Mishra,vivek.mishra@hrhub.co.in,vivek.mishra,1,Y,80,HRHub Solutions Pvt. Ltd.,Information Technology & Business Services,India,48,46-55,1978-08-02,Single,Diploma,Civil,Gujarat,Surat,9740449927,Administration,Office Administrator,Travel_Rarely,Work From Office,5.3,4,0,2,3,2023-09-16,68850,6-10 LPA,22,0,3,1,4,3,4,3,3.0,No,No,No
HRA241263,Female,Tanvi Patel,tanvi.patel@hrhub.co.in,tanvi.patel,1,Y,80,HRHub Solutions Pvt. Ltd.,Information Technology & Business Services,India,53,46-55,1973-08-03,Single,High School,General Education,West Bengal,Howrah,9390532159,Sales,Sales Manager,Travel_Rarely,Work From Office,25.4,0,0,0,0,2003-08-15,209100,10+ LPA,20,0,3,3,3,3,2,4,3.0,No,Yes,No
HRA241264,Male,Raj Roy,raj.roy@hrhub.co.in,raj.roy,1,Y,80,HRHub Solutions Pvt. Ltd.,Information Technology & Business Services,India,44,36-45,1982-08-01,Single,PhD,Computer Science,Gujarat,Ahmedabad,9822753495,Sales,Business Development Executive,Travel_Frequently,Work From Office,10.7,4,2,2,1,2018-04-24,111100,10+ LPA,10,1,4,1,2,2,3,3,7.0,No,No,Yes
HRA241265,Male,Varun Das,varun.das@hrhub.co.in,varun.das,1,Y,80,HRHub Solutions Pvt. Ltd.,Information Technology & Business Services,India,26,26-35,2000-07-27,Married,Bachelor,Finance,Karnataka,Bengaluru,9418734777,Marketing,Digital Marketing Specialist,Travel_Rarely,Work From Office,2.3,2,1,0,1,2026-09-15,41050,3-6 LPA,7,3,4,1,1,1,3,1,2.3,Yes,No,Yes
HRA241266,Male,Vikas Singh,vikas.singh@hrhub.co.in,vikas.singh,1,Y,80,HRHub Solutions Pvt. Ltd.,Information Technology & Business Services,India,59,55+,1967-08-05,Married,Master,Computer Science,Delhi,New Delhi,9631789023,IT,Network Engineer,Travel_Rarely,Work From Office,34.8,14,6,6,9,1994-03-25,140250,10+ LPA,22,3,3,1,1,4,3,2,3.0,No,No,No
HRA241267,Male,Sandeep Nair,sandeep.nair@hrhub.co.in,sandeep.nair,1,Y,80,HRHub Solutions Pvt. Ltd.,Information Technology & Business Services,India,37,36-45,1989-07-30,Single,MBA,Marketing,Delhi,New Delhi,9643035901,Marketing,Marketing Executive,Travel_Rarely,Remote,2.5,0,0,0,0,2026-07-04,43600,3-6 LPA,12,0,2,1,3,3,4,5,2.5,No,No,No
HRA241268,Female,Sonali Jain,sonali.jain@hrhub.co.in,sonali.jain,1,Y,80,HRHub Solutions Pvt. Ltd.,Information Technology & Business Services,India,43,36-45,1983-08-01,Married,Master,Human Resources,Tamil Nadu,Coimbatore,9521808595,Human Resources,HR Business Partner,Travel_Rarely,Work From Office,11.9,1,0,0,1,2017-02-10,84900,10+ LPA,5,0,4,1,3,3,2,6,7.0,No,No,No
HRA241269,Male,Arjun Joshi,arjun.joshi@hrhub.co.in,arjun.joshi,1,Y,80,HRHub Solutions Pvt. Ltd.,Information Technology & Business Services,India,27,26-35,1999-07-28,Married,Bachelor,Information Technology,Tamil Nadu,Chennai,9842435048,Administration,Administrative Executive,Travel_Rarely,Work From Office,4.1,4,1,0,4,2024-11-27,44000,3-6 LPA,23,1,4,2,3,4,2,3,2.0,No,No,No
HRA241270,Male,Nikhil Jain,nikhil.jain@hrhub.co.in,nikhil.jain,1,Y,80,HRHub Solutions Pvt. Ltd.,Information Technology & Business Services,India,53,46-55,1973-08-03,Single,PhD,Finance,Telangana,Hyderabad,9908063425,Marketing,Digital Marketing Specialist,Non-Travel,Work From Office,5.2,1,1,0,1,2023-10-22,59150,6-10 LPA,23,3,3,3,1,2,3,2,5.0,No,No,No
HRA241271,Male,Gaurav Singh,gaurav.singh@hrhub.co.in,gaurav.singh,1,Y,80,HRHub Solutions Pvt. Ltd.,Information Technology & Business Services,India,27,26-35,1999-07-28,Single,High School,General Education,Kerala,Kozhikode,9695280707,Operations,Supply Chain Coordinator,Non-Travel,Work From Office,3.1,2,2,1,2,2025-11-27,40600,3-6 LPA,19,1,3,2,3,3,1,3,3.1,No,Yes,No
HRA241272,Female,Priya Banerjee,priya.banerjee@hrhub.co.in,priya.banerjee,1,Y,80,HRHub Solutions Pvt. Ltd.,Information Technology & Business Services,India,57,55+,1969-08-04,Married,Master,Finance,Rajasthan,Jodhpur,9391128110,Administration,Facility Coordinator,Travel_Frequently,Hybrid,8.4,8,0,2,2,2020-08-10,50500,6-10 LPA,18,1,3,2,3,2,3,2,0.0,No,No,No
HRA241273,Male,Arjun Bose,arjun.bose@hrhub.co.in,arjun.bose,1,Y,80,HRHub Solutions Pvt. Ltd.,Information Technology & Business Services,India,46,46-55,1980-08-01,Married,Master,Finance,Maharashtra,Pune,9447227643,Marketing,Marketing Executive,Travel_Rarely,Work From Office,14.0,12,11,6,7,2015-01-05,105350,10+ LPA,23,1,4,4,1,3,3,4,5.0,No,No,No
HRA241274,Female,Deepika Sinha,deepika.sinha@hrhub.co.in,deepika.sinha,1,Y,80,HRHub Solutions Pvt. Ltd.,Information Technology & Business Services,India,42,36-45,1984-07-31,Single,Master,Business Administration,Uttar Pradesh,Kanpur,9168775411,Marketing,Digital Marketing Specialist,Travel_Frequently,Work From Office,3.5,3,2,1,3,2025-07-04,41350,3-6 LPA,8,3,3,1,2,4,4,6,3.5,No,No,No
HRA241275,Male,Amit Singh,amit.singh@hrhub.co.in,amit.singh,1,Y,80,HRHub Solutions Pvt. Ltd.,Information Technology & Business Services,India,58,55+,1968-08-04,Married,Master,Finance,Maharashtra,Pune,9523191343,Operations,Operations Manager,Travel_Rarely,Remote,17.9,13,13,3,13,2011-02-12,190150,10+ LPA,14,1,2,4,4,4,3,2,0.0,No,No,No
HRA241276,Male,Harsh Joshi,harsh.joshi@hrhub.co.in,harsh.joshi,1,Y,80,HRHub Solutions Pvt. Ltd.,Information Technology & Business Services,India,28,26-35,1998-07-28,Single,Diploma,Mechanical,Kerala,Kozhikode,9016744361,Marketing,Marketing Executive,Travel_Rarely,Work From Office,3.6,1,1,0,1,2025-05-28,54850,6-10 LPA,22,1,3,1,2,3,2,6,3.6,No,No,No
HRA241277,Male,Arjun Bose,arjun.bose@hrhub.co.in,arjun.bose,1,Y,80,HRHub Solutions Pvt. Ltd.,Information Technology & Business Services,India,48,46-55,1978-08-02,Married,Master,Computer Science,West Bengal,Howrah,9383697791,Sales,Sales Executive,Travel_Rarely,Remote,17.9,4,0,2,4,2011-02-12,153550,10+ LPA,16,1,4,3,1,4,3,4,1.0,No,No,No
HRA241278,Male,Manish Gupta,manish.gupta@hrhub.co.in,manish.gupta,1,Y,80,HRHub Solutions Pvt. Ltd.,Information Technology & Business Services,India,37,36-45,1989-07-30,Single,Bachelor,Marketing,Karnataka,Bengaluru,9952361377,Human Resources,HR Executive,Travel_Rarely,Work From Office,13.3,12,1,1,5,2015-09-18,100300,10+ LPA,17,2,3,4,3,2,2,0,1.0,No,No,No
HRA241279,Male,Sahil Shah,sahil.shah@hrhub.co.in,sahil.shah,1,Y,80,HRHub Solutions Pvt. Ltd.,Information Technology & Business Services,India,27,26-35,1999-07-28,Married,High School,General Education,Uttar Pradesh,Lucknow,9839540635,Administration,Administrative Executive,Travel_Rarely,Work From Office,1.9,0,0,0,0,2027-02-08,27150,3-6 LPA,11,0,3,4,1,4,3,5,1.9,Yes,No,Yes
HRA241280,Female,Ananya Nair,ananya.nair@hrhub.co.in,ananya.nair,1,Y,80,HRHub Solutions Pvt. Ltd.,Information Technology & Business Services,India,42,36-45,1984-07-31,Single,Diploma,Mechanical,Tamil Nadu,Madurai,9078243361,IT,Software Engineer,Travel_Frequently,Hybrid,19.3,1,0,0,0,2009-09-19,156700,10+ LPA,22,1,3,1,4,2,2,6,4.0,No,No,Yes
HRA241281,Female,Khushi Roy,khushi.roy@hrhub.co.in,khushi.roy,1,Y,80,HRHub Solutions Pvt. Ltd.,Information Technology & Business Services,India,41,36-45,1985-07-31,Single,Master,Marketing,Uttar Pradesh,Kanpur,9897644331,Operations,Operations Executive,Travel_Rarely,Work From Office,7.5,0,0,0,0,2021-07-05,74050,6-10 LPA,20,3,2,3,1,3,1,4,7.5,No,No,No
HRA241282,Male,Karan Agarwal,karan.agarwal@hrhub.co.in,karan.agarwal,1,Y,80,HRHub Solutions Pvt. Ltd.,Information Technology & Business Services,India,49,46-55,1977-08-02,Married,Bachelor,Information Technology,Uttar Pradesh,Lucknow,9350206723,Operations,Supply Chain Coordinator,Travel_Frequently,Remote,14.8,4,3,2,3,2014-03-19,117100,10+ LPA,20,0,3,2,4,3,4,4,10.0,No,No,No
HRA241283,Male,Raj Bose,raj.bose@hrhub.co.in,raj.bose,1,Y,80,HRHub Solutions Pvt. Ltd.,Information Technology & Business Services,India,27,26-35,1999-07-28,Married,Master,Human Resources,Uttar Pradesh,Noida,9024912469,Administration,Office Administrator,Travel_Rarely,Hybrid,4.6,0,0,0,0,2024-05-29,32300,3-6 LPA,7,3,3,1,1,1,2,0,4.6,No,No,No
HRA241284,Male,Ayush Ghosh,ayush.ghosh@hrhub.co.in,ayush.ghosh,1,Y,80,HRHub Solutions Pvt. Ltd.,Information Technology & Business Services,India,59,55+,1967-08-05,Single,Master,Marketing,Karnataka,Mysuru,9670312869,Sales,Sales Executive,Travel_Frequently,Hybrid,4.6,3,2,0,2,2024-05-29,46650,3-6 LPA,21,2,4,4,2,2,2,1,1.0,No,No,No
HRA241285,Male,Pranav Khan,pranav.khan@hrhub.co.in,pranav.khan,1,Y,80,HRHub Solutions Pvt. Ltd.,Information Technology & Business Services,India,47,46-55,1979-08-02,Married,High School,General Education,Uttar Pradesh,Kanpur,9941264288,IT,Network Engineer,Travel_Rarely,Hybrid,6.1,3,3,1,3,2022-11-28,75550,6-10 LPA,8,3,3,4,1,1,3,3,6.0,No,Yes,No
HRA241286,Female,Tanvi Bose,tanvi.bose@hrhub.co.in,tanvi.bose,1,Y,80,HRHub Solutions Pvt. Ltd.,Information Technology & Business Services,India,24,18-25,2002-07-27,Married,MBA,Human Resources,West Bengal,Howrah,9653306773,Marketing,Content Strategist,Travel_Rarely,Work From Office,1.4,1,1,0,0,2027-08-10,28500,3-6 LPA,10,3,3,4,1,3,3,0,1.4,No,No,No
HRA241287,Male,Akash Sinha,akash.sinha@hrhub.co.in,akash.sinha,1,Y,80,HRHub Solutions Pvt. Ltd.,Information Technology & Business Services,India,53,46-55,1973-08-03,Single,Bachelor,Commerce,Telangana,Warangal,9803567611,Human Resources,HR Business Partner,Travel_Rarely,Work From Office,17.2,6,2,1,1,2011-10-25,167250,10+ LPA,16,1,4,4,1,1,4,6,3.0,Yes,No,No
HRA241288,Male,Vikas Ghosh,vikas.ghosh@hrhub.co.in,vikas.ghosh,1,Y,80,HRHub Solutions Pvt. Ltd.,Information Technology & Business Services,India,21,18-25,2005-07-26,Divorced,MBA,Finance,Rajasthan,Jaipur,9691248971,Operations,Operations Executive,Travel_Frequently,Work From Office,0.0,0,0,0,0,2029-01-01,32650,3-6 LPA,9,2,4,2,3,1,3,0,0.0,No,Yes,No
HRA241289,Male,Vikas Rao,vikas.rao@hrhub.co.in,vikas.rao,1,Y,80,HRHub Solutions Pvt. Ltd.,Information Technology & Business Services,India,22,18-25,2004-07-26,Married,High School,General Education,Uttar Pradesh,Kanpur,9724174226,Human Resources,HR Business Partner,Travel_Rarely,Work From Office,0.9,0,0,0,0,2028-02-08,34000,3-6 LPA,8,1,3,3,1,4,1,2,0.9,No,No,No
HRA241290,Male,Rahul Khan,rahul.khan@hrhub.co.in,rahul.khan,1,Y,80,HRHub Solutions Pvt. Ltd.,Information Technology & Business Services,India,54,46-55,1972-08-03,Single,Bachelor,Marketing,Uttar Pradesh,Noida,9535597879,Marketing,Digital Marketing Specialist,Travel_Rarely,Hybrid,17.2,13,6,6,4,2011-10-25,138950,10+ LPA,19,2,3,2,3,3,1,6,7.0,No,Yes,No
HRA241291,Female,Riya Mukherjee,riya.mukherjee@hrhub.co.in,riya.mukherjee,1,Y,80,HRHub Solutions Pvt. Ltd.,Information Technology & Business Services,India,41,36-45,1985-07-31,Single,Diploma,Mechanical,Maharashtra,Mumbai,9735810790,Finance,Financial Analyst,Travel_Rarely,Work From Office,9.5,0,0,0,0,2019-07-06,67450,6-10 LPA,7,2,3,3,3,3,1,0,9.5,No,No,No
HRA241292,Male,Gaurav Sen,gaurav.sen@hrhub.co.in,gaurav.sen,1,Y,80,HRHub Solutions Pvt. Ltd.,Information Technology & Business Services,India,46,46-55,1980-08-01,Married,MBA,Marketing,Karnataka,Hubballi,9457543170,IT,Network Engineer,Travel_Frequently,Work From Office,9.7,6,0,3,4,2019-04-24,77550,6-10 LPA,19,1,3,4,2,1,2,2,3.0,No,No,Yes
HRA241293,Female,Kavya Jain,kavya.jain@hrhub.co.in,kavya.jain,1,Y,80,HRHub Solutions Pvt. Ltd.,Information Technology & Business Services,India,22,18-25,2004-07-26,Single,PhD,Management,Maharashtra,Pune,9049222406,Sales,Sales Manager,Travel_Frequently,Work From Office,0.9,0,0,0,0,2028-02-08,63700,6-10 LPA,19,3,3,1,1,2,2,0,0.9,No,No,No
HRA241294,Female,Ritika Banerjee,ritika.banerjee@hrhub.co.in,ritika.banerjee,1,Y,80,HRHub Solutions Pvt. Ltd.,Information Technology & Business Services,India,47,46-55,1979-08-02,Married,Master,Marketing,Gujarat,Vadodara,9313129785,Human Resources,HR Executive,Travel_Rarely,Remote,13.7,9,3,4,8,2015-04-25,117350,10+ LPA,25,3,4,1,2,3,3,2,3.0,No,No,No
HRA241295,Male,Mohit Verma,mohit.verma@hrhub.co.in,mohit.verma,1,Y,80,HRHub Solutions Pvt. Ltd.,Information Technology & Business Services,India,60,55+,1966-08-05,Single,Bachelor,Human Resources,Rajasthan,Jaipur,9817869772,Sales,Business Development Executive,Travel_Rarely,Remote,29.9,13,0,2,1,1999-02-15,174200,10+ LPA,5,1,3,2,3,2,3,1,5.0,No,Yes,No
HRA241296,Female,Harini Bose,harini.bose@hrhub.co.in,harini.bose,1,Y,80,HRHub Solutions Pvt. Ltd.,Information Technology & Business Services,India,51,46-55,1975-08-03,Single,High School,General Education,Delhi,New Delhi,9166593735,Administration,Office Administrator,Travel_Rarely,Work From Office,1.3,1,0,0,1,2027-09-15,21250,0-3 LPA,5,0,3,3,3,1,2,1,1.3,No,Yes,No
HRA241297,Female,Anjali Kumar,anjali.kumar@hrhub.co.in,anjali.kumar,1,Y,80,HRHub Solutions Pvt. Ltd.,Information Technology & Business Services,India,59,55+,1967-08-05,Divorced,PhD,Computer Science,Gujarat,Ahmedabad,9528548959,Marketing,Digital Marketing Specialist,Travel_Frequently,Work From Office,36.9,26,20,9,25,1992-02-17,175700,10+ LPA,9,0,4,4,4,1,1,5,8.0,No,No,No
HRA241298,Female,Deepika Sharma,deepika.sharma@hrhub.co.in,deepika.sharma,1,Y,80,HRHub Solutions Pvt. Ltd.,Information Technology & Business Services,India,49,46-55,1977-08-02,Divorced,High School,General Education,Kerala,Kozhikode,9042408274,IT,Software Engineer,Travel_Frequently,Work From Office,23.0,9,3,1,7,2006-01-07,138600,10+ LPA,24,0,1,1,4,2,1,6,3.0,No,Yes,Yes
HRA241299,Female,Ananya Mehta,ananya.mehta@hrhub.co.in,ananya.mehta,1,Y,80,HRHub Solutions Pvt. Ltd.,Information Technology & Business Services,India,32,26-35,1994-07-29,Single,Bachelor,Finance,Telangana,Warangal,9300916461,Sales,Business Development Executive,Travel_Frequently,Hybrid,3.4,2,0,0,2,2025-08-09,55400,6-10 LPA,19,2,3,1,3,3,2,6,3.4,No,No,Yes
HRA241300,Male,Sandeep Agarwal,sandeep.agarwal@hrhub.co.in,sandeep.agarwal,1,Y,80,HRHub Solutions Pvt. Ltd.,Information Technology & Business Services,India,30,26-35,1996-07-28,Married,High School,General Education,Gujarat,Surat,9384412632,Operations,Supply Chain Coordinator,Travel_Rarely,Work From Office,5.6,5,3,0,2,2023-05-30,67300,6-10 LPA,17,1,4,4,2,3,2,2,2.0,No,No,No
HRA241301,Female,Kavya Patel,kavya.patel@hrhub.co.in,kavya.patel,1,Y,80,HRHub Solutions Pvt. Ltd.,Information Technology & Business Services,India,20,18-25,2006-07-26,Married,Master,Marketing,Maharashtra,Nagpur,9654592544,Marketing,Digital Marketing Specialist,Travel_Frequently,Work From Office,0.0,0,0,0,0,2029-01-01,27950,3-6 LPA,12,2,3,4,4,1,1,6,0.0,No,No,No
HRA241302,Male,Rahul Banerjee,rahul.banerjee@hrhub.co.in,rahul.banerjee,1,Y,80,HRHub Solutions Pvt. Ltd.,Information Technology & Business Services,India,44,36-45,1982-08-01,Married,High School,General Education,Karnataka,Bengaluru,9197285802,Sales,Sales Executive,Travel_Rarely,Work From Office,17.7,12,4,3,0,2011-04-26,173750,10+ LPA,21,1,3,3,4,4,1,5,1.0,No,No,Yes
HRA241303,Male,Sandeep Gupta,sandeep.gupta@hrhub.co.in,sandeep.gupta,1,Y,80,HRHub Solutions Pvt. Ltd.,Information Technology & Business Services,India,57,55+,1969-08-04,Married,MBA,Finance,Rajasthan,Udaipur,9967504464,Operations,Supply Chain Coordinator,Travel_Rarely,Work From Office,17.9,1,1,0,0,2011-02-12,159000,10+ LPA,19,1,3,1,3,2,4,3,4.0,No,No,No
HRA241304,Male,Harsh Singh,harsh.singh@hrhub.co.in,harsh.singh,1,Y,80,HRHub Solutions Pvt. Ltd.,Information Technology & Business Services,India,39,36-45,1987-07-31,Married,High School,General Education,Rajasthan,Jodhpur,9378498600,Human Resources,HR Business Partner,Travel_Rarely,Work From Office,9.2,8,0,2,5,2019-10-24,53600,6-10 LPA,20,2,3,3,1,1,1,2,9.0,No,No,No
HRA241305,Male,Karan Banerjee,karan.banerjee@hrhub.co.in,karan.banerjee,1,Y,80,HRHub Solutions Pvt. Ltd.,Information Technology & Business Services,India,28,26-35,1998-07-28,Married,Bachelor,Information Technology,Rajasthan,Udaipur,9905973077,IT,Software Engineer,Travel_Rarely,Hybrid,0.7,0,0,0,0,2028-04-21,29050,3-6 LPA,5,0,3,4,4,2,1,5,0.7,No,Yes,No
HRA241306,Female,Neha Bose,neha.bose@hrhub.co.in,neha.bose,1,Y,80,HRHub Solutions Pvt. Ltd.,Information Technology & Business Services,India,34,26-35,1992-07-29,Divorced,PhD,Management,Delhi,New Delhi,9942928406,Human Resources,HR Business Partner,Travel_Rarely,Work From Office,12.9,2,1,1,2,2016-02-11,123900,10+ LPA,24,2,2,4,2,3,4,0,8.0,No,No,No
HRA241307,Female,Harini Jain,harini.jain@hrhub.co.in,harini.jain,1,Y,80,HRHub Solutions Pvt. Ltd.,Information Technology & Business Services,India,26,26-35,2000-07-27,Single,High School,General Education,Karnataka,Bengaluru,9154878970,Marketing,Digital Marketing Specialist,Travel_Rarely,Hybrid,2.4,1,0,0,1,2026-08-09,40750,3-6 LPA,11,2,4,4,2,1,1,4,2.0,No,No,Yes
HRA241308,Male,Karan Agarwal,karan.agarwal@hrhub.co.in,karan.agarwal,1,Y,80,HRHub Solutions Pvt. Ltd.,Information Technology & Business Services,India,51,46-55,1975-08-03,Divorced,Bachelor,Human Resources,Rajasthan,Udaipur,9114163555,IT,System Administrator,Non-Travel,Work From Office,24.4,24,23,7,9,2004-08-14,160350,10+ LPA,16,2,3,4,3,4,4,3,1.0,No,No,No
HRA241309,Female,Kavya Nair,kavya.nair@hrhub.co.in,kavya.nair,1,Y,80,HRHub Solutions Pvt. Ltd.,Information Technology & Business Services,India,47,46-55,1979-08-02,Married,Master,Finance,Delhi,New Delhi,9197575304,Sales,Sales Manager,Travel_Rarely,Hybrid,21.8,8,7,0,3,2007-03-21,187400,10+ LPA,11,3,3,4,1,2,2,5,10.0,No,No,No
HRA241310,Male,Aditya Mukherjee,aditya.mukherjee@hrhub.co.in,aditya.mukherjee,1,Y,80,HRHub Solutions Pvt. Ltd.,Information Technology & Business Services,India,60,55+,1966-08-05,Single,Bachelor,Finance,Gujarat,Surat,9097414174,Human Resources,HR Executive,Travel_Rarely,Hybrid,25.8,21,3,10,10,2003-03-22,161800,10+ LPA,24,1,2,3,4,1,4,2,1.0,No,Yes,No
HRA241311,Female,Shreya Reddy,shreya.reddy@hrhub.co.in,shreya.reddy,1,Y,80,HRHub Solutions Pvt. Ltd.,Information Technology & Business Services,India,37,36-45,1989-07-30,Married,Diploma,Computer,Telangana,Hyderabad,9108974854,Finance,Accountant,Travel_Rarely,Remote,4.8,4,0,0,4,2024-03-16,48850,3-6 LPA,24,0,3,4,1,4,4,1,0.0,No,No,No
HRA241312,Male,Mohit Ghosh,mohit.ghosh@hrhub.co.in,mohit.ghosh,1,Y,80,HRHub Solutions Pvt. Ltd.,Information Technology & Business Services,India,32,26-35,1994-07-29,Married,Diploma,Civil,Karnataka,Mysuru,9134017497,Administration,Office Administrator,Travel_Frequently,Work From Office,0.8,0,0,0,0,2028-03-15,18300,0-3 LPA,21,0,3,4,3,4,4,1,0.8,No,No,No
HRA241313,Male,Pranav Reddy,pranav.reddy@hrhub.co.in,pranav.reddy,1,Y,80,HRHub Solutions Pvt. Ltd.,Information Technology & Business Services,India,31,26-35,1995-07-29,Married,PhD,Management,West Bengal,Howrah,9274704657,Administration,Facility Coordinator,Travel_Rarely,Hybrid,8.6,7,7,0,5,2020-05-29,76300,6-10 LPA,19,3,2,2,1,4,1,6,8.0,No,No,No
HRA241314,Male,Sandeep Ghosh,sandeep.ghosh@hrhub.co.in,sandeep.ghosh,1,Y,80,HRHub Solutions Pvt. Ltd.,Information Technology & Business Services,India,19,18-25,2007-07-26,Married,Diploma,Electrical,Kerala,Thiruvananthapuram,9355325878,Marketing,Digital Marketing Specialist,Travel_Rarely,Hybrid,0.0,0,0,0,0,2029-01-01,37450,3-6 LPA,8,3,3,4,4,3,3,4,0.0,No,No,Yes
HRA241315,Female,Anjali Gupta,anjali.gupta@hrhub.co.in,anjali.gupta,1,Y,80,HRHub Solutions Pvt. Ltd.,Information Technology & Business Services,India,55,46-55,1971-08-04,Married,High School,General Education,Gujarat,Surat,9228974347,IT,Data Analyst,Travel_Rarely,Work From Office,30.6,24,21,7,3,1998-06-04,182150,10+ LPA,24,3,1,2,2,1,4,3,2.0,No,No,No
HRA241316,Female,Anjali Mehta,anjali.mehta@hrhub.co.in,anjali.mehta,1,Y,80,HRHub Solutions Pvt. Ltd.,Information Technology & Business Services,India,41,36-45,1985-07-31,Single,Master,Finance,Rajasthan,Jodhpur,9680561062,Administration,Administrative Executive,Travel_Frequently,Work From Office,3.7,1,0,0,0,2025-04-22,40050,3-6 LPA,7,1,3,4,4,4,4,3,3.0,No,No,No
HRA241317,Male,Aarav Sen,aarav.sen@hrhub.co.in,aarav.sen,1,Y,80,HRHub Solutions Pvt. Ltd.,Information Technology & Business Services,India,50,46-55,1976-08-02,Single,PhD,Computer Science,Rajasthan,Udaipur,9851596981,Finance,Accountant,Travel_Rarely,Work From Office,8.3,5,2,0,5,2020-09-16,65200,6-10 LPA,23,0,2,3,2,4,1,2,4.0,No,No,Yes
HRA241318,Male,Karan Patel,karan.patel@hrhub.co.in,karan.patel,1,Y,80,HRHub Solutions Pvt. Ltd.,Information Technology & Business Services,India,55,46-55,1971-08-04,Single,PhD,Finance,West Bengal,Howrah,9783404665,Administration,Administrative Executive,Non-Travel,Hybrid,22.3,7,2,1,3,2006-09-20,131050,10+ LPA,18,3,3,4,4,2,1,2,2.0,No,Yes,No
HRA241319,Female,Priya Kapoor,priya.kapoor@hrhub.co.in,priya.kapoor,1,Y,80,HRHub Solutions Pvt. Ltd.,Information Technology & Business Services,India,45,36-45,1981-08-01,Divorced,Diploma,Mechanical,Delhi,New Delhi,9660944697,Marketing,Content Strategist,Travel_Rarely,Work From Office,1.2,1,1,0,1,2027-10-21,26200,3-6 LPA,19,3,3,4,2,4,1,4,1.2,No,Yes,No
HRA241320,Male,Rahul Saha,rahul.saha@hrhub.co.in,rahul.saha,1,Y,80,HRHub Solutions Pvt. Ltd.,Information Technology & Business Services,India,43,36-45,1983-08-01,Married,Diploma,Mechanical,Gujarat,Surat,9588680226,Finance,Financial Analyst,Travel_Rarely,Work From Office,21.5,21,3,1,21,2007-07-09,143550,10+ LPA,12,0,3,4,4,2,4,0,1.0,No,Yes,No
HRA241321,Female,Anusha Singh,anusha.singh@hrhub.co.in,anusha.singh,1,Y,80,HRHub Solutions Pvt. Ltd.,Information Technology & Business Services,India,47,46-55,1979-08-02,Single,MBA,Operations,Maharashtra,Mumbai,9450658046,Sales,Business Development Executive,Travel_Rarely,Hybrid,24.7,11,5,1,6,2004-04-27,172150,10+ LPA,18,3,3,1,3,3,4,0,9.0,No,No,No
HRA241322,Female,Sonali Rao,sonali.rao@hrhub.co.in,sonali.rao,1,Y,80,HRHub Solutions Pvt. Ltd.,Information Technology & Business Services,India,35,26-35,1991-07-30,Single,High School,General Education,Tamil Nadu,Madurai,9388180400,Marketing,Digital Marketing Specialist,Travel_Rarely,Work From Office,11.2,10,9,2,4,2017-10-24,106550,10+ LPA,9,1,4,4,3,1,3,0,10.0,No,No,No
HRA241323,Female,Neha Reddy,neha.reddy@hrhub.co.in,neha.reddy,1,Y,80,HRHub Solutions Pvt. Ltd.,Information Technology & Business Services,India,45,36-45,1981-08-01,Married,High School,General Education,Telangana,Warangal,9396219764,Administration,Office Administrator,Travel_Frequently,Remote,19.2,7,2,3,2,2009-10-25,148900,10+ LPA,25,2,3,3,2,1,3,2,4.0,No,Yes,No
HRA241324,Female,Tanvi Kumar,tanvi.kumar@hrhub.co.in,tanvi.kumar,1,Y,80,HRHub Solutions Pvt. Ltd.,Information Technology & Business Services,India,40,36-45,1986-07-31,Single,MBA,Operations,West Bengal,Kolkata,9766942170,Administration,Facility Coordinator,Travel_Rarely,Hybrid,15.0,8,7,2,7,2014-01-05,156750,10+ LPA,17,1,2,1,1,4,2,6,6.0,Yes,Yes,No
HRA241325,Male,Rohan Mishra,rohan.mishra@hrhub.co.in,rohan.mishra,1,Y,80,HRHub Solutions Pvt. Ltd.,Information Technology & Business Services,India,53,46-55,1973-08-03,Married,Master,Computer Science,Tamil Nadu,Coimbatore,9099975706,Administration,Facility Coordinator,Travel_Rarely,Work From Office,16.0,13,2,0,4,2013-01-05,133900,10+ LPA,25,3,3,1,3,1,3,0,0.0,No,No,No
HRA241326,Female,Deepika Sharma,deepika.sharma@hrhub.co.in,deepika.sharma,1,Y,80,HRHub Solutions Pvt. Ltd.,Information Technology & Business Services,India,41,36-45,1985-07-31,Married,PhD,Finance,Telangana,Hyderabad,9782394480,Operations,Supply Chain Coordinator,Travel_Rarely,Work From Office,5.5,2,1,0,1,2023-07-05,76450,6-10 LPA,15,3,3,2,3,4,2,2,3.0,Yes,Yes,No
HRA241327,Male,Manish Patel,manish.patel@hrhub.co.in,manish.patel,1,Y,80,HRHub Solutions Pvt. Ltd.,Information Technology & Business Services,India,21,18-25,2005-07-26,Married,Diploma,Electrical,Gujarat,Ahmedabad,9628167279,IT,Network Engineer,Travel_Frequently,Work From Office,0.0,0,0,0,0,2029-01-01,38950,3-6 LPA,13,1,2,4,2,1,1,4,0.0,No,No,No
HRA241328,Male,Karan Gupta,karan.gupta@hrhub.co.in,karan.gupta,1,Y,80,HRHub Solutions Pvt. Ltd.,Information Technology & Business Services,India,49,46-55,1977-08-02,Married,MBA,Human Resources,Karnataka,Hubballi,9652844540,IT,System Administrator,Travel_Frequently,Hybrid,13.7,7,6,3,0,2015-04-25,101350,10+ LPA,12,2,3,3,1,1,1,0,5.0,No,No,No
HRA241329,Male,Sumit Kumar,sumit.kumar@hrhub.co.in,sumit.kumar,1,Y,80,HRHub Solutions Pvt. Ltd.,Information Technology & Business Services,India,35,26-35,1991-07-30,Single,MBA,Marketing,West Bengal,Kolkata,9989936595,Human Resources,HR Executive,Travel_Rarely,Work From Office,5.7,2,0,1,2,2023-04-23,69300,6-10 LPA,7,2,4,4,2,4,1,1,5.7,No,No,No
HRA241330,Male,Pranav Patel,pranav.patel@hrhub.co.in,pranav.patel,1,Y,80,HRHub Solutions Pvt. Ltd.,Information Technology & Business Services,India,51,46-55,1975-08-03,Married,MBA,Marketing,Karnataka,Mysuru,9487947693,Sales,Sales Executive,Travel_Rarely,Work From Office,11.4,4,2,2,0,2017-08-11,94750,10+ LPA,9,1,3,2,1,1,2,2,10.0,No,No,No
HRA241331,Female,Shreya Verma,shreya.verma@hrhub.co.in,shreya.verma,1,Y,80,HRHub Solutions Pvt. Ltd.,Information Technology & Business Services,India,36,36-45,1990-07-30,Married,PhD,Computer Science,West Bengal,Howrah,9497787268,Human Resources,HR Business Partner,Travel_Rarely,Hybrid,12.3,0,0,0,0,2016-09-17,100200,10+ LPA,5,2,4,2,3,2,3,3,4.0,No,Yes,Yes
HRA241332,Female,Shreya Banerjee,shreya.banerjee@hrhub.co.in,shreya.banerjee,1,Y,80,HRHub Solutions Pvt. Ltd.,Information Technology & Business Services,India,40,36-45,1986-07-31,Married,Diploma,Electrical,Karnataka,Hubballi,9854378262,Human Resources,Talent Acquisition Specialist,Travel_Rarely,Hybrid,10.1,10,3,4,10,2018-11-29,106400,10+ LPA,10,0,3,3,4,3,4,6,6.0,No,Yes,No
HRA241333,Female,Khushi Banerjee,khushi.banerjee@hrhub.co.in,khushi.banerjee,1,Y,80,HRHub Solutions Pvt. Ltd.,Information Technology & Business Services,India,22,18-25,2004-07-26,Single,Bachelor,Information Technology,West Bengal,Kolkata,9548803721,IT,Network Engineer,Travel_Rarely,Work From Office,0.7,0,0,0,0,2028-04-21,38550,3-6 LPA,6,3,3,3,2,4,4,6,0.7,No,Yes,No
HRA241334,Male,Sahil Ghosh,sahil.ghosh@hrhub.co.in,sahil.ghosh,1,Y,80,HRHub Solutions Pvt. Ltd.,Information Technology & Business Services,India,37,36-45,1989-07-30,Married,Diploma,Mechanical,Rajasthan,Jaipur,9727552589,Finance,Finance Executive,Non-Travel,Work From Office,9.1,2,0,1,1,2019-11-29,64000,6-10 LPA,7,0,4,2,1,2,3,6,1.0,Yes,No,No
HRA241335,Female,Pooja Ghosh,pooja.ghosh@hrhub.co.in,pooja.ghosh,1,Y,80,HRHub Solutions Pvt. Ltd.,Information Technology & Business Services,India,58,55+,1968-08-04,Married,High School,General Education,Karnataka,Mysuru,9442389934,Operations,Operations Manager,Travel_Rarely,Work From Office,7.6,4,0,0,3,2021-05-29,136300,10+ LPA,5,3,3,1,2,2,4,2,1.0,No,No,No
HRA241336,Female,Deepika Gupta,deepika.gupta@hrhub.co.in,deepika.gupta,1,Y,80,HRHub Solutions Pvt. Ltd.,Information Technology & Business Services,India,21,18-25,2005-07-26,Single,PhD,Finance,Karnataka,Hubballi,9424696371,Administration,Facility Coordinator,Non-Travel,Remote,0.0,0,0,0,0,2029-01-01,24350,0-3 LPA,22,0,3,1,1,1,2,4,0.0,No,No,No
HRA241337,Male,Nikhil Roy,nikhil.roy@hrhub.co.in,nikhil.roy,1,Y,80,HRHub Solutions Pvt. Ltd.,Information Technology & Business Services,India,35,26-35,1991-07-30,Single,High School,General Education,Uttar Pradesh,Kanpur,9234660380,Marketing,Marketing Executive,Travel_Rarely,Hybrid,6.9,4,3,0,4,2022-02-09,56700,6-10 LPA,18,1,4,2,3,4,2,0,6.9,Yes,No,No
HRA241338,Female,Swati Chatterjee,swati.chatterjee@hrhub.co.in,swati.chatterjee,1,Y,80,HRHub Solutions Pvt. Ltd.,Information Technology & Business Services,India,48,46-55,1978-08-02,Married,High School,General Education,Telangana,Hyderabad,9671489815,Operations,Operations Executive,Travel_Rarely,Hybrid,0.8,0,0,0,0,2028-03-15,30000,3-6 LPA,7,0,3,1,2,1,4,6,0.8,No,Yes,No
HRA241339,Male,Vikas Mishra,vikas.mishra@hrhub.co.in,vikas.mishra,1,Y,80,HRHub Solutions Pvt. Ltd.,Information Technology & Business Services,India,39,36-45,1987-07-31,Married,High School,General Education,Kerala,Kochi,9311860909,Operations,Operations Executive,Travel_Rarely,Remote,7.8,0,0,0,0,2021-03-17,62950,6-10 LPA,15,2,2,1,1,1,3,1,7.8,No,No,No
HRA241340,Female,Anusha Jain,anusha.jain@hrhub.co.in,anusha.jain,1,Y,80,HRHub Solutions Pvt. Ltd.,Information Technology & Business Services,India,48,46-55,1978-08-02,Divorced,MBA,Operations,West Bengal,Howrah,9545814302,Finance,Finance Executive,Non-Travel,Work From Office,22.6,18,4,7,8,2006-06-02,182000,10+ LPA,17,3,2,1,4,4,3,2,5.0,No,No,Yes
HRA241341,Female,Shreya Roy,shreya.roy@hrhub.co.in,shreya.roy,1,Y,80,HRHub Solutions Pvt. Ltd.,Information Technology & Business Services,India,25,18-25,2001-07-27,Married,Diploma,Mechanical,West Bengal,Durgapur,9640821849,Human Resources,Talent Acquisition Specialist,Travel_Frequently,Hybrid,2.6,1,1,0,1,2026-05-28,40950,3-6 LPA,22,3,3,4,2,2,3,0,2.6,No,No,No
HRA241342,Female,Ritika Mehta,ritika.mehta@hrhub.co.in,ritika.mehta,1,Y,80,HRHub Solutions Pvt. Ltd.,Information Technology & Business Services,India,21,18-25,2005-07-26,Single,PhD,Computer Science,Gujarat,Surat,9814791225,Administration,Administrative Executive,Travel_Rarely,Work From Office,0.0,0,0,0,0,2029-01-01,30650,3-6 LPA,9,0,3,3,1,1,1,4,0.0,No,No,No
HRA241343,Male,Sumit Mehta,sumit.mehta@hrhub.co.in,sumit.mehta,1,Y,80,HRHub Solutions Pvt. Ltd.,Information Technology & Business Services,India,28,26-35,1998-07-28,Single,Bachelor,Business Administration,Maharashtra,Nagpur,9409337326,Administration,Facility Coordinator,Non-Travel,Work From Office,1.2,1,0,0,1,2027-10-21,24600,0-3 LPA,15,3,3,3,4,2,1,1,1.2,No,No,No
HRA241344,Female,Ritika Banerjee,ritika.banerjee@hrhub.co.in,ritika.banerjee,1,Y,80,HRHub Solutions Pvt. Ltd.,Information Technology & Business Services,India,18,18-25,2008-07-25,Single,Bachelor,Marketing,Kerala,Kochi,9685841651,Administration,Administrative Executive,Non-Travel,Remote,0.0,0,0,0,0,2029-01-01,30200,3-6 LPA,12,0,4,4,2,4,4,3,0.0,No,Yes,No
HRA241345,Male,Sahil Reddy,sahil.reddy@hrhub.co.in,sahil.reddy,1,Y,80,HRHub Solutions Pvt. Ltd.,Information Technology & Business Services,India,39,36-45,1987-07-31,Single,High School,General Education,Maharashtra,Pune,9956945974,Sales,Business Development Executive,Non-Travel,Work From Office,17.7,16,15,3,12,2011-04-26,147750,10+ LPA,16,2,4,2,3,3,2,0,2.0,No,No,No
HRA241346,Male,Aditya Ghosh,aditya.ghosh@hrhub.co.in,aditya.ghosh,1,Y,80,HRHub Solutions Pvt. Ltd.,Information Technology & Business Services,India,35,26-35,1991-07-30,Married,Diploma,Electrical,West Bengal,Durgapur,9028735394,Administration,Office Administrator,Travel_Rarely,Hybrid,11.7,7,4,2,7,2017-04-24,102500,10+ LPA,22,3,3,3,4,3,2,1,1.0,No,No,No
HRA241347,Female,Anjali Banerjee,anjali.banerjee@hrhub.co.in,anjali.banerjee,1,Y,80,HRHub Solutions Pvt. Ltd.,Information Technology & Business Services,India,39,36-45,1987-07-31,Single,Master,Computer Science,Uttar Pradesh,Noida,9339899809,Administration,Administrative Executive,Travel_Rarely,Work From Office,4.3,1,0,0,1,2024-09-15,32200,3-6 LPA,13,3,2,1,3,2,2,6,4.3,No,No,No
HRA241348,Male,Amit Sen,amit.sen@hrhub.co.in,amit.sen,1,Y,80,HRHub Solutions Pvt. Ltd.,Information Technology & Business Services,India,24,18-25,2002-07-27,Divorced,PhD,Management,Maharashtra,Pune,9416681357,Operations,Operations Manager,Non-Travel,Hybrid,2.9,2,1,0,2,2026-02-08,80150,6-10 LPA,7,3,1,4,3,3,2,2,1.0,No,No,No
HRA241349,Female,Harini Patel,harini.patel@hrhub.co.in,harini.patel,1,Y,80,HRHub Solutions Pvt. Ltd.,Information Technology & Business Services,India,39,36-45,1987-07-31,Married,Bachelor,Business Administration,Uttar Pradesh,Noida,9267950355,Marketing,Content Strategist,Travel_Frequently,Work From Office,6.1,1,0,0,1,2022-11-28,72100,6-10 LPA,24,3,3,4,4,4,1,2,2.0,Yes,Yes,No
HRA241350,Female,Tanvi Patel,tanvi.patel@hrhub.co.in,tanvi.patel,1,Y,80,HRHub Solutions Pvt. Ltd.,Information Technology & Business Services,India,57,55+,1969-08-04,Single,PhD,Computer Science,Uttar Pradesh,Lucknow,9240241879,Marketing,Digital Marketing Specialist,Travel_Rarely,Work From Office,30.1,28,28,8,22,1998-12-04,174000,10+ LPA,22,3,3,1,3,1,4,4,6.0,No,No,Yes
HRA241351,Female,Swati Saha,swati.saha@hrhub.co.in,swati.saha,1,Y,80,HRHub Solutions Pvt. Ltd.,Information Technology & Business Services,India,54,46-55,1972-08-03,Married,Bachelor,Computer Science,Maharashtra,Mumbai,9184252640,Human Resources,HR Executive,Travel_Rarely,Work From Office,18.6,2,2,0,2,2010-06-01,153600,10+ LPA,23,2,2,1,3,4,2,6,0.0,No,No,No
HRA241352,Male,Pranav Verma,pranav.verma@hrhub.co.in,pranav.verma,1,Y,80,HRHub Solutions Pvt. Ltd.,Information Technology & Business Services,India,48,46-55,1978-08-02,Single,Master,Human Resources,Maharashtra,Mumbai,9720322585,Sales,Sales Manager,Non-Travel,Work From Office,14.4,8,5,4,7,2014-08-12,124650,10+ LPA,15,3,3,3,1,3,4,4,0.0,No,No,No
HRA241353,Female,Aditi Roy,aditi.roy@hrhub.co.in,aditi.roy,1,Y,80,HRHub Solutions Pvt. Ltd.,Information Technology & Business Services,India,36,36-45,1990-07-30,Single,High School,General Education,Kerala,Kochi,9177679771,IT,System Administrator,Travel_Frequently,Hybrid,3.6,0,0,0,0,2025-05-28,62100,6-10 LPA,25,2,3,3,1,4,1,1,0.0,No,No,No
HRA241354,Male,Deepak Verma,deepak.verma@hrhub.co.in,deepak.verma,1,Y,80,HRHub Solutions Pvt. Ltd.,Information Technology & Business Services,India,56,55+,1970-08-04,Single,Bachelor,Marketing,Tamil Nadu,Chennai,9013134874,Finance,Accountant,Non-Travel,Work From Office,20.4,19,6,5,4,2008-08-14,150500,10+ LPA,8,2,3,3,1,1,1,2,10.0,No,Yes,No
HRA241355,Male,Amit Roy,amit.roy@hrhub.co.in,amit.roy,1,Y,80,HRHub Solutions Pvt. Ltd.,Information Technology & Business Services,India,29,26-35,1997-07-28,Married,Master,Finance,Uttar Pradesh,Kanpur,9862825099,Sales,Sales Manager,Travel_Rarely,Hybrid,7.8,4,2,0,4,2021-03-17,137650,10+ LPA,23,0,3,1,1,3,1,3,3.0,No,No,No
HRA241356,Female,Priya Khan,priya.khan@hrhub.co.in,priya.khan,1,Y,80,HRHub Solutions Pvt. Ltd.,Information Technology & Business Services,India,54,46-55,1972-08-03,Single,MBA,Operations,Gujarat,Surat,9140354406,Sales,Sales Executive,Travel_Rarely,Remote,6.1,4,4,1,2,2022-11-28,77100,6-10 LPA,17,3,2,1,1,4,2,2,6.1,No,No,No
HRA241357,Male,Shubham Joshi,shubham.joshi@hrhub.co.in,shubham.joshi,1,Y,80,HRHub Solutions Pvt. Ltd.,Information Technology & Business Services,India,23,18-25,2003-07-27,Single,PhD,Management,Maharashtra,Nagpur,9345730711,Administration,Office Administrator,Travel_Rarely,Hybrid,0.3,0,0,0,0,2028-09-14,27200,3-6 LPA,19,1,4,2,3,1,4,5,0.3,Yes,No,Yes
HRA241358,Male,Gaurav Sharma,gaurav.sharma@hrhub.co.in,gaurav.sharma,1,Y,80,HRHub Solutions Pvt. Ltd.,Information Technology & Business Services,India,42,36-45,1984-07-31,Single,MBA,Human Resources,Telangana,Warangal,9627131240,Administration,Office Administrator,Non-Travel,Work From Office,7.2,7,3,1,7,2021-10-22,67500,6-10 LPA,16,0,3,4,3,2,2,1,5.0,No,No,No
HRA241359,Male,Aditya Patel,aditya.patel@hrhub.co.in,aditya.patel,1,Y,80,HRHub Solutions Pvt. Ltd.,Information Technology & Business Services,India,42,36-45,1984-07-31,Married,Bachelor,Computer Science,Karnataka,Hubballi,9334436591,Sales,Sales Manager,Travel_Rarely,Work From Office,18.9,6,5,2,3,2010-02-12,213500,10+ LPA,7,2,3,2,4,1,3,5,8.0,No,Yes,Yes
HRA241360,Male,Raj Joshi,raj.joshi@hrhub.co.in,raj.joshi,1,Y,80,HRHub Solutions Pvt. Ltd.,Information Technology & Business Services,India,32,26-35,1994-07-29,Divorced,PhD,Management,Telangana,Hyderabad,9135888457,IT,System Administrator,Travel_Rarely,Work From Office,6.5,6,2,0,6,2022-07-05,58300,6-10 LPA,8,0,3,3,1,3,2,4,5.0,No,No,No
HRA241361,Male,Rohan Das,rohan.das@hrhub.co.in,rohan.das,1,Y,80,HRHub Solutions Pvt. Ltd.,Information Technology & Business Services,India,24,18-25,2002-07-27,Single,MBA,Finance,Maharashtra,Nagpur,9779808745,IT,Data Analyst,Travel_Rarely,Work From Office,2.5,1,0,0,0,2026-07-04,47600,3-6 LPA,11,0,3,2,4,1,4,0,2.0,Yes,No,No
HRA241362,Male,Varun Sinha,varun.sinha@hrhub.co.in,varun.sinha,1,Y,80,HRHub Solutions Pvt. Ltd.,Information Technology & Business Services,India,23,18-25,2003-07-27,Married,PhD,Computer Science,Uttar Pradesh,Noida,9105018325,Operations,Operations Manager,Travel_Rarely,Work From Office,1.4,0,0,0,0,2027-08-10,68800,6-10 LPA,14,3,2,4,3,2,3,0,0.0,No,Yes,No
HRA241363,Male,Manish Roy,manish.roy@hrhub.co.in,manish.roy,1,Y,80,HRHub Solutions Pvt. Ltd.,Information Technology & Business Services,India,24,18-25,2002-07-27,Single,Bachelor,Finance,Delhi,New Delhi,9336707628,Administration,Facility Coordinator,Non-Travel,Remote,2.0,1,1,0,1,2027-01-02,36500,3-6 LPA,14,2,1,3,4,4,1,0,0.0,Yes,No,No
HRA241364,Female,Shreya Nair,shreya.nair@hrhub.co.in,shreya.nair,1,Y,80,HRHub Solutions Pvt. Ltd.,Information Technology & Business Services,India,49,46-55,1977-08-02,Married,High School,General Education,Tamil Nadu,Madurai,9024838966,Human Resources,HR Executive,Travel_Frequently,Remote,13.2,6,1,0,3,2015-10-24,94700,10+ LPA,22,3,2,3,4,2,1,6,8.0,No,No,No
HRA241365,Male,Akash Sinha,akash.sinha@hrhub.co.in,akash.sinha,1,Y,80,HRHub Solutions Pvt. Ltd.,Information Technology & Business Services,India,32,26-35,1994-07-29,Single,Master,Computer Science,Uttar Pradesh,Kanpur,9274622225,Human Resources,HR Business Partner,Travel_Rarely,Hybrid,9.0,9,6,1,9,2020-01-04,74350,6-10 LPA,17,3,3,4,4,4,2,1,0.0,No,No,No
HRA241366,Female,Kavya Reddy,kavya.reddy@hrhub.co.in,kavya.reddy,1,Y,80,HRHub Solutions Pvt. Ltd.,Information Technology & Business Services,India,45,36-45,1981-08-01,Married,MBA,Human Resources,Rajasthan,Jodhpur,9471675694,Sales,Business Development Executive,Travel_Rarely,Work From Office,15.6,7,0,0,1,2013-05-31,147000,10+ LPA,6,3,3,1,2,2,3,5,6.0,No,No,No
HRA241367,Female,Tanvi Saha,tanvi.saha@hrhub.co.in,tanvi.saha,1,Y,80,HRHub Solutions Pvt. Ltd.,Information Technology & Business Services,India,21,18-25,2005-07-26,Married,PhD,Finance,Gujarat,Surat,9149572281,IT,Software Engineer,Travel_Frequently,Work From Office,0.0,0,0,0,0,2029-01-01,31650,3-6 LPA,18,3,3,1,4,4,4,5,0.0,No,Yes,No
HRA241368,Male,Gaurav Sinha,gaurav.sinha@hrhub.co.in,gaurav.sinha,1,Y,80,HRHub Solutions Pvt. Ltd.,Information Technology & Business Services,India,49,46-55,1977-08-02,Married,MBA,Human Resources,Telangana,Hyderabad,9502065157,Finance,Accountant,Travel_Rarely,Work From Office,3.2,0,0,0,0,2025-10-21,45500,3-6 LPA,11,3,3,3,4,1,3,5,3.0,No,No,No
HRA241369,Female,Khushi Patel,khushi.patel@hrhub.co.in,khushi.patel,1,Y,80,HRHub Solutions Pvt. Ltd.,Information Technology & Business Services,India,24,18-25,2002-07-27,Married,High School,General Education,Karnataka,Mysuru,9078211764,Finance,Finance Executive,Travel_Frequently,Hybrid,1.8,0,0,0,0,2027-03-16,27450,3-6 LPA,19,2,1,1,2,4,2,2,1.8,No,No,No
HRA241370,Male,Raj Nair,raj.nair@hrhub.co.in,raj.nair,1,Y,80,HRHub Solutions Pvt. Ltd.,Information Technology & Business Services,India,40,36-45,1986-07-31,Single,Diploma,Mechanical,Maharashtra,Pune,9674182943,Administration,Administrative Executive,Travel_Rarely,Work From Office,3.9,0,0,0,0,2025-02-08,32700,3-6 LPA,22,3,3,4,4,4,1,2,1.0,No,No,No
HRA241371,Female,Harini Das,harini.das@hrhub.co.in,harini.das,1,Y,80,HRHub Solutions Pvt. Ltd.,Information Technology & Business Services,India,22,18-25,2004-07-26,Single,PhD,Finance,Telangana,Warangal,9829273073,Operations,Supply Chain Coordinator,Non-Travel,Hybrid,0.9,0,0,0,0,2028-02-08,36300,3-6 LPA,20,2,3,1,1,4,3,4,0.9,No,No,No
HRA241372,Male,Rahul Banerjee,rahul.banerjee@hrhub.co.in,rahul.banerjee,1,Y,80,HRHub Solutions Pvt. Ltd.,Information Technology & Business Services,India,50,46-55,1976-08-02,Single,Diploma,Mechanical,Telangana,Warangal,9504344846,IT,Software Engineer,Travel_Frequently,Remote,23.4,2,1,0,0,2005-08-14,131650,10+ LPA,13,1,4,1,2,2,1,1,7.0,Yes,No,No
HRA241373,Female,Megha Ghosh,megha.ghosh@hrhub.co.in,megha.ghosh,1,Y,80,HRHub Solutions Pvt. Ltd.,Information Technology & Business Services,India,29,26-35,1997-07-28,Single,Diploma,Civil,Gujarat,Surat,9831522930,Sales,Sales Executive,Travel_Rarely,Work From Office,4.3,2,0,1,1,2024-09-15,43000,3-6 LPA,22,2,3,1,2,3,4,3,4.3,No,No,Yes
HRA241374,Female,Ishita Chatterjee,ishita.chatterjee@hrhub.co.in,ishita.chatterjee,1,Y,80,HRHub Solutions Pvt. Ltd.,Information Technology & Business Services,India,35,26-35,1991-07-30,Single,Master,Computer Science,Karnataka,Mysuru,9389204463,Human Resources,Talent Acquisition Specialist,Travel_Rarely,Work From Office,12.1,0,0,0,0,2016-11-29,86500,10+ LPA,20,0,3,4,4,2,4,2,3.0,No,No,No
HRA241375,Female,Priya Gupta,priya.gupta@hrhub.co.in,priya.gupta,1,Y,80,HRHub Solutions Pvt. Ltd.,Information Technology & Business Services,India,27,26-35,1999-07-28,Married,Master,Computer Science,Karnataka,Bengaluru,9884529693,Finance,Finance Executive,Travel_Frequently,Work From Office,1.1,1,1,0,1,2027-11-27,42350,3-6 LPA,10,3,3,4,2,2,2,4,1.1,Yes,No,No
HRA241376,Female,Ananya Mukherjee,ananya.mukherjee@hrhub.co.in,ananya.mukherjee,1,Y,80,HRHub Solutions Pvt. Ltd.,Information Technology & Business Services,India,53,46-55,1973-08-03,Single,MBA,Operations,Gujarat,Surat,9899135466,Operations,Operations Manager,Non-Travel,Work From Office,18.2,10,3,5,3,2010-10-25,213800,10+ LPA,22,3,2,1,2,3,4,5,10.0,No,No,No
HRA241377,Female,Vaishnavi Mishra,vaishnavi.mishra@hrhub.co.in,vaishnavi.mishra,1,Y,80,HRHub Solutions Pvt. Ltd.,Information Technology & Business Services,India,54,46-55,1972-08-03,Married,Master,Computer Science,Tamil Nadu,Coimbatore,9898963277,Human Resources,HR Business Partner,Non-Travel,Hybrid,12.2,0,0,0,0,2016-10-23,82050,6-10 LPA,17,1,3,3,3,3,3,2,7.0,No,Yes,No
HRA241378,Female,Aditi Reddy,aditi.reddy@hrhub.co.in,aditi.reddy,1,Y,80,HRHub Solutions Pvt. Ltd.,Information Technology & Business Services,India,28,26-35,1998-07-28,Divorced,PhD,Management,Rajasthan,Jodhpur,9812118588,Human Resources,HR Executive,Non-Travel,Work From Office,6.4,6,1,2,3,2022-08-10,75750,6-10 LPA,17,2,4,3,2,3,4,1,0.0,No,Yes,No
HRA241379,Male,Deepak Shah,deepak.shah@hrhub.co.in,deepak.shah,1,Y,80,HRHub Solutions Pvt. Ltd.,Information Technology & Business Services,India,53,46-55,1973-08-03,Divorced,High School,General Education,Tamil Nadu,Chennai,9260091031,Finance,Finance Executive,Travel_Rarely,Hybrid,4.5,4,2,2,2,2024-07-04,53900,6-10 LPA,17,1,4,4,4,3,1,3,4.5,No,No,No
HRA241380,Male,Raj Mehta,raj.mehta@hrhub.co.in,raj.mehta,1,Y,80,HRHub Solutions Pvt. Ltd.,Information Technology & Business Services,India,32,26-35,1994-07-29,Single,PhD,Management,Gujarat,Surat,9706078054,Administration,Administrative Executive,Travel_Rarely,Work From Office,10.1,9,9,3,9,2018-11-29,80550,6-10 LPA,8,0,3,4,2,1,3,4,8.0,No,Yes,No
HRA241381,Male,Sumit Jain,sumit.jain@hrhub.co.in,sumit.jain,1,Y,80,HRHub Solutions Pvt. Ltd.,Information Technology & Business Services,India,33,26-35,1993-07-29,Single,Diploma,Electrical,Gujarat,Ahmedabad,9532208127,Sales,Business Development Executive,Travel_Rarely,Work From Office,7.1,0,0,0,0,2021-11-28,61500,6-10 LPA,13,0,3,4,2,2,3,5,4.0,No,No,No
HRA241382,Female,Divya Singh,divya.singh@hrhub.co.in,divya.singh,1,Y,80,HRHub Solutions Pvt. Ltd.,Information Technology & Business Services,India,43,36-45,1983-08-01,Married,MBA,Finance,Rajasthan,Jaipur,9681542382,Marketing,Marketing Executive,Travel_Rarely,Work From Office,11.2,0,0,0,0,2017-10-24,114750,10+ LPA,25,0,2,3,1,4,4,0,7.0,No,Yes,No
HRA241383,Female,Riya Saha,riya.saha@hrhub.co.in,riya.saha,1,Y,80,HRHub Solutions Pvt. Ltd.,Information Technology & Business Services,India,50,46-55,1976-08-02,Married,Diploma,Mechanical,Uttar Pradesh,Kanpur,9389145505,IT,System Administrator,Travel_Frequently,Hybrid,18.1,0,0,0,0,2010-12-01,157600,10+ LPA,9,2,3,3,2,3,2,5,9.0,No,No,No
HRA241384,Male,Shubham Reddy,shubham.reddy@hrhub.co.in,shubham.reddy,1,Y,80,HRHub Solutions Pvt. Ltd.,Information Technology & Business Services,India,18,18-25,2008-07-25,Single,PhD,Finance,Gujarat,Vadodara,9432991378,Administration,Administrative Executive,Travel_Rarely,Work From Office,0.0,0,0,0,0,2029-01-01,21000,0-3 LPA,19,2,3,2,1,3,1,3,0.0,No,No,No
HRA241385,Female,Deepika Kumar,deepika.kumar@hrhub.co.in,deepika.kumar,1,Y,80,HRHub Solutions Pvt. Ltd.,Information Technology & Business Services,India,49,46-55,1977-08-02,Divorced,Bachelor,Business Administration,Kerala,Kochi,9598764006,Marketing,Digital Marketing Specialist,Travel_Rarely,Work From Office,3.2,3,2,1,1,2025-10-21,46400,3-6 LPA,5,0,3,3,1,3,3,0,0.0,No,No,No
HRA241386,Female,Riya Khan,riya.khan@hrhub.co.in,riya.khan,1,Y,80,HRHub Solutions Pvt. Ltd.,Information Technology & Business Services,India,48,46-55,1978-08-02,Married,MBA,Operations,Karnataka,Hubballi,9235876626,Marketing,Marketing Executive,Non-Travel,Work From Office,23.6,13,3,6,2,2005-06-02,141450,10+ LPA,10,2,2,4,2,1,4,0,1.0,No,Yes,No
HRA241387,Male,Sumit Singh,sumit.singh@hrhub.co.in,sumit.singh,1,Y,80,HRHub Solutions Pvt. Ltd.,Information Technology & Business Services,India,43,36-45,1983-08-01,Married,MBA,Operations,Rajasthan,Jaipur,9332316495,Marketing,Digital Marketing Specialist,Travel_Rarely,Hybrid,1.7,1,0,0,0,2027-04-22,25000,3-6 LPA,20,0,3,4,1,1,1,4,1.7,No,No,No
HRA241388,Male,Vivek Bose,vivek.bose@hrhub.co.in,vivek.bose,1,Y,80,HRHub Solutions Pvt. Ltd.,Information Technology & Business Services,India,58,55+,1968-08-04,Single,Diploma,Computer,Delhi,New Delhi,9310519681,Sales,Sales Manager,Travel_Frequently,Work From Office,21.6,3,0,1,3,2007-06-02,198700,10+ LPA,9,3,4,1,3,2,3,1,8.0,Yes,Yes,No
HRA241389,Male,Sahil Khan,sahil.khan@hrhub.co.in,sahil.khan,1,Y,80,HRHub Solutions Pvt. Ltd.,Information Technology & Business Services,India,24,18-25,2002-07-27,Divorced,Bachelor,Information Technology,Rajasthan,Udaipur,9102409752,Operations,Operations Manager,Travel_Rarely,Work From Office,2.9,2,1,0,0,2026-02-08,90050,10+ LPA,5,3,4,4,4,3,1,6,2.9,No,No,No
HRA241390,Female,Divya Ghosh,divya.ghosh@hrhub.co.in,divya.ghosh,1,Y,80,HRHub Solutions Pvt. Ltd.,Information Technology & Business Services,India,50,46-55,1976-08-02,Single,Diploma,Mechanical,Tamil Nadu,Chennai,9300623050,Human Resources,HR Business Partner,Travel_Rarely,Remote,14.2,4,2,1,1,2014-10-24,101300,10+ LPA,15,1,3,4,3,2,3,5,1.0,No,Yes,No
HRA241391,Male,Pranav Verma,pranav.verma@hrhub.co.in,pranav.verma,1,Y,80,HRHub Solutions Pvt. Ltd.,Information Technology & Business Services,India,45,36-45,1981-08-01,Single,Master,Finance,Gujarat,Vadodara,9377245744,Administration,Administrative Executive,Travel_Rarely,Work From Office,9.5,0,0,0,0,2019-07-06,66750,6-10 LPA,24,2,1,1,3,1,3,6,9.0,No,No,No
HRA241392,Female,Shreya Verma,shreya.verma@hrhub.co.in,shreya.verma,1,Y,80,HRHub Solutions Pvt. Ltd.,Information Technology & Business Services,India,56,55+,1970-08-04,Single,Master,Computer Science,Rajasthan,Jodhpur,9134931675,Human Resources,Talent Acquisition Specialist,Travel_Rarely,Work From Office,26.9,3,0,0,1,2002-02-14,163000,10+ LPA,17,1,3,4,2,4,4,4,9.0,No,No,No
HRA241393,Male,Sahil Mishra,sahil.mishra@hrhub.co.in,sahil.mishra,1,Y,80,HRHub Solutions Pvt. Ltd.,Information Technology & Business Services,India,28,26-35,1998-07-28,Single,High School,General Education,West Bengal,Kolkata,9125340444,Operations,Operations Manager,Travel_Rarely,Work From Office,0.9,0,0,0,0,2028-02-08,72450,6-10 LPA,17,3,4,3,4,1,1,1,0.9,No,No,Yes
HRA241394,Male,Mohit Gupta,mohit.gupta@hrhub.co.in,mohit.gupta,1,Y,80,HRHub Solutions Pvt. Ltd.,Information Technology & Business Services,India,31,26-35,1995-07-29,Married,MBA,Operations,Gujarat,Surat,9789776127,Sales,Sales Manager,Travel_Rarely,Remote,2.6,2,0,1,2,2026-05-28,70600,6-10 LPA,23,3,3,1,3,1,1,6,2.6,No,No,Yes
HRA241395,Female,Nikita Verma,nikita.verma@hrhub.co.in,nikita.verma,1,Y,80,HRHub Solutions Pvt. Ltd.,Information Technology & Business Services,India,45,36-45,1981-08-01,Single,Diploma,Mechanical,Karnataka,Bengaluru,9745188934,IT,Network Engineer,Travel_Rarely,Work From Office,1.9,0,0,0,0,2027-02-08,26900,3-6 LPA,21,2,3,2,4,1,4,0,1.9,No,No,No
HRA241396,Female,Anjali Jain,anjali.jain@hrhub.co.in,anjali.jain,1,Y,80,HRHub Solutions Pvt. Ltd.,Information Technology & Business Services,India,26,26-35,2000-07-27,Single,Diploma,Computer,Telangana,Warangal,9098017056,Marketing,Content Strategist,Travel_Rarely,Hybrid,0.2,0,0,0,0,2028-10-20,25050,3-6 LPA,25,1,3,2,1,1,3,6,0.2,No,Yes,No
HRA241397,Female,Ishita Verma,ishita.verma@hrhub.co.in,ishita.verma,1,Y,80,HRHub Solutions Pvt. Ltd.,Information Technology & Business Services,India,43,36-45,1983-08-01,Single,MBA,Human Resources,Rajasthan,Udaipur,9974430278,Marketing,Marketing Executive,Travel_Rarely,Hybrid,6.8,6,3,0,5,2022-03-17,72700,6-10 LPA,7,1,1,3,1,3,2,6,4.0,No,No,No
HRA241398,Male,Karan Kapoor,karan.kapoor@hrhub.co.in,karan.kapoor,1,Y,80,HRHub Solutions Pvt. Ltd.,Information Technology & Business Services,India,22,18-25,2004-07-26,Single,PhD,Computer Science,Karnataka,Mysuru,9607781843,Marketing,Content Strategist,Travel_Rarely,Hybrid,0.8,0,0,0,0,2028-03-15,26750,3-6 LPA,15,2,3,4,3,3,3,1,0.8,No,No,No
HRA241399,Female,Ritika Das,ritika.das@hrhub.co.in,ritika.das,1,Y,80,HRHub Solutions Pvt. Ltd.,Information Technology & Business Services,India,30,26-35,1996-07-28,Married,PhD,Management,Rajasthan,Udaipur,9237405171,Sales,Sales Manager,Travel_Rarely,Remote,7.7,2,0,0,1,2021-04-23,105300,10+ LPA,8,2,2,1,2,4,2,5,4.0,No,No,No
HRA241400,Female,Swati Khan,swati.khan@hrhub.co.in,swati.khan,1,Y,80,HRHub Solutions Pvt. Ltd.,Information Technology & Business Services,India,42,36-45,1984-07-31,Single,Bachelor,Information Technology,West Bengal,Durgapur,9429326745,Sales,Sales Executive,Non-Travel,Work From Office,2.8,2,0,1,1,2026-03-17,57950,6-10 LPA,8,3,3,2,1,1,4,0,1.0,No,Yes,No
HRA241401,Male,Vivek Gupta,vivek.gupta@hrhub.co.in,vivek.gupta,1,Y,80,HRHub Solutions Pvt. Ltd.,Information Technology & Business Services,India,45,36-45,1981-08-01,Single,Master,Computer Science,Rajasthan,Jaipur,9781575849,Marketing,Digital Marketing Specialist,Travel_Rarely,Work From Office,24.0,20,5,8,2,2005-01-07,175800,10+ LPA,23,1,2,2,4,2,3,2,2.0,No,Yes,No
HRA241402,Female,Ritika Sharma,ritika.sharma@hrhub.co.in,ritika.sharma,1,Y,80,HRHub Solutions Pvt. Ltd.,Information Technology & Business Services,India,44,36-45,1982-08-01,Single,MBA,Human Resources,Maharashtra,Mumbai,9850448601,Administration,Office Administrator,Travel_Rarely,Work From Office,14.3,0,0,0,0,2014-09-18,86850,10+ LPA,24,1,4,4,1,4,2,1,1.0,No,No,No
HRA241403,Male,Gaurav Das,gaurav.das@hrhub.co.in,gaurav.das,1,Y,80,HRHub Solutions Pvt. Ltd.,Information Technology & Business Services,India,20,18-25,2006-07-26,Single,High School,General Education,Maharashtra,Mumbai,9499889342,Administration,Administrative Executive,Non-Travel,Work From Office,0.0,0,0,0,0,2029-01-01,21000,0-3 LPA,22,2,2,3,2,4,4,3,0.0,No,No,No
HRA241404,Male,Manish Jain,manish.jain@hrhub.co.in,manish.jain,1,Y,80,HRHub Solutions Pvt. Ltd.,Information Technology & Business Services,India,27,26-35,1999-07-28,Married,Bachelor,Information Technology,Gujarat,Surat,9759576249,Finance,Finance Executive,Travel_Frequently,Work From Office,2.5,0,0,0,0,2026-07-04,58600,6-10 LPA,10,0,3,2,4,2,3,2,2.5,No,Yes,No
HRA241405,Male,Akash Mishra,akash.mishra@hrhub.co.in,akash.mishra,1,Y,80,HRHub Solutions Pvt. Ltd.,Information Technology & Business Services,India,46,46-55,1980-08-01,Single,MBA,Marketing,Rajasthan,Jodhpur,9846108622,IT,System Administrator,Travel_Frequently,Work From Office,0.3,0,0,0,0,2028-09-14,28850,3-6 LPA,16,2,3,2,4,3,3,4,0.3,No,No,Yes
HRA241406,Female,Divya Chatterjee,divya.chatterjee@hrhub.co.in,divya.chatterjee,1,Y,80,HRHub Solutions Pvt. Ltd.,Information Technology & Business Services,India,56,55+,1970-08-04,Married,PhD,Finance,Karnataka,Mysuru,9538846975,Sales,Business Development Executive,Travel_Rarely,Work From Office,34.6,24,10,9,5,1994-06-05,161400,10+ LPA,18,3,4,1,2,1,4,3,1.0,No,No,No
HRA241407,Female,Neha Sharma,neha.sharma@hrhub.co.in,neha.sharma,1,Y,80,HRHub Solutions Pvt. Ltd.,Information Technology & Business Services,India,18,18-25,2008-07-25,Married,PhD,Finance,Uttar Pradesh,Lucknow,9872840106,IT,Network Engineer,Travel_Rarely,Work From Office,0.0,0,0,0,0,2029-01-01,26400,3-6 LPA,6,0,3,2,2,3,4,2,0.0,No,No,No
HRA241408,Male,Manish Singh,manish.singh@hrhub.co.in,manish.singh,1,Y,80,HRHub Solutions Pvt. Ltd.,Information Technology & Business Services,India,58,55+,1968-08-04,Single,High School,General Education,Delhi,New Delhi,9650324030,IT,Software Engineer,Travel_Frequently,Work From Office,18.5,10,10,2,10,2010-07-08,140950,10+ LPA,25,2,3,2,4,4,2,4,9.0,No,No,No
HRA241409,Female,Swati Shah,swati.shah@hrhub.co.in,swati.shah,1,Y,80,HRHub Solutions Pvt. Ltd.,Information Technology & Business Services,India,30,26-35,1996-07-28,Married,Master,Human Resources,Tamil Nadu,Coimbatore,9746011084,Finance,Finance Executive,Non-Travel,Remote,0.5,0,0,0,0,2028-07-03,35550,3-6 LPA,16,0,3,1,1,2,3,1,0.0,Yes,No,No
HRA241410,Female,Ananya Jain,ananya.jain@hrhub.co.in,ananya.jain,1,Y,80,HRHub Solutions Pvt. Ltd.,Information Technology & Business Services,India,59,55+,1967-08-05,Married,Bachelor,Marketing,Kerala,Kozhikode,9195401774,Marketing,Digital Marketing Specialist,Travel_Rarely,Remote,10.4,9,2,2,3,2018-08-11,89050,10+ LPA,21,0,2,3,1,2,4,6,10.0,No,Yes,No
HRA241411,Male,Rohan Sen,rohan.sen@hrhub.co.in,rohan.sen,1,Y,80,HRHub Solutions Pvt. Ltd.,Information Technology & Business Services,India,46,46-55,1980-08-01,Single,MBA,Operations,Rajasthan,Jaipur,9666430673,Marketing,Digital Marketing Specialist,Travel_Rarely,Work From Office,21.1,17,14,3,12,2007-12-02,134500,10+ LPA,22,2,3,4,4,3,3,2,8.0,No,No,No
HRA241412,Male,Akash Mishra,akash.mishra@hrhub.co.in,akash.mishra,1,Y,80,HRHub Solutions Pvt. Ltd.,Information Technology & Business Services,India,42,36-45,1984-07-31,Single,Diploma,Civil,Uttar Pradesh,Noida,9221991431,Human Resources,HR Executive,Travel_Frequently,Work From Office,19.9,15,3,0,4,2009-02-12,163000,10+ LPA,9,1,3,2,3,1,4,0,8.0,No,No,No
HRA241413,Female,Divya Rao,divya.rao@hrhub.co.in,divya.rao,1,Y,80,HRHub Solutions Pvt. Ltd.,Information Technology & Business Services,India,55,46-55,1971-08-04,Married,MBA,Marketing,West Bengal,Durgapur,9400782693,Administration,Facility Coordinator,Travel_Rarely,Hybrid,33.1,6,4,0,0,1995-12-05,161800,10+ LPA,6,1,2,3,1,4,2,1,4.0,No,No,No
HRA241414,Male,Aarav Kumar,aarav.kumar@hrhub.co.in,aarav.kumar,1,Y,80,HRHub Solutions Pvt. Ltd.,Information Technology & Business Services,India,41,36-45,1985-07-31,Married,MBA,Finance,Karnataka,Hubballi,9831030527,Administration,Office Administrator,Travel_Rarely,Hybrid,10.7,4,2,0,2,2018-04-24,93800,10+ LPA,21,0,3,3,3,3,1,2,10.0,No,No,No
HRA241415,Female,Shreya Mehta,shreya.mehta@hrhub.co.in,shreya.mehta,1,Y,80,HRHub Solutions Pvt. Ltd.,Information Technology & Business Services,India,37,36-45,1989-07-30,Single,Diploma,Computer,Tamil Nadu,Coimbatore,9507231341,Marketing,Marketing Executive,Travel_Frequently,Work From Office,9.0,4,2,2,1,2020-01-04,69150,6-10 LPA,15,1,3,3,1,1,1,1,6.0,Yes,No,No
HRA241416,Male,Sandeep Verma,sandeep.verma@hrhub.co.in,sandeep.verma,1,Y,80,HRHub Solutions Pvt. Ltd.,Information Technology & Business Services,India,44,36-45,1982-08-01,Divorced,MBA,Marketing,Maharashtra,Mumbai,9207906473,Sales,Business Development Executive,Travel_Frequently,Hybrid,0.8,0,0,0,0,2028-03-15,28150,3-6 LPA,7,3,1,4,2,2,1,5,0.8,No,No,No
HRA241417,Female,Divya Roy,divya.roy@hrhub.co.in,divya.roy,1,Y,80,HRHub Solutions Pvt. Ltd.,Information Technology & Business Services,India,50,46-55,1976-08-02,Single,MBA,Operations,Rajasthan,Jodhpur,9358434176,Sales,Sales Manager,Travel_Rarely,Work From Office,4.8,0,0,0,0,2024-03-16,85500,10+ LPA,7,0,2,3,3,4,3,6,2.0,No,No,No
HRA241418,Female,Neha Das,neha.das@hrhub.co.in,neha.das,1,Y,80,HRHub Solutions Pvt. Ltd.,Information Technology & Business Services,India,30,26-35,1996-07-28,Single,High School,General Education,Maharashtra,Pune,9325295691,Administration,Office Administrator,Travel_Rarely,Work From Office,8.4,1,1,0,1,2020-08-10,64850,6-10 LPA,24,2,4,1,3,1,1,1,0.0,No,No,No
HRA241419,Male,Akash Mishra,akash.mishra@hrhub.co.in,akash.mishra,1,Y,80,HRHub Solutions Pvt. Ltd.,Information Technology & Business Services,India,30,26-35,1996-07-28,Single,High School,General Education,Telangana,Warangal,9418384293,Operations,Operations Manager,Non-Travel,Remote,4.3,3,0,1,1,2024-09-15,75250,6-10 LPA,25,0,2,1,3,1,3,3,4.3,No,No,No
HRA241420,Female,Ritika Mishra,ritika.mishra@hrhub.co.in,ritika.mishra,1,Y,80,HRHub Solutions Pvt. Ltd.,Information Technology & Business Services,India,34,26-35,1992-07-29,Married,MBA,Finance,Uttar Pradesh,Kanpur,9618404211,IT,Data Analyst,Travel_Rarely,Hybrid,1.6,1,0,0,0,2027-05-28,36550,3-6 LPA,11,1,3,2,4,1,4,4,1.6,No,No,No
HRA241421,Male,Manish Rao,manish.rao@hrhub.co.in,manish.rao,1,Y,80,HRHub Solutions Pvt. Ltd.,Information Technology & Business Services,India,49,46-55,1977-08-02,Single,Bachelor,Marketing,Gujarat,Ahmedabad,9124175916,Human Resources,Talent Acquisition Specialist,Non-Travel,Work From Office,17.1,14,10,0,4,2011-12-01,152200,10+ LPA,14,0,4,1,1,3,1,1,3.0,No,No,No
HRA241422,Male,Mohit Das,mohit.das@hrhub.co.in,mohit.das,1,Y,80,HRHub Solutions Pvt. Ltd.,Information Technology & Business Services,India,25,18-25,2001-07-27,Married,Diploma,Mechanical,Gujarat,Surat,9761574355,Operations,Operations Executive,Non-Travel,Work From Office,3.1,1,0,0,1,2025-11-27,46300,3-6 LPA,9,3,3,2,3,2,3,5,3.1,No,Yes,No
HRA241423,Male,Pranav Reddy,pranav.reddy@hrhub.co.in,pranav.reddy,1,Y,80,HRHub Solutions Pvt. Ltd.,Information Technology & Business Services,India,24,18-25,2002-07-27,Divorced,Diploma,Computer,Kerala,Thiruvananthapuram,9428906690,Human Resources,HR Business Partner,Travel_Rarely,Work From Office,0.9,0,0,0,0,2028-02-08,34850,3-6 LPA,24,3,4,4,4,1,3,3,0.9,Yes,No,No
HRA241424,Male,Vivek Sharma,vivek.sharma@hrhub.co.in,vivek.sharma,1,Y,80,HRHub Solutions Pvt. Ltd.,Information Technology & Business Services,India,23,18-25,2003-07-27,Single,PhD,Finance,Maharashtra,Mumbai,9243181009,Marketing,Marketing Executive,Travel_Frequently,Work From Office,1.8,0,0,0,0,2027-03-16,30350,3-6 LPA,24,2,3,2,1,4,2,5,1.8,No,No,No
HRA241425,Female,Priya Shah,priya.shah@hrhub.co.in,priya.shah,1,Y,80,HRHub Solutions Pvt. Ltd.,Information Technology & Business Services,India,57,55+,1969-08-04,Married,Master,Computer Science,Tamil Nadu,Madurai,9685749452,Marketing,Content Strategist,Non-Travel,Work From Office,11.5,0,0,0,0,2017-07-06,117750,10+ LPA,6,1,2,4,2,3,3,4,7.0,No,No,No
HRA241426,Female,Deepika Khan,deepika.khan@hrhub.co.in,deepika.khan,1,Y,80,HRHub Solutions Pvt. Ltd.,Information Technology & Business Services,India,44,36-45,1982-08-01,Married,Diploma,Computer,Tamil Nadu,Coimbatore,9863984055,Finance,Financial Analyst,Travel_Rarely,Work From Office,5.0,1,0,0,1,2024-01-03,81500,6-10 LPA,12,3,1,2,4,4,1,2,0.0,No,Yes,No
HRA241427,Female,Kavya Roy,kavya.roy@hrhub.co.in,kavya.roy,1,Y,80,HRHub Solutions Pvt. Ltd.,Information Technology & Business Services,India,20,18-25,2006-07-26,Single,Diploma,Mechanical,Uttar Pradesh,Lucknow,9383040479,Human Resources,Talent Acquisition Specialist,Non-Travel,Remote,0.0,0,0,0,0,2029-01-01,23900,0-3 LPA,24,1,3,2,2,3,4,2,0.0,No,No,No
HRA241428,Male,Manish Saha,manish.saha@hrhub.co.in,manish.saha,1,Y,80,HRHub Solutions Pvt. Ltd.,Information Technology & Business Services,India,59,55+,1967-08-05,Married,Bachelor,Information Technology,Delhi,New Delhi,9720439345,Finance,Accountant,Travel_Rarely,Work From Office,3.9,2,1,1,2,2025-02-08,57800,6-10 LPA,8,1,3,1,2,3,3,1,3.0,No,No,No
HRA241429,Male,Sandeep Shah,sandeep.shah@hrhub.co.in,sandeep.shah,1,Y,80,HRHub Solutions Pvt. Ltd.,Information Technology & Business Services,India,33,26-35,1993-07-29,Single,High School,General Education,Telangana,Warangal,9216256857,Marketing,Content Strategist,Travel_Rarely,Work From Office,3.9,2,0,0,2,2025-02-08,49600,3-6 LPA,6,2,3,2,4,3,2,4,3.9,No,Yes,No
HRA241430,Female,Sneha Mehta,sneha.mehta@hrhub.co.in,sneha.mehta,1,Y,80,HRHub Solutions Pvt. Ltd.,Information Technology & Business Services,India,38,36-45,1988-07-30,Single,MBA,Finance,Maharashtra,Pune,9106568867,Finance,Finance Executive,Non-Travel,Hybrid,10.8,2,1,1,1,2018-03-18,126850,10+ LPA,24,1,3,1,2,2,1,6,5.0,Yes,No,No
HRA241431,Male,Karan Bose,karan.bose@hrhub.co.in,karan.bose,1,Y,80,HRHub Solutions Pvt. Ltd.,Information Technology & Business Services,India,45,36-45,1981-08-01,Married,PhD,Management,West Bengal,Kolkata,9431946574,Marketing,Content Strategist,Non-Travel,Work From Office,10.1,4,4,1,3,2018-11-29,97400,10+ LPA,12,0,3,2,3,4,1,1,4.0,Yes,No,No
HRA241432,Female,Sneha Sinha,sneha.sinha@hrhub.co.in,sneha.sinha,1,Y,80,HRHub Solutions Pvt. Ltd.,Information Technology & Business Services,India,39,36-45,1987-07-31,Married,High School,General Education,Rajasthan,Jaipur,9949305534,Administration,Facility Coordinator,Travel_Rarely,Work From Office,8.2,8,0,2,1,2020-10-23,52900,6-10 LPA,14,2,3,3,2,2,3,5,1.0,No,No,No
HRA241433,Male,Nikhil Verma,nikhil.verma@hrhub.co.in,nikhil.verma,1,Y,80,HRHub Solutions Pvt. Ltd.,Information Technology & Business Services,India,47,46-55,1979-08-02,Married,High School,General Education,Karnataka,Bengaluru,9465307229,Sales,Business Development Executive,Non-Travel,Work From Office,3.8,2,1,0,2,2025-03-16,43450,3-6 LPA,13,3,3,3,3,4,3,0,3.0,No,No,No
HRA241434,Female,Megha Mehta,megha.mehta@hrhub.co.in,megha.mehta,1,Y,80,HRHub Solutions Pvt. Ltd.,Information Technology & Business Services,India,55,46-55,1971-08-04,Married,MBA,Finance,Rajasthan,Jodhpur,9569202835,Finance,Finance Executive,Travel_Rarely,Hybrid,16.3,10,6,3,7,2012-09-18,144500,10+ LPA,8,2,3,3,1,4,1,6,4.0,No,No,No
HRA241435,Female,Anjali Roy,anjali.roy@hrhub.co.in,anjali.roy,1,Y,80,HRHub Solutions Pvt. Ltd.,Information Technology & Business Services,India,56,55+,1970-08-04,Single,Master,Human Resources,Karnataka,Mysuru,9203508368,IT,Software Engineer,Travel_Rarely,Remote,18.5,9,9,3,4,2010-07-08,132600,10+ LPA,12,2,3,2,4,1,1,5,6.0,No,No,Yes
HRA241436,Male,Sandeep Banerjee,sandeep.banerjee@hrhub.co.in,sandeep.banerjee,1,Y,80,HRHub Solutions Pvt. Ltd.,Information Technology & Business Services,India,27,26-35,1999-07-28,Divorced,Bachelor,Commerce,Maharashtra,Pune,9624864499,Marketing,Marketing Executive,Non-Travel,Work From Office,5.5,0,0,0,0,2023-07-05,63400,6-10 LPA,6,1,2,4,1,2,1,3,3.0,No,No,No
HRA241437,Male,Harsh Patel,harsh.patel@hrhub.co.in,harsh.patel,1,Y,80,HRHub Solutions Pvt. Ltd.,Information Technology & Business Services,India,45,36-45,1981-08-01,Single,High School,General Education,West Bengal,Kolkata,9386741714,Human Resources,Talent Acquisition Specialist,Travel_Rarely,Work From Office,18.9,2,0,1,1,2010-02-12,175100,10+ LPA,21,2,3,4,1,4,2,2,8.0,No,No,No
HRA241438,Male,Vikas Jain,vikas.jain@hrhub.co.in,vikas.jain,1,Y,80,HRHub Solutions Pvt. Ltd.,Information Technology & Business Services,India,20,18-25,2006-07-26,Married,Bachelor,Commerce,Kerala,Kozhikode,9818958123,Operations,Supply Chain Coordinator,Travel_Rarely,Work From Office,0.0,0,0,0,0,2029-01-01,20650,0-3 LPA,21,3,3,4,1,3,1,1,0.0,Yes,No,No
HRA241439,Female,Harini Chatterjee,harini.chatterjee@hrhub.co.in,harini.chatterjee,1,Y,80,HRHub Solutions Pvt. Ltd.,Information Technology & Business Services,India,29,26-35,1997-07-28,Married,PhD,Management,Karnataka,Hubballi,9776983671,Finance,Finance Executive,Travel_Rarely,Work From Office,2.9,2,0,1,1,2026-02-08,44300,3-6 LPA,6,0,4,2,4,2,1,2,2.9,Yes,No,No
HRA241440,Female,Ananya Mehta,ananya.mehta@hrhub.co.in,ananya.mehta,1,Y,80,HRHub Solutions Pvt. Ltd.,Information Technology & Business Services,India,38,36-45,1988-07-30,Married,High School,General Education,Tamil Nadu,Coimbatore,9520981481,Marketing,Digital Marketing Specialist,Travel_Rarely,Work From Office,6.2,0,0,0,0,2022-10-22,71250,6-10 LPA,16,0,3,2,3,3,1,0,6.2,No,Yes,No
HRA241441,Male,Raj Verma,raj.verma@hrhub.co.in,raj.verma,1,Y,80,HRHub Solutions Pvt. Ltd.,Information Technology & Business Services,India,50,46-55,1976-08-02,Single,Bachelor,Finance,Tamil Nadu,Coimbatore,9544806344,Operations,Operations Manager,Travel_Rarely,Work From Office,8.4,7,0,1,6,2020-08-10,138950,10+ LPA,9,3,1,1,2,1,3,2,8.4,Yes,No,No
HRA241442,Female,Swati Patel,swati.patel@hrhub.co.in,swati.patel,1,Y,80,HRHub Solutions Pvt. Ltd.,Information Technology & Business Services,India,27,26-35,1999-07-28,Single,MBA,Finance,Tamil Nadu,Madurai,9441116496,Human Resources,Talent Acquisition Specialist,Non-Travel,Hybrid,3.9,3,0,1,2,2025-02-08,46750,3-6 LPA,13,2,3,1,1,1,4,1,3.9,Yes,Yes,No
HRA241443,Male,Gaurav Patel,gaurav.patel@hrhub.co.in,gaurav.patel,1,Y,80,HRHub Solutions Pvt. Ltd.,Information Technology & Business Services,India,36,36-45,1990-07-30,Single,PhD,Finance,Rajasthan,Jaipur,9489783909,Administration,Facility Coordinator,Travel_Rarely,Work From Office,0.5,0,0,0,0,2028-07-03,21650,0-3 LPA,12,1,3,1,1,1,1,6,0.5,No,Yes,No
HRA241444,Male,Manish Mishra,manish.mishra@hrhub.co.in,manish.mishra,1,Y,80,HRHub Solutions Pvt. Ltd.,Information Technology & Business Services,India,49,46-55,1977-08-02,Single,Bachelor,Marketing,Gujarat,Surat,9682106908,Marketing,Digital Marketing Specialist,Non-Travel,Work From Office,15.2,10,3,5,5,2013-10-24,182750,10+ LPA,17,3,2,3,3,4,4,6,9.0,No,Yes,No
HRA241445,Female,Riya Roy,riya.roy@hrhub.co.in,riya.roy,1,Y,80,HRHub Solutions Pvt. Ltd.,Information Technology & Business Services,India,26,26-35,2000-07-27,Married,Bachelor,Finance,Tamil Nadu,Chennai,9579376028,Marketing,Digital Marketing Specialist,Travel_Rarely,Work From Office,3.8,0,0,0,0,2025-03-16,48450,3-6 LPA,14,0,2,3,1,3,3,6,3.8,No,Yes,Yes
HRA241446,Female,Sneha Mehta,sneha.mehta@hrhub.co.in,sneha.mehta,1,Y,80,HRHub Solutions Pvt. Ltd.,Information Technology & Business Services,India,49,46-55,1977-08-02,Divorced,Diploma,Computer,Rajasthan,Udaipur,9185678863,Finance,Finance Executive,Travel_Rarely,Work From Office,16.4,13,5,5,13,2012-08-13,163500,10+ LPA,10,2,4,3,3,2,1,3,7.0,No,Yes,Yes
HRA241447,Female,Ananya Kapoor,ananya.kapoor@hrhub.co.in,ananya.kapoor,1,Y,80,HRHub Solutions Pvt. Ltd.,Information Technology & Business Services,India,46,46-55,1980-08-01,Married,PhD,Finance,Uttar Pradesh,Kanpur,9644150795,Marketing,Digital Marketing Specialist,Travel_Rarely,Work From Office,21.9,4,2,0,4,2007-02-13,154600,10+ LPA,18,2,3,3,2,3,4,4,6.0,No,No,No
HRA241448,Female,Anjali Chatterjee,anjali.chatterjee@hrhub.co.in,anjali.chatterjee,1,Y,80,HRHub Solutions Pvt. Ltd.,Information Technology & Business Services,India,30,26-35,1996-07-28,Married,Bachelor,Business Administration,Karnataka,Hubballi,9302999030,Finance,Finance Executive,Travel_Frequently,Hybrid,4.3,0,0,0,0,2024-09-15,55050,6-10 LPA,5,2,3,3,2,1,3,4,4.3,No,No,No
HRA241449,Male,Aditya Mishra,aditya.mishra@hrhub.co.in,aditya.mishra,1,Y,80,HRHub Solutions Pvt. Ltd.,Information Technology & Business Services,India,60,55+,1966-08-05,Married,Bachelor,Finance,Uttar Pradesh,Noida,9376076069,Human Resources,HR Executive,Travel_Rarely,Work From Office,28.8,25,5,10,11,2000-03-22,174650,10+ LPA,21,2,4,2,3,1,4,5,4.0,No,No,No
HRA241450,Female,Riya Saha,riya.saha@hrhub.co.in,riya.saha,1,Y,80,HRHub Solutions Pvt. Ltd.,Information Technology & Business Services,India,34,26-35,1992-07-29,Single,MBA,Finance,Uttar Pradesh,Noida,9813010356,Operations,Operations Executive,Travel_Rarely,Hybrid,8.1,4,4,0,1,2020-11-28,66000,6-10 LPA,8,3,3,3,4,4,2,0,3.0,No,Yes,No
HRA241451,Male,Rahul Sinha,rahul.sinha@hrhub.co.in,rahul.sinha,1,Y,80,HRHub Solutions Pvt. Ltd.,Information Technology & Business Services,India,20,18-25,2006-07-26,Single,Master,Finance,Kerala,Kozhikode,9355973286,Marketing,Digital Marketing Specialist,Travel_Rarely,Hybrid,0.0,0,0,0,0,2029-01-01,35650,3-6 LPA,8,1,1,4,1,3,3,4,0.0,No,Yes,No
HRA241452,Male,Pranav Sharma,pranav.sharma@hrhub.co.in,pranav.sharma,1,Y,80,HRHub Solutions Pvt. Ltd.,Information Technology & Business Services,India,47,46-55,1979-08-02,Married,Diploma,Electrical,Delhi,New Delhi,9655151927,Operations,Operations Manager,Travel_Frequently,Work From Office,21.2,13,7,2,8,2007-10-26,204100,10+ LPA,21,1,3,2,3,1,3,0,9.0,No,Yes,Yes
HRA241453,Female,Ritika Rao,ritika.rao@hrhub.co.in,ritika.rao,1,Y,80,HRHub Solutions Pvt. Ltd.,Information Technology & Business Services,India,18,18-25,2008-07-25,Single,MBA,Finance,West Bengal,Howrah,9954250434,Human Resources,HR Executive,Travel_Rarely,Work From Office,0.0,0,0,0,0,2029-01-01,26650,3-6 LPA,23,2,3,3,2,3,2,6,0.0,Yes,No,No
HRA241454,Female,Megha Singh,megha.singh@hrhub.co.in,megha.singh,1,Y,80,HRHub Solutions Pvt. Ltd.,Information Technology & Business Services,India,27,26-35,1999-07-28,Married,Diploma,Computer,Kerala,Kochi,9382205025,Sales,Business Development Executive,Travel_Rarely,Remote,4.6,2,1,0,0,2024-05-29,47850,3-6 LPA,20,2,4,4,4,1,4,2,4.6,No,No,No
HRA241455,Female,Pooja Khan,pooja.khan@hrhub.co.in,pooja.khan,1,Y,80,HRHub Solutions Pvt. Ltd.,Information Technology & Business Services,India,54,46-55,1972-08-03,Married,Bachelor,Information Technology,Delhi,New Delhi,9712122701,Administration,Facility Coordinator,Travel_Rarely,Work From Office,24.8,14,3,7,10,2004-03-21,166850,10+ LPA,11,1,4,3,1,1,2,1,7.0,No,Yes,No
HRA241456,Female,Swati Sharma,swati.sharma@hrhub.co.in,swati.sharma,1,Y,80,HRHub Solutions Pvt. Ltd.,Information Technology & Business Services,India,18,18-25,2008-07-25,Single,High School,General Education,Delhi,New Delhi,9180982053,Operations,Operations Executive,Non-Travel,Hybrid,0.0,0,0,0,0,2029-01-01,30900,3-6 LPA,19,2,3,1,3,2,1,3,0.0,No,Yes,No
HRA241457,Female,Vidya Agarwal,vidya.agarwal@hrhub.co.in,vidya.agarwal,1,Y,80,HRHub Solutions Pvt. Ltd.,Information Technology & Business Services,India,58,55+,1968-08-04,Married,Bachelor,Information Technology,Karnataka,Mysuru,9878300575,Finance,Financial Analyst,Travel_Rarely,Remote,19.0,12,4,4,10,2010-01-06,178350,10+ LPA,22,3,4,1,1,4,2,0,0.0,No,No,No
HRA241458,Male,Amit Rao,amit.rao@hrhub.co.in,amit.rao,1,Y,80,HRHub Solutions Pvt. Ltd.,Information Technology & Business Services,India,28,26-35,1998-07-28,Married,PhD,Management,Delhi,New Delhi,9382181088,IT,System Administrator,Non-Travel,Work From Office,1.9,0,0,0,0,2027-02-08,35400,3-6 LPA,23,1,4,3,3,3,1,0,1.9,No,No,No
HRA241459,Female,Tanvi Sinha,tanvi.sinha@hrhub.co.in,tanvi.sinha,1,Y,80,HRHub Solutions Pvt. Ltd.,Information Technology & Business Services,India,45,36-45,1981-08-01,Married,MBA,Operations,Kerala,Thiruvananthapuram,9087099935,Human Resources,Talent Acquisition Specialist,Travel_Rarely,Remote,21.5,19,6,1,14,2007-07-09,181550,10+ LPA,20,0,3,2,2,1,4,3,9.0,No,No,No
HRA241460,Male,Amit Kumar,amit.kumar@hrhub.co.in,amit.kumar,1,Y,80,HRHub Solutions Pvt. Ltd.,Information Technology & Business Services,India,55,46-55,1971-08-04,Single,Master,Finance,Karnataka,Mysuru,9305961605,Administration,Administrative Executive,Travel_Frequently,Work From Office,3.1,1,1,0,1,2025-11-27,32600,3-6 LPA,5,0,3,2,2,2,2,1,3.1,No,No,Yes
HRA241461,Female,Neha Mehta,neha.mehta@hrhub.co.in,neha.mehta,1,Y,80,HRHub Solutions Pvt. Ltd.,Information Technology & Business Services,India,37,36-45,1989-07-30,Single,Bachelor,Business Administration,Rajasthan,Jaipur,9972396124,Finance,Finance Executive,Travel_Frequently,Work From Office,2.8,0,0,0,0,2026-03-17,48250,3-6 LPA,18,0,3,3,3,3,2,2,2.8,No,No,No
HRA241462,Male,Deepak Ghosh,deepak.ghosh@hrhub.co.in,deepak.ghosh,1,Y,80,HRHub Solutions Pvt. Ltd.,Information Technology & Business Services,India,31,26-35,1995-07-29,Married,Bachelor,Information Technology,Gujarat,Surat,9953945592,Marketing,Content Strategist,Travel_Rarely,Work From Office,6.3,5,0,1,2,2022-09-16,70450,6-10 LPA,17,2,2,2,2,4,4,2,2.0,No,Yes,No
HRA241463,Female,Anjali Das,anjali.das@hrhub.co.in,anjali.das,1,Y,80,HRHub Solutions Pvt. Ltd.,Information Technology & Business Services,India,50,46-55,1976-08-02,Single,PhD,Management,Delhi,New Delhi,9322556001,Administration,Office Administrator,Travel_Rarely,Work From Office,14.0,3,3,1,1,2015-01-05,110250,10+ LPA,13,1,3,2,2,2,4,5,1.0,No,No,No
HRA241464,Female,Harini Kumar,harini.kumar@hrhub.co.in,harini.kumar,1,Y,80,HRHub Solutions Pvt. Ltd.,Information Technology & Business Services,India,56,55+,1970-08-04,Married,High School,General Education,Tamil Nadu,Coimbatore,9043124021,Human Resources,HR Executive,Travel_Frequently,Work From Office,9.9,9,2,0,4,2019-02-10,57550,6-10 LPA,19,0,1,1,1,3,3,0,2.0,No,No,No
HRA241465,Male,Nikhil Joshi,nikhil.joshi@hrhub.co.in,nikhil.joshi,1,Y,80,HRHub Solutions Pvt. Ltd.,Information Technology & Business Services,India,29,26-35,1997-07-28,Single,PhD,Finance,Rajasthan,Jodhpur,9633200268,Finance,Finance Executive,Travel_Rarely,Work From Office,3.7,2,2,1,0,2025-04-22,59950,6-10 LPA,8,0,2,2,4,1,1,6,3.7,No,Yes,No
HRA241466,Female,Khushi Mukherjee,khushi.mukherjee@hrhub.co.in,khushi.mukherjee,1,Y,80,HRHub Solutions Pvt. Ltd.,Information Technology & Business Services,India,40,36-45,1986-07-31,Single,PhD,Management,Karnataka,Bengaluru,9961107647,Finance,Financial Analyst,Travel_Rarely,Work From Office,1.9,1,0,0,0,2027-02-08,33500,3-6 LPA,22,2,4,3,4,1,1,4,1.0,No,No,No
HRA241467,Female,Megha Agarwal,megha.agarwal@hrhub.co.in,megha.agarwal,1,Y,80,HRHub Solutions Pvt. Ltd.,Information Technology & Business Services,India,31,26-35,1995-07-29,Married,High School,General Education,Uttar Pradesh,Kanpur,9261568493,Operations,Operations Executive,Travel_Rarely,Work From Office,4.4,4,2,1,1,2024-08-09,56250,6-10 LPA,12,2,3,4,2,1,1,4,4.4,No,No,No
HRA241468,Male,Varun Ghosh,varun.ghosh@hrhub.co.in,varun.ghosh,1,Y,80,HRHub Solutions Pvt. Ltd.,Information Technology & Business Services,India,41,36-45,1985-07-31,Married,MBA,Human Resources,Delhi,New Delhi,9295431303,Human Resources,HR Executive,Travel_Frequently,Remote,6.2,1,0,0,0,2022-10-22,79250,6-10 LPA,17,3,2,2,3,2,3,6,4.0,No,No,No
HRA241469,Male,Shubham Bose,shubham.bose@hrhub.co.in,shubham.bose,1,Y,80,HRHub Solutions Pvt. Ltd.,Information Technology & Business Services,India,31,26-35,1995-07-29,Single,Master,Finance,Tamil Nadu,Chennai,9176979709,Marketing,Content Strategist,Travel_Rarely,Work From Office,1.7,0,0,0,0,2027-04-22,38500,3-6 LPA,21,2,3,3,3,3,2,5,1.7,No,Yes,No
HRA241470,Female,Ishita Sharma,ishita.sharma@hrhub.co.in,ishita.sharma,1,Y,80,HRHub Solutions Pvt. Ltd.,Information Technology & Business Services,India,58,55+,1968-08-04,Married,High School,General Education,Rajasthan,Jaipur,9281595726,IT,Network Engineer,Travel_Frequently,Hybrid,17.8,17,14,6,1,2011-03-20,157250,10+ LPA,7,1,3,4,2,2,3,6,6.0,No,No,No
HRA241471,Male,Ankit Bose,ankit.bose@hrhub.co.in,ankit.bose,1,Y,80,HRHub Solutions Pvt. Ltd.,Information Technology & Business Services,India,21,18-25,2005-07-26,Married,Bachelor,Commerce,Telangana,Warangal,9768017829,Operations,Operations Executive,Travel_Rarely,Remote,0.0,0,0,0,0,2029-01-01,31150,3-6 LPA,23,3,3,4,1,4,1,6,0.0,No,No,No
HRA241472,Female,Vaishnavi Agarwal,vaishnavi.agarwal@hrhub.co.in,vaishnavi.agarwal,1,Y,80,HRHub Solutions Pvt. Ltd.,Information Technology & Business Services,India,34,26-35,1992-07-29,Single,Diploma,Civil,Tamil Nadu,Madurai,9137026892,Administration,Office Administrator,Non-Travel,Work From Office,2.2,2,0,1,1,2026-10-21,41550,3-6 LPA,14,0,3,3,4,3,1,3,1.0,No,Yes,No
HRA241473,Male,Varun Joshi,varun.joshi@hrhub.co.in,varun.joshi,1,Y,80,HRHub Solutions Pvt. Ltd.,Information Technology & Business Services,India,44,36-45,1982-08-01,Single,Diploma,Mechanical,Karnataka,Hubballi,9728843597,Marketing,Content Strategist,Non-Travel,Work From Office,8.8,1,0,0,1,2020-03-17,57150,6-10 LPA,20,2,3,1,2,1,1,2,8.8,No,No,No
HRA241474,Female,Vaishnavi Agarwal,vaishnavi.agarwal@hrhub.co.in,vaishnavi.agarwal,1,Y,80,HRHub Solutions Pvt. Ltd.,Information Technology & Business Services,India,50,46-55,1976-08-02,Married,MBA,Finance,Tamil Nadu,Madurai,9267269668,Finance,Finance Executive,Travel_Rarely,Work From Office,8.0,7,4,3,2,2021-01-03,70750,6-10 LPA,19,3,3,3,4,3,3,0,3.0,No,Yes,No
HRA241475,Male,Aditya Kapoor,aditya.kapoor@hrhub.co.in,aditya.kapoor,1,Y,80,HRHub Solutions Pvt. Ltd.,Information Technology & Business Services,India,18,18-25,2008-07-25,Married,Bachelor,Commerce,Delhi,New Delhi,9100315391,Finance,Accountant,Non-Travel,Remote,0.0,0,0,0,0,2029-01-01,31250,3-6 LPA,7,2,3,1,3,3,1,1,0.0,No,Yes,Yes
HRA241476,Female,Anusha Rao,anusha.rao@hrhub.co.in,anusha.rao,1,Y,80,HRHub Solutions Pvt. Ltd.,Information Technology & Business Services,India,33,26-35,1993-07-29,Single,PhD,Computer Science,Maharashtra,Nagpur,9637012677,Administration,Administrative Executive,Travel_Frequently,Work From Office,9.3,8,2,2,8,2019-09-17,67550,6-10 LPA,12,0,3,4,2,1,3,6,0.0,Yes,No,Yes
HRA241477,Female,Sonali Joshi,sonali.joshi@hrhub.co.in,sonali.joshi,1,Y,80,HRHub Solutions Pvt. Ltd.,Information Technology & Business Services,India,56,55+,1970-08-04,Married,PhD,Computer Science,Telangana,Warangal,9953479576,Sales,Sales Manager,Travel_Rarely,Work From Office,15.3,3,1,0,1,2013-09-18,163100,10+ LPA,20,0,3,2,2,3,4,1,7.0,No,No,No
HRA241478,Female,Nikita Sinha,nikita.sinha@hrhub.co.in,nikita.sinha,1,Y,80,HRHub Solutions Pvt. Ltd.,Information Technology & Business Services,India,32,26-35,1994-07-29,Married,MBA,Human Resources,Rajasthan,Udaipur,9184986935,Administration,Office Administrator,Travel_Rarely,Remote,4.0,0,0,0,0,2025-01-02,46350,3-6 LPA,11,2,3,4,4,4,4,6,4.0,No,No,Yes
HRA241479,Female,Priya Singh,priya.singh@hrhub.co.in,priya.singh,1,Y,80,HRHub Solutions Pvt. Ltd.,Information Technology & Business Services,India,40,36-45,1986-07-31,Married,High School,General Education,Maharashtra,Pune,9248351670,Administration,Office Administrator,Travel_Rarely,Work From Office,6.3,3,2,1,2,2022-09-16,69300,6-10 LPA,13,3,3,2,3,2,2,0,6.3,No,No,No
HRA241480,Female,Shreya Banerjee,shreya.banerjee@hrhub.co.in,shreya.banerjee,1,Y,80,HRHub Solutions Pvt. Ltd.,Information Technology & Business Services,India,47,46-55,1979-08-02,Single,High School,General Education,Tamil Nadu,Coimbatore,9700246295,Operations,Supply Chain Coordinator,Travel_Rarely,Work From Office,0.6,0,0,0,0,2028-05-27,25050,3-6 LPA,23,2,4,4,4,4,1,1,0.6,No,No,No
HRA241481,Female,Vaishnavi Shah,vaishnavi.shah@hrhub.co.in,vaishnavi.shah,1,Y,80,HRHub Solutions Pvt. Ltd.,Information Technology & Business Services,India,18,18-25,2008-07-25,Married,High School,General Education,West Bengal,Kolkata,9767360517,Administration,Office Administrator,Non-Travel,Work From Office,0.0,0,0,0,0,2029-01-01,31250,3-6 LPA,23,3,3,3,1,2,3,3,0.0,No,Yes,No
HRA241482,Female,Sonali Khan,sonali.khan@hrhub.co.in,sonali.khan,1,Y,80,HRHub Solutions Pvt. Ltd.,Information Technology & Business Services,India,44,36-45,1982-08-01,Divorced,Diploma,Electrical,Karnataka,Hubballi,9314256035,Administration,Facility Coordinator,Travel_Rarely,Work From Office,20.5,7,1,2,6,2008-07-08,121400,10+ LPA,18,0,3,1,3,3,3,4,7.0,No,Yes,Yes
HRA241483,Male,Vikas Ghosh,vikas.ghosh@hrhub.co.in,vikas.ghosh,1,Y,80,HRHub Solutions Pvt. Ltd.,Information Technology & Business Services,India,21,18-25,2005-07-26,Married,PhD,Finance,Karnataka,Mysuru,9096466424,Marketing,Digital Marketing Specialist,Non-Travel,Work From Office,0.0,0,0,0,0,2029-01-01,25500,3-6 LPA,8,2,3,4,3,4,1,6,0.0,No,No,No
HRA241484,Female,Vidya Joshi,vidya.joshi@hrhub.co.in,vidya.joshi,1,Y,80,HRHub Solutions Pvt. Ltd.,Information Technology & Business Services,India,47,46-55,1979-08-02,Single,Diploma,Computer,Telangana,Hyderabad,9176147027,Marketing,Content Strategist,Travel_Frequently,Work From Office,20.0,8,8,3,1,2009-01-06,130300,10+ LPA,19,1,3,4,1,3,4,2,3.0,No,No,No
HRA241485,Male,Gaurav Banerjee,gaurav.banerjee@hrhub.co.in,gaurav.banerjee,1,Y,80,HRHub Solutions Pvt. Ltd.,Information Technology & Business Services,India,18,18-25,2008-07-25,Single,Diploma,Mechanical,West Bengal,Durgapur,9895548172,IT,Network Engineer,Non-Travel,Remote,0.0,0,0,0,0,2029-01-01,34600,3-6 LPA,10,0,2,3,3,4,1,1,0.0,No,No,No
HRA241486,Female,Deepika Agarwal,deepika.agarwal@hrhub.co.in,deepika.agarwal,1,Y,80,HRHub Solutions Pvt. Ltd.,Information Technology & Business Services,India,57,55+,1969-08-04,Single,Diploma,Mechanical,Uttar Pradesh,Kanpur,9864897143,Marketing,Digital Marketing Specialist,Travel_Rarely,Remote,23.1,1,0,0,1,2005-12-02,158150,10+ LPA,5,0,4,2,2,1,2,2,9.0,Yes,No,No
HRA241487,Male,Aditya Shah,aditya.shah@hrhub.co.in,aditya.shah,1,Y,80,HRHub Solutions Pvt. Ltd.,Information Technology & Business Services,India,53,46-55,1973-08-03,Married,High School,General Education,Kerala,Kochi,9154056269,Operations,Operations Manager,Travel_Rarely,Work From Office,15.6,6,4,2,2,2013-05-31,229250,10+ LPA,24,0,3,1,3,4,2,0,9.0,No,No,No
HRA241488,Female,Vaishnavi Reddy,vaishnavi.reddy@hrhub.co.in,vaishnavi.reddy,1,Y,80,HRHub Solutions Pvt. Ltd.,Information Technology & Business Services,India,21,18-25,2005-07-26,Single,PhD,Computer Science,Tamil Nadu,Madurai,9139294287,Finance,Financial Analyst,Travel_Rarely,Work From Office,0.0,0,0,0,0,2029-01-01,37100,3-6 LPA,5,3,3,2,1,1,4,5,0.0,Yes,No,No
HRA241489,Female,Ishita Reddy,ishita.reddy@hrhub.co.in,ishita.reddy,1,Y,80,HRHub Solutions Pvt. Ltd.,Information Technology & Business Services,India,25,18-25,2001-07-27,Married,High School,General Education,Tamil Nadu,Madurai,9341062864,IT,Data Analyst,Travel_Rarely,Work From Office,2.8,2,1,0,2,2026-03-17,44550,3-6 LPA,19,1,3,3,1,3,4,2,2.0,No,No,No
HRA241490,Female,Sonali Joshi,sonali.joshi@hrhub.co.in,sonali.joshi,1,Y,80,HRHub Solutions Pvt. Ltd.,Information Technology & Business Services,India,40,36-45,1986-07-31,Married,Bachelor,Computer Science,Karnataka,Mysuru,9131489719,Human Resources,HR Business Partner,Non-Travel,Work From Office,3.4,0,0,0,0,2025-08-09,40150,3-6 LPA,22,1,2,4,4,4,3,1,3.4,No,Yes,No
HRA241491,Female,Vidya Sharma,vidya.sharma@hrhub.co.in,vidya.sharma,1,Y,80,HRHub Solutions Pvt. Ltd.,Information Technology & Business Services,India,37,36-45,1989-07-30,Single,PhD,Management,Delhi,New Delhi,9644690246,IT,Network Engineer,Non-Travel,Hybrid,10.0,0,0,0,0,2019-01-04,127550,10+ LPA,12,1,2,3,4,2,2,6,5.0,Yes,No,No
HRA241492,Male,Rahul Saha,rahul.saha@hrhub.co.in,rahul.saha,1,Y,80,HRHub Solutions Pvt. Ltd.,Information Technology & Business Services,India,24,18-25,2002-07-27,Married,PhD,Management,Delhi,New Delhi,9429185168,IT,Data Analyst,Travel_Rarely,Hybrid,2.9,1,0,0,0,2026-02-08,58500,6-10 LPA,19,1,2,2,1,1,3,4,2.9,No,No,No
HRA241493,Female,Neha Nair,neha.nair@hrhub.co.in,neha.nair,1,Y,80,HRHub Solutions Pvt. Ltd.,Information Technology & Business Services,India,26,26-35,2000-07-27,Married,MBA,Operations,West Bengal,Durgapur,9607187097,Sales,Sales Manager,Travel_Rarely,Work From Office,1.6,0,0,0,0,2027-05-28,69250,6-10 LPA,25,1,3,3,3,2,3,1,1.6,No,No,No
HRA241494,Male,Vikas Sharma,vikas.sharma@hrhub.co.in,vikas.sharma,1,Y,80,HRHub Solutions Pvt. Ltd.,Information Technology & Business Services,India,48,46-55,1978-08-02,Married,High School,General Education,Tamil Nadu,Coimbatore,9094832616,IT,Network Engineer,Travel_Rarely,Work From Office,23.3,19,9,6,17,2005-09-20,156800,10+ LPA,17,3,4,4,2,3,1,2,8.0,Yes,No,No
HRA241495,Female,Ananya Sharma,ananya.sharma@hrhub.co.in,ananya.sharma,1,Y,80,HRHub Solutions Pvt. Ltd.,Information Technology & Business Services,India,37,36-45,1989-07-30,Married,MBA,Marketing,West Bengal,Kolkata,9735947145,Operations,Operations Manager,Non-Travel,Work From Office,4.9,0,0,0,0,2024-02-09,94300,10+ LPA,23,0,4,4,2,4,1,5,4.9,No,Yes,No
HRA241496,Female,Neha Sen,neha.sen@hrhub.co.in,neha.sen,1,Y,80,HRHub Solutions Pvt. Ltd.,Information Technology & Business Services,India,20,18-25,2006-07-26,Single,Diploma,Mechanical,Kerala,Thiruvananthapuram,9559042168,Human Resources,HR Executive,Non-Travel,Work From Office,0.0,0,0,0,0,2029-01-01,29600,3-6 LPA,25,1,3,4,3,3,4,4,0.0,No,No,No
HRA241497,Male,Akash Mehta,akash.mehta@hrhub.co.in,akash.mehta,1,Y,80,HRHub Solutions Pvt. Ltd.,Information Technology & Business Services,India,23,18-25,2003-07-27,Single,MBA,Human Resources,Rajasthan,Jodhpur,9824278108,Finance,Accountant,Travel_Rarely,Work From Office,1.7,0,0,0,0,2027-04-22,27050,3-6 LPA,20,3,3,1,2,4,2,3,1.7,No,Yes,No
HRA241498,Female,Shreya Sinha,shreya.sinha@hrhub.co.in,shreya.sinha,1,Y,80,HRHub Solutions Pvt. Ltd.,Information Technology & Business Services,India,51,46-55,1975-08-03,Single,Master,Human Resources,Kerala,Kochi,9627773023,IT,Software Engineer,Travel_Rarely,Work From Office,1.1,1,1,0,0,2027-11-27,34750,3-6 LPA,23,1,3,3,1,4,4,0,1.1,No,No,No
HRA241499,Female,Kavya Shah,kavya.shah@hrhub.co.in,kavya.shah,1,Y,80,HRHub Solutions Pvt. Ltd.,Information Technology & Business Services,India,29,26-35,1997-07-28,Single,MBA,Finance,Karnataka,Mysuru,9073191975,Sales,Sales Manager,Travel_Frequently,Work From Office,3.2,3,0,1,2,2025-10-21,113900,10+ LPA,22,3,4,2,3,4,3,2,3.2,No,No,No
HRA241500,Male,Ayush Banerjee,ayush.banerjee@hrhub.co.in,ayush.banerjee,1,Y,80,HRHub Solutions Pvt. Ltd.,Information Technology & Business Services,India,30,26-35,1996-07-28,Single,MBA,Human Resources,Kerala,Kochi,9887056768,Administration,Office Administrator,Non-Travel,Work From Office,4.0,1,0,0,0,2025-01-02,36450,3-6 LPA,10,3,4,1,1,1,4,5,0.0,No,Yes,No
HRA241501,Male,Vikas Mukherjee,vikas.mukherjee@hrhub.co.in,vikas.mukherjee,1,Y,80,HRHub Solutions Pvt. Ltd.,Information Technology & Business Services,India,48,46-55,1978-08-02,Single,MBA,Marketing,Tamil Nadu,Coimbatore,9365359685,Operations,Operations Manager,Travel_Frequently,Hybrid,14.7,9,0,2,0,2014-04-25,163050,10+ LPA,17,3,3,4,4,3,4,2,0.0,No,Yes,No
HRA241502,Male,Aarav Jain,aarav.jain@hrhub.co.in,aarav.jain,1,Y,80,HRHub Solutions Pvt. Ltd.,Information Technology & Business Services,India,47,46-55,1979-08-02,Single,High School,General Education,Telangana,Hyderabad,9924948403,Administration,Office Administrator,Travel_Frequently,Work From Office,12.3,12,7,2,2,2016-09-17,116150,10+ LPA,13,1,3,3,1,4,4,2,6.0,No,No,No
HRA241503,Female,Pooja Reddy,pooja.reddy@hrhub.co.in,pooja.reddy,1,Y,80,HRHub Solutions Pvt. Ltd.,Information Technology & Business Services,India,25,18-25,2001-07-27,Married,Master,Human Resources,Tamil Nadu,Coimbatore,9368052457,Sales,Business Development Executive,Non-Travel,Work From Office,0.2,0,0,0,0,2028-10-20,27900,3-6 LPA,17,2,3,2,2,4,4,2,0.2,No,No,No
HRA241504,Female,Pooja Das,pooja.das@hrhub.co.in,pooja.das,1,Y,80,HRHub Solutions Pvt. Ltd.,Information Technology & Business Services,India,24,18-25,2002-07-27,Divorced,PhD,Finance,West Bengal,Howrah,9635057059,Sales,Sales Executive,Travel_Frequently,Hybrid,1.5,1,1,0,0,2027-07-04,27400,3-6 LPA,22,1,3,2,2,3,4,1,1.5,No,Yes,Yes
HRA241505,Male,Raj Sen,raj.sen@hrhub.co.in,raj.sen,1,Y,80,HRHub Solutions Pvt. Ltd.,Information Technology & Business Services,India,27,26-35,1999-07-28,Married,High School,General Education,Maharashtra,Pune,9540968230,Administration,Office Administrator,Travel_Rarely,Work From Office,1.0,1,1,0,0,2028-01-02,26800,3-6 LPA,25,3,3,2,3,1,3,3,1.0,No,No,No
HRA241506,Female,Aditi Roy,aditi.roy@hrhub.co.in,aditi.roy,1,Y,80,HRHub Solutions Pvt. Ltd.,Information Technology & Business Services,India,18,18-25,2008-07-25,Single,PhD,Management,West Bengal,Durgapur,9970965017,IT,Data Analyst,Travel_Rarely,Work From Office,0.0,0,0,0,0,2029-01-01,28800,3-6 LPA,8,1,3,3,3,2,4,4,0.0,No,Yes,No
HRA241507,Female,Neha Jain,neha.jain@hrhub.co.in,neha.jain,1,Y,80,HRHub Solutions Pvt. Ltd.,Information Technology & Business Services,India,48,46-55,1978-08-02,Single,High School,General Education,Karnataka,Hubballi,9013742587,Administration,Office Administrator,Travel_Rarely,Work From Office,8.2,2,0,1,1,2020-10-23,59800,6-10 LPA,8,0,3,4,3,4,3,5,4.0,Yes,No,No
HRA241508,Male,Arjun Joshi,arjun.joshi@hrhub.co.in,arjun.joshi,1,Y,80,HRHub Solutions Pvt. Ltd.,Information Technology & Business Services,India,57,55+,1969-08-04,Single,Diploma,Civil,Rajasthan,Udaipur,9420986097,Marketing,Digital Marketing Specialist,Travel_Frequently,Work From Office,18.9,6,4,1,5,2010-02-12,144200,10+ LPA,25,0,2,2,4,2,2,4,2.0,No,No,No
HRA241509,Female,Harini Chatterjee,harini.chatterjee@hrhub.co.in,harini.chatterjee,1,Y,80,HRHub Solutions Pvt. Ltd.,Information Technology & Business Services,India,32,26-35,1994-07-29,Single,High School,General Education,Gujarat,Surat,9433950397,Marketing,Content Strategist,Non-Travel,Work From Office,10.4,0,0,0,0,2018-08-11,126050,10+ LPA,21,3,3,1,2,4,4,2,6.0,No,Yes,No
HRA241510,Male,Deepak Kapoor,deepak.kapoor@hrhub.co.in,deepak.kapoor,1,Y,80,HRHub Solutions Pvt. Ltd.,Information Technology & Business Services,India,55,46-55,1971-08-04,Single,Master,Computer Science,West Bengal,Durgapur,9768067048,Administration,Office Administrator,Travel_Rarely,Work From Office,24.4,24,23,0,13,2004-08-14,160550,10+ LPA,5,1,3,3,4,3,1,3,7.0,No,Yes,Yes
HRA241511,Male,Ankit Ghosh,ankit.ghosh@hrhub.co.in,ankit.ghosh,1,Y,80,HRHub Solutions Pvt. Ltd.,Information Technology & Business Services,India,24,18-25,2002-07-27,Married,MBA,Finance,Delhi,New Delhi,9631013880,Marketing,Content Strategist,Travel_Rarely,Work From Office,2.2,1,1,0,0,2026-10-21,42350,3-6 LPA,23,0,3,2,4,4,4,2,2.2,No,No,No
HRA241512,Male,Vikas Khan,vikas.khan@hrhub.co.in,vikas.khan,1,Y,80,HRHub Solutions Pvt. Ltd.,Information Technology & Business Services,India,48,46-55,1978-08-02,Married,PhD,Finance,Kerala,Kozhikode,9734689391,Marketing,Digital Marketing Specialist,Non-Travel,Work From Office,26.9,24,22,4,14,2002-02-14,162650,10+ LPA,24,1,3,2,2,1,2,6,8.0,No,No,No
HRA241513,Male,Raj Reddy,raj.reddy@hrhub.co.in,raj.reddy,1,Y,80,HRHub Solutions Pvt. Ltd.,Information Technology & Business Services,India,41,36-45,1985-07-31,Married,Bachelor,Business Administration,West Bengal,Kolkata,9145856197,Marketing,Marketing Executive,Non-Travel,Work From Office,17.0,17,3,8,0,2012-01-06,138050,10+ LPA,6,0,3,1,1,3,1,3,10.0,No,Yes,No
HRA241514,Male,Akash Patel,akash.patel@hrhub.co.in,akash.patel,1,Y,80,HRHub Solutions Pvt. Ltd.,Information Technology & Business Services,India,22,18-25,2004-07-26,Single,Master,Computer Science,Gujarat,Vadodara,9737733987,Administration,Administrative Executive,Non-Travel,Work From Office,0.4,0,0,0,0,2028-08-08,18450,0-3 LPA,11,1,4,3,3,1,1,1,0.4,No,No,No
HRA241515,Female,Vidya Jain,vidya.jain@hrhub.co.in,vidya.jain,1,Y,80,HRHub Solutions Pvt. Ltd.,Information Technology & Business Services,India,24,18-25,2002-07-27,Married,PhD,Management,Karnataka,Bengaluru,9665130679,Sales,Sales Executive,Non-Travel,Work From Office,0.8,0,0,0,0,2028-03-15,32400,3-6 LPA,21,2,3,1,2,3,1,3,0.8,No,Yes,No
HRA241516,Female,Ritika Reddy,ritika.reddy@hrhub.co.in,ritika.reddy,1,Y,80,HRHub Solutions Pvt. Ltd.,Information Technology & Business Services,India,39,36-45,1987-07-31,Married,Bachelor,Computer Science,Tamil Nadu,Coimbatore,9779320828,Operations,Operations Manager,Travel_Rarely,Work From Office,16.7,8,6,4,5,2012-04-25,206250,10+ LPA,8,1,4,4,4,3,2,3,8.0,Yes,No,No
HRA241517,Female,Harini Sen,harini.sen@hrhub.co.in,harini.sen,1,Y,80,HRHub Solutions Pvt. Ltd.,Information Technology & Business Services,India,22,18-25,2004-07-26,Married,Bachelor,Information Technology,Karnataka,Mysuru,9627831234,Finance,Finance Executive,Travel_Frequently,Work From Office,0.2,0,0,0,0,2028-10-20,34950,3-6 LPA,6,1,1,3,1,4,4,1,0.0,No,No,No
HRA241518,Female,Priya Saha,priya.saha@hrhub.co.in,priya.saha,1,Y,80,HRHub Solutions Pvt. Ltd.,Information Technology & Business Services,India,25,18-25,2001-07-27,Single,PhD,Finance,Telangana,Hyderabad,9715912046,Human Resources,HR Business Partner,Travel_Rarely,Work From Office,1.1,0,0,0,0,2027-11-27,28150,3-6 LPA,23,1,3,4,3,1,3,5,1.1,No,Yes,No
HRA241519,Female,Shreya Saha,shreya.saha@hrhub.co.in,shreya.saha,1,Y,80,HRHub Solutions Pvt. Ltd.,Information Technology & Business Services,India,44,36-45,1982-08-01,Single,PhD,Computer Science,Delhi,New Delhi,9338132016,Administration,Administrative Executive,Travel_Rarely,Work From Office,0.7,0,0,0,0,2028-04-21,26850,3-6 LPA,14,0,3,4,2,2,3,5,0.7,No,No,No
HRA241520,Male,Pranav Ghosh,pranav.ghosh@hrhub.co.in,pranav.ghosh,1,Y,80,HRHub Solutions Pvt. Ltd.,Information Technology & Business Services,India,42,36-45,1984-07-31,Married,Bachelor,Information Technology,Uttar Pradesh,Lucknow,9516096477,Administration,Administrative Executive,Non-Travel,Work From Office,5.8,2,1,1,2,2023-03-17,67100,6-10 LPA,5,2,4,1,1,4,1,6,5.8,No,Yes,No
HRA241521,Male,Arjun Roy,arjun.roy@hrhub.co.in,arjun.roy,1,Y,80,HRHub Solutions Pvt. Ltd.,Information Technology & Business Services,India,27,26-35,1999-07-28,Single,Diploma,Electrical,Delhi,New Delhi,9142354432,Human Resources,HR Executive,Travel_Rarely,Work From Office,0.8,0,0,0,0,2028-03-15,31650,3-6 LPA,22,1,3,1,4,3,1,5,0.8,Yes,No,No
HRA241522,Male,Mohit Banerjee,mohit.banerjee@hrhub.co.in,mohit.banerjee,1,Y,80,HRHub Solutions Pvt. Ltd.,Information Technology & Business Services,India,53,46-55,1973-08-03,Married,PhD,Computer Science,Uttar Pradesh,Noida,9274489988,Administration,Administrative Executive,Travel_Frequently,Work From Office,17.6,9,8,2,2,2011-06-01,147350,10+ LPA,10,2,3,3,1,1,3,6,5.0,No,No,No
HRA241523,Male,Rohan Ghosh,rohan.ghosh@hrhub.co.in,rohan.ghosh,1,Y,80,HRHub Solutions Pvt. Ltd.,Information Technology & Business Services,India,51,46-55,1975-08-03,Married,Diploma,Civil,Telangana,Hyderabad,9906955456,Operations,Operations Executive,Non-Travel,Work From Office,9.8,2,1,0,1,2019-03-18,75400,6-10 LPA,10,3,3,1,1,3,4,1,5.0,Yes,No,Yes
HRA241524,Female,Ananya Ghosh,ananya.ghosh@hrhub.co.in,ananya.ghosh,1,Y,80,HRHub Solutions Pvt. Ltd.,Information Technology & Business Services,India,44,36-45,1982-08-01,Single,PhD,Management,Delhi,New Delhi,9373234290,Administration,Office Administrator,Non-Travel,Work From Office,9.7,6,4,2,2,2019-04-24,69750,6-10 LPA,10,3,3,4,2,1,1,4,9.7,No,Yes,No
HRA241525,Male,Amit Joshi,amit.joshi@hrhub.co.in,amit.joshi,1,Y,80,HRHub Solutions Pvt. Ltd.,Information Technology & Business Services,India,39,36-45,1987-07-31,Single,Master,Computer Science,Gujarat,Ahmedabad,9255519675,IT,Network Engineer,Travel_Rarely,Work From Office,13.0,12,8,0,12,2016-01-05,105700,10+ LPA,25,0,3,1,1,4,2,0,8.0,Yes,No,No
HRA241526,Male,Mohit Jain,mohit.jain@hrhub.co.in,mohit.jain,1,Y,80,HRHub Solutions Pvt. Ltd.,Information Technology & Business Services,India,52,46-55,1974-08-03,Married,MBA,Marketing,Karnataka,Hubballi,9489044952,IT,Network Engineer,Non-Travel,Hybrid,11.4,0,0,0,0,2017-08-11,113750,10+ LPA,5,2,1,3,1,2,4,1,3.0,No,No,No
HRA241527,Female,Nikita Shah,nikita.shah@hrhub.co.in,nikita.shah,1,Y,80,HRHub Solutions Pvt. Ltd.,Information Technology & Business Services,India,30,26-35,1996-07-28,Single,PhD,Finance,Tamil Nadu,Coimbatore,9623622882,Operations,Supply Chain Coordinator,Travel_Rarely,Work From Office,1.1,1,1,0,1,2027-11-27,32250,3-6 LPA,12,2,3,3,1,2,3,3,1.1,No,Yes,No
HRA241528,Female,Priya Sinha,priya.sinha@hrhub.co.in,priya.sinha,1,Y,80,HRHub Solutions Pvt. Ltd.,Information Technology & Business Services,India,53,46-55,1973-08-03,Married,Diploma,Computer,Karnataka,Hubballi,9527330062,Sales,Sales Manager,Non-Travel,Work From Office,20.3,2,0,0,1,2008-09-19,217400,10+ LPA,13,3,3,1,2,4,4,1,6.0,No,No,No
HRA241529,Male,Amit Sen,amit.sen@hrhub.co.in,amit.sen,1,Y,80,HRHub Solutions Pvt. Ltd.,Information Technology & Business Services,India,34,26-35,1992-07-29,Married,Master,Human Resources,Kerala,Kochi,9068326202,Operations,Operations Executive,Travel_Frequently,Work From Office,0.3,0,0,0,0,2028-09-14,24400,0-3 LPA,22,2,3,1,4,3,4,5,0.3,No,No,No
HRA241530,Female,Ritika Kumar,ritika.kumar@hrhub.co.in,ritika.kumar,1,Y,80,HRHub Solutions Pvt. Ltd.,Information Technology & Business Services,India,30,26-35,1996-07-28,Single,Diploma,Civil,Karnataka,Hubballi,9865723640,Finance,Accountant,Travel_Frequently,Work From Office,2.9,2,2,0,2,2026-02-08,54550,6-10 LPA,15,2,3,1,3,4,4,6,2.9,No,No,No
HRA241531,Female,Neha Das,neha.das@hrhub.co.in,neha.das,1,Y,80,HRHub Solutions Pvt. Ltd.,Information Technology & Business Services,India,55,46-55,1971-08-04,Single,Diploma,Computer,Delhi,New Delhi,9904342075,IT,Network Engineer,Non-Travel,Work From Office,8.4,3,0,1,0,2020-08-10,68200,6-10 LPA,15,3,3,2,1,3,2,6,2.0,No,No,No
HRA241532,Female,Sneha Sen,sneha.sen@hrhub.co.in,sneha.sen,1,Y,80,HRHub Solutions Pvt. Ltd.,Information Technology & Business Services,India,27,26-35,1999-07-28,Divorced,MBA,Finance,Gujarat,Vadodara,9543812858,Finance,Finance Executive,Travel_Rarely,Hybrid,0.2,0,0,0,0,2028-10-20,36000,3-6 LPA,17,0,3,3,2,3,3,6,0.2,No,No,No
HRA241533,Male,Akash Gupta,akash.gupta@hrhub.co.in,akash.gupta,1,Y,80,HRHub Solutions Pvt. Ltd.,Information Technology & Business Services,India,26,26-35,2000-07-27,Single,Bachelor,Finance,Delhi,New Delhi,9709748653,Administration,Office Administrator,Travel_Frequently,Work From Office,1.8,0,0,0,0,2027-03-16,24450,0-3 LPA,10,2,3,1,1,1,2,5,1.0,No,No,No
HRA241534,Female,Aditi Kapoor,aditi.kapoor@hrhub.co.in,aditi.kapoor,1,Y,80,HRHub Solutions Pvt. Ltd.,Information Technology & Business Services,India,23,18-25,2003-07-27,Married,PhD,Management,Uttar Pradesh,Kanpur,9630781806,Human Resources,Talent Acquisition Specialist,Travel_Rarely,Work From Office,1.1,0,0,0,0,2027-11-27,32750,3-6 LPA,24,3,3,2,3,1,1,2,1.1,No,Yes,No
HRA241535,Female,Priya Roy,priya.roy@hrhub.co.in,priya.roy,1,Y,80,HRHub Solutions Pvt. Ltd.,Information Technology & Business Services,India,28,26-35,1998-07-28,Married,MBA,Human Resources,Delhi,New Delhi,9922665823,Operations,Supply Chain Coordinator,Travel_Rarely,Hybrid,2.0,2,0,0,2,2027-01-02,48150,3-6 LPA,19,0,3,1,3,2,2,3,2.0,No,No,No
HRA241536,Male,Ankit Ghosh,ankit.ghosh@hrhub.co.in,ankit.ghosh,1,Y,80,HRHub Solutions Pvt. Ltd.,Information Technology & Business Services,India,54,46-55,1972-08-03,Single,MBA,Marketing,Gujarat,Vadodara,9646005614,Administration,Office Administrator,Non-Travel,Hybrid,31.1,24,16,9,12,1997-12-04,142500,10+ LPA,19,0,3,4,3,4,2,4,9.0,No,Yes,Yes
HRA241537,Male,Sahil Mishra,sahil.mishra@hrhub.co.in,sahil.mishra,1,Y,80,HRHub Solutions Pvt. Ltd.,Information Technology & Business Services,India,46,46-55,1980-08-01,Married,Diploma,Computer,Karnataka,Bengaluru,9637727301,Human Resources,HR Executive,Travel_Rarely,Work From Office,12.4,8,5,0,7,2016-08-11,111400,10+ LPA,19,2,3,4,1,1,2,3,10.0,No,No,No
HRA241538,Female,Ishita Jain,ishita.jain@hrhub.co.in,ishita.jain,1,Y,80,HRHub Solutions Pvt. Ltd.,Information Technology & Business Services,India,58,55+,1968-08-04,Married,High School,General Education,Rajasthan,Jaipur,9078283679,IT,Software Engineer,Non-Travel,Hybrid,29.5,21,15,9,11,1999-07-11,170350,10+ LPA,5,1,2,3,1,1,3,1,9.0,No,No,No
HRA241539,Female,Aditi Jain,aditi.jain@hrhub.co.in,aditi.jain,1,Y,80,HRHub Solutions Pvt. Ltd.,Information Technology & Business Services,India,57,55+,1969-08-04,Married,Diploma,Electrical,Delhi,New Delhi,9215438007,Finance,Finance Executive,Non-Travel,Work From Office,7.5,5,5,1,4,2021-07-05,77050,6-10 LPA,8,2,3,3,4,3,2,1,6.0,No,Yes,Yes
HRA241540,Male,Manish Sharma,manish.sharma@hrhub.co.in,manish.sharma,1,Y,80,HRHub Solutions Pvt. Ltd.,Information Technology & Business Services,India,35,26-35,1991-07-30,Married,High School,General Education,Tamil Nadu,Madurai,9612713905,Finance,Financial Analyst,Travel_Rarely,Work From Office,13.2,12,1,5,3,2015-10-24,108150,10+ LPA,21,0,3,3,3,4,4,1,9.0,Yes,No,No
HRA241541,Male,Vikas Mukherjee,vikas.mukherjee@hrhub.co.in,vikas.mukherjee,1,Y,80,HRHub Solutions Pvt. Ltd.,Information Technology & Business Services,India,33,26-35,1993-07-29,Married,Bachelor,Finance,Karnataka,Bengaluru,9874074991,Sales,Sales Executive,Non-Travel,Hybrid,2.4,0,0,0,0,2026-08-09,44550,3-6 LPA,14,1,3,1,4,1,1,5,2.4,Yes,No,No
HRA241542,Female,Ananya Verma,ananya.verma@hrhub.co.in,ananya.verma,1,Y,80,HRHub Solutions Pvt. Ltd.,Information Technology & Business Services,India,51,46-55,1975-08-03,Married,Master,Computer Science,Maharashtra,Nagpur,9165049398,Administration,Administrative Executive,Travel_Rarely,Hybrid,5.0,4,2,0,1,2024-01-03,51800,6-10 LPA,12,3,4,4,3,2,2,3,5.0,No,Yes,No
HRA241543,Male,Aarav Mukherjee,aarav.mukherjee@hrhub.co.in,aarav.mukherjee,1,Y,80,HRHub Solutions Pvt. Ltd.,Information Technology & Business Services,India,41,36-45,1985-07-31,Divorced,Diploma,Civil,Gujarat,Ahmedabad,9349324156,Marketing,Content Strategist,Non-Travel,Work From Office,17.3,14,2,5,6,2011-09-19,123700,10+ LPA,20,1,3,3,1,1,1,5,5.0,Yes,Yes,No
HRA241544,Male,Varun Verma,varun.verma@hrhub.co.in,varun.verma,1,Y,80,HRHub Solutions Pvt. Ltd.,Information Technology & Business Services,India,23,18-25,2003-07-27,Married,Diploma,Mechanical,Tamil Nadu,Coimbatore,9041158228,Finance,Financial Analyst,Travel_Rarely,Work From Office,0.9,0,0,0,0,2028-02-08,41350,3-6 LPA,8,2,3,3,2,3,4,1,0.9,No,No,No
HRA241545,Male,Vikas Mishra,vikas.mishra@hrhub.co.in,vikas.mishra,1,Y,80,HRHub Solutions Pvt. Ltd.,Information Technology & Business Services,India,42,36-45,1984-07-31,Single,High School,General Education,Maharashtra,Nagpur,9724595521,Finance,Accountant,Travel_Rarely,Work From Office,8.5,3,0,1,2,2020-07-05,77050,6-10 LPA,13,2,3,3,4,4,3,6,6.0,Yes,No,No
HRA241546,Male,Shubham Reddy,shubham.reddy@hrhub.co.in,shubham.reddy,1,Y,80,HRHub Solutions Pvt. Ltd.,Information Technology & Business Services,India,27,26-35,1999-07-28,Married,High School,General Education,Kerala,Thiruvananthapuram,9675583110,Marketing,Marketing Executive,Travel_Rarely,Work From Office,3.2,1,0,0,1,2025-10-21,47300,3-6 LPA,7,0,3,4,3,1,4,5,3.2,No,No,No
HRA241547,Female,Sonali Kapoor,sonali.kapoor@hrhub.co.in,sonali.kapoor,1,Y,80,HRHub Solutions Pvt. Ltd.,Information Technology & Business Services,India,43,36-45,1983-08-01,Single,PhD,Computer Science,Delhi,New Delhi,9303562213,Human Resources,HR Executive,Non-Travel,Work From Office,20.9,0,0,0,0,2008-02-13,124550,10+ LPA,7,1,3,1,2,2,1,5,5.0,No,Yes,No
HRA241548,Female,Anusha Roy,anusha.roy@hrhub.co.in,anusha.roy,1,Y,80,HRHub Solutions Pvt. Ltd.,Information Technology & Business Services,India,41,36-45,1985-07-31,Married,Diploma,Computer,West Bengal,Howrah,9133863997,Human Resources,HR Business Partner,Travel_Rarely,Work From Office,3.8,2,1,0,0,2025-03-16,38750,3-6 LPA,19,1,3,3,1,3,2,1,3.8,No,No,Yes
HRA241549,Male,Nikhil Khan,nikhil.khan@hrhub.co.in,nikhil.khan,1,Y,80,HRHub Solutions Pvt. Ltd.,Information Technology & Business Services,India,56,55+,1970-08-04,Single,Master,Human Resources,Maharashtra,Nagpur,9373001638,Marketing,Marketing Executive,Travel_Rarely,Work From Office,33.9,0,0,0,0,1995-02-16,181150,10+ LPA,21,1,2,1,1,2,4,2,7.0,Yes,No,No
HRA241550,Female,Pooja Shah,pooja.shah@hrhub.co.in,pooja.shah,1,Y,80,HRHub Solutions Pvt. Ltd.,Information Technology & Business Services,India,36,36-45,1990-07-30,Married,PhD,Finance,Tamil Nadu,Coimbatore,9130720610,Finance,Finance Executive,Travel_Frequently,Work From Office,6.4,0,0,0,0,2022-08-10,81800,6-10 LPA,22,1,2,2,1,4,1,1,5.0,No,No,No
HRA241551,Male,Shubham Saha,shubham.saha@hrhub.co.in,shubham.saha,1,Y,80,HRHub Solutions Pvt. Ltd.,Information Technology & Business Services,India,23,18-25,2003-07-27,Married,Diploma,Civil,West Bengal,Howrah,9061226061,Human Resources,Talent Acquisition Specialist,Travel_Rarely,Work From Office,0.9,0,0,0,0,2028-02-08,22950,0-3 LPA,11,2,2,4,2,2,2,0,0.9,No,Yes,No
HRA241552,Male,Harsh Nair,harsh.nair@hrhub.co.in,harsh.nair,1,Y,80,HRHub Solutions Pvt. Ltd.,Information Technology & Business Services,India,35,26-35,1991-07-30,Married,Master,Human Resources,Maharashtra,Mumbai,9305541212,Human Resources,HR Executive,Travel_Rarely,Work From Office,10.6,9,4,3,1,2018-05-30,87600,10+ LPA,18,0,4,1,3,1,2,1,6.0,No,No,Yes
HRA241553,Male,Manish Sen,manish.sen@hrhub.co.in,manish.sen,1,Y,80,HRHub Solutions Pvt. Ltd.,Information Technology & Business Services,India,46,46-55,1980-08-01,Married,High School,General Education,Delhi,New Delhi,9167590620,IT,Software Engineer,Non-Travel,Remote,13.1,7,5,0,4,2015-11-30,99250,10+ LPA,17,2,3,3,3,4,4,2,4.0,No,Yes,No
HRA241554,Female,Ananya Sen,ananya.sen@hrhub.co.in,ananya.sen,1,Y,80,HRHub Solutions Pvt. Ltd.,Information Technology & Business Services,India,46,46-55,1980-08-01,Single,Master,Finance,Karnataka,Mysuru,9663962795,Human Resources,Talent Acquisition Specialist,Travel_Frequently,Work From Office,7.3,6,5,2,4,2021-09-16,78650,6-10 LPA,7,0,2,1,3,2,4,6,7.3,No,Yes,No
HRA241555,Female,Khushi Roy,khushi.roy@hrhub.co.in,khushi.roy,1,Y,80,HRHub Solutions Pvt. Ltd.,Information Technology & Business Services,India,35,26-35,1991-07-30,Single,Diploma,Computer,Karnataka,Mysuru,9075991100,Operations,Supply Chain Coordinator,Travel_Rarely,Hybrid,10.4,8,3,3,0,2018-08-11,94700,10+ LPA,18,1,1,2,3,4,2,5,0.0,No,No,No
HRA241556,Female,Ananya Banerjee,ananya.banerjee@hrhub.co.in,ananya.banerjee,1,Y,80,HRHub Solutions Pvt. Ltd.,Information Technology & Business Services,India,39,36-45,1987-07-31,Single,Diploma,Mechanical,Telangana,Warangal,9871205012,Finance,Finance Executive,Travel_Rarely,Work From Office,1.4,0,0,0,0,2027-08-10,38050,3-6 LPA,17,3,3,1,2,4,2,0,1.0,No,No,No
HRA241557,Male,Varun Nair,varun.nair@hrhub.co.in,varun.nair,1,Y,80,HRHub Solutions Pvt. Ltd.,Information Technology & Business Services,India,22,18-25,2004-07-26,Divorced,Diploma,Computer,Uttar Pradesh,Kanpur,9214567475,Administration,Office Administrator,Non-Travel,Work From Office,0.7,0,0,0,0,2028-04-21,30100,3-6 LPA,12,2,4,1,4,4,1,5,0.7,No,No,No
HRA241558,Female,Priya Verma,priya.verma@hrhub.co.in,priya.verma,1,Y,80,HRHub Solutions Pvt. Ltd.,Information Technology & Business Services,India,36,36-45,1990-07-30,Married,MBA,Human Resources,Kerala,Thiruvananthapuram,9378626591,Sales,Sales Executive,Travel_Rarely,Work From Office,2.9,0,0,0,0,2026-02-08,47950,3-6 LPA,22,1,3,2,3,4,2,3,2.9,No,No,No
HRA241559,Male,Pranav Jain,pranav.jain@hrhub.co.in,pranav.jain,1,Y,80,HRHub Solutions Pvt. Ltd.,Information Technology & Business Services,India,26,26-35,2000-07-27,Single,PhD,Finance,Uttar Pradesh,Lucknow,9774244356,Human Resources,Talent Acquisition Specialist,Travel_Rarely,Work From Office,1.3,1,0,0,0,2027-09-15,23150,0-3 LPA,15,3,3,4,3,2,4,6,1.3,No,No,Yes
HRA241560,Female,Vaishnavi Mehta,vaishnavi.mehta@hrhub.co.in,vaishnavi.mehta,1,Y,80,HRHub Solutions Pvt. Ltd.,Information Technology & Business Services,India,35,26-35,1991-07-30,Single,MBA,Operations,West Bengal,Kolkata,9313040051,Finance,Finance Executive,Travel_Frequently,Remote,5.8,4,1,1,0,2023-03-17,69750,6-10 LPA,16,1,3,3,1,2,3,1,5.8,Yes,No,No
HRA241561,Male,Nikhil Saha,nikhil.saha@hrhub.co.in,nikhil.saha,1,Y,80,HRHub Solutions Pvt. Ltd.,Information Technology & Business Services,India,22,18-25,2004-07-26,Single,Diploma,Computer,Delhi,New Delhi,9842481200,Marketing,Content Strategist,Travel_Rarely,Remote,0.2,0,0,0,0,2028-10-20,34050,3-6 LPA,21,0,1,3,1,1,1,5,0.2,Yes,No,No
HRA241562,Female,Priya Roy,priya.roy@hrhub.co.in,priya.roy,1,Y,80,HRHub Solutions Pvt. Ltd.,Information Technology & Business Services,India,36,36-45,1990-07-30,Single,Bachelor,Computer Science,Delhi,New Delhi,9971117087,Marketing,Content Strategist,Travel_Rarely,Hybrid,7.7,5,2,1,3,2021-04-23,78650,6-10 LPA,13,3,4,4,3,1,4,1,4.0,No,Yes,No
HRA241563,Female,Khushi Ghosh,khushi.ghosh@hrhub.co.in,khushi.ghosh,1,Y,80,HRHub Solutions Pvt. Ltd.,Information Technology & Business Services,India,49,46-55,1977-08-02,Single,Master,Marketing,Telangana,Warangal,9441061920,Marketing,Content Strategist,Non-Travel,Hybrid,19.7,4,1,0,1,2009-04-26,175450,10+ LPA,20,3,3,3,2,1,3,6,6.0,No,Yes,No
HRA241564,Male,Raj Das,raj.das@hrhub.co.in,raj.das,1,Y,80,HRHub Solutions Pvt. Ltd.,Information Technology & Business Services,India,37,36-45,1989-07-30,Married,PhD,Finance,Karnataka,Hubballi,9406534029,Sales,Sales Executive,Travel_Rarely,Work From Office,13.6,3,0,1,3,2015-05-31,124600,10+ LPA,25,2,1,2,4,3,3,1,1.0,No,No,No
HRA241565,Male,Deepak Reddy,deepak.reddy@hrhub.co.in,deepak.reddy,1,Y,80,HRHub Solutions Pvt. Ltd.,Information Technology & Business Services,India,47,46-55,1979-08-02,Married,MBA,Finance,Karnataka,Hubballi,9870528453,Operations,Operations Executive,Travel_Rarely,Hybrid,11.8,7,1,2,1,2017-03-18,99300,10+ LPA,21,1,3,1,1,4,1,2,4.0,No,Yes,No
HRA241566,Male,Raj Khan,raj.khan@hrhub.co.in,raj.khan,1,Y,80,HRHub Solutions Pvt. Ltd.,Information Technology & Business Services,India,21,18-25,2005-07-26,Married,MBA,Finance,Rajasthan,Jaipur,9496964533,Operations,Operations Manager,Travel_Rarely,Work From Office,0.0,0,0,0,0,2029-01-01,82650,6-10 LPA,13,0,2,2,3,1,3,4,0.0,No,Yes,No
HRA241567,Male,Sahil Joshi,sahil.joshi@hrhub.co.in,sahil.joshi,1,Y,80,HRHub Solutions Pvt. Ltd.,Information Technology & Business Services,India,59,55+,1967-08-05,Married,High School,General Education,West Bengal,Kolkata,9487287439,Human Resources,HR Executive,Travel_Frequently,Work From Office,14.8,2,0,0,2,2014-03-19,92700,10+ LPA,22,2,2,1,4,1,4,4,0.0,No,No,No
HRA241568,Female,Khushi Bose,khushi.bose@hrhub.co.in,khushi.bose,1,Y,80,HRHub Solutions Pvt. Ltd.,Information Technology & Business Services,India,49,46-55,1977-08-02,Married,Diploma,Electrical,Tamil Nadu,Madurai,9251386175,Operations,Operations Manager,Travel_Rarely,Work From Office,5.7,5,4,1,1,2023-04-23,120600,10+ LPA,6,3,4,1,3,2,3,4,5.0,Yes,No,No
HRA241569,Female,Priya Sharma,priya.sharma@hrhub.co.in,priya.sharma,1,Y,80,HRHub Solutions Pvt. Ltd.,Information Technology & Business Services,India,58,55+,1968-08-04,Married,MBA,Human Resources,Tamil Nadu,Madurai,9124478843,Administration,Office Administrator,Non-Travel,Hybrid,24.6,10,0,3,10,2004-06-02,172450,10+ LPA,11,2,2,2,2,3,3,2,9.0,Yes,No,No
HRA241570,Female,Sonali Mukherjee,sonali.mukherjee@hrhub.co.in,sonali.mukherjee,1,Y,80,HRHub Solutions Pvt. Ltd.,Information Technology & Business Services,India,53,46-55,1973-08-03,Single,High School,General Education,Rajasthan,Udaipur,9003422256,Finance,Financial Analyst,Non-Travel,Work From Office,23.2,15,10,1,12,2005-10-26,156650,10+ LPA,18,1,1,1,4,2,1,6,1.0,No,No,No
HRA241571,Female,Divya Bose,divya.bose@hrhub.co.in,divya.bose,1,Y,80,HRHub Solutions Pvt. Ltd.,Information Technology & Business Services,India,44,36-45,1982-08-01,Married,MBA,Operations,Karnataka,Hubballi,9760004083,Sales,Business Development Executive,Travel_Rarely,Hybrid,15.6,12,6,6,2,2013-05-31,148900,10+ LPA,21,2,3,2,4,1,1,1,5.0,No,No,No
HRA241572,Female,Riya Saha,riya.saha@hrhub.co.in,riya.saha,1,Y,80,HRHub Solutions Pvt. Ltd.,Information Technology & Business Services,India,54,46-55,1972-08-03,Married,Diploma,Civil,Karnataka,Mysuru,9404715929,Administration,Office Administrator,Travel_Frequently,Work From Office,26.9,11,8,4,7,2002-02-14,177550,10+ LPA,5,2,3,1,1,3,4,4,9.0,No,Yes,No
HRA241573,Female,Megha Mishra,megha.mishra@hrhub.co.in,megha.mishra,1,Y,80,HRHub Solutions Pvt. Ltd.,Information Technology & Business Services,India,48,46-55,1978-08-02,Married,Diploma,Electrical,Tamil Nadu,Madurai,9598407175,Operations,Operations Executive,Travel_Rarely,Hybrid,11.5,3,2,0,1,2017-07-06,82550,6-10 LPA,15,1,3,4,3,2,4,5,2.0,No,No,No
HRA241574,Male,Ayush Joshi,ayush.joshi@hrhub.co.in,ayush.joshi,1,Y,80,HRHub Solutions Pvt. Ltd.,Information Technology & Business Services,India,47,46-55,1979-08-02,Single,Bachelor,Commerce,Maharashtra,Mumbai,9128801434,Administration,Facility Coordinator,Travel_Frequently,Work From Office,4.9,4,4,0,3,2024-02-09,47150,3-6 LPA,20,1,2,2,2,1,4,4,4.9,No,No,Yes
HRA241575,Male,Amit Agarwal,amit.agarwal@hrhub.co.in,amit.agarwal,1,Y,80,HRHub Solutions Pvt. Ltd.,Information Technology & Business Services,India,23,18-25,2003-07-27,Single,PhD,Management,Karnataka,Bengaluru,9833707900,Finance,Accountant,Travel_Rarely,Work From Office,0.3,0,0,0,0,2028-09-14,31400,3-6 LPA,9,2,2,1,1,3,4,6,0.3,No,No,No
HRA241576,Male,Manish Das,manish.das@hrhub.co.in,manish.das,1,Y,80,HRHub Solutions Pvt. Ltd.,Information Technology & Business Services,India,33,26-35,1993-07-29,Single,MBA,Marketing,Rajasthan,Jaipur,9312438701,IT,Network Engineer,Travel_Frequently,Work From Office,0.4,0,0,0,0,2028-08-08,35800,3-6 LPA,11,3,2,4,3,3,2,2,0.4,Yes,No,No
HRA241577,Male,Vivek Verma,vivek.verma@hrhub.co.in,vivek.verma,1,Y,80,HRHub Solutions Pvt. Ltd.,Information Technology & Business Services,India,55,46-55,1971-08-04,Single,PhD,Computer Science,Tamil Nadu,Madurai,9763301120,Human Resources,HR Executive,Non-Travel,Work From Office,24.0,20,18,8,8,2005-01-07,131500,10+ LPA,20,2,3,1,1,2,4,6,3.0,No,No,No
HRA241578,Female,Anusha Mehta,anusha.mehta@hrhub.co.in,anusha.mehta,1,Y,80,HRHub Solutions Pvt. Ltd.,Information Technology & Business Services,India,49,46-55,1977-08-02,Divorced,MBA,Human Resources,Maharashtra,Pune,9180970131,Human Resources,HR Executive,Travel_Frequently,Hybrid,21.7,1,1,0,1,2007-04-27,136000,10+ LPA,23,3,3,2,4,2,2,1,3.0,No,Yes,No
HRA241579,Male,Varun Gupta,varun.gupta@hrhub.co.in,varun.gupta,1,Y,80,HRHub Solutions Pvt. Ltd.,Information Technology & Business Services,India,20,18-25,2006-07-26,Married,PhD,Management,Maharashtra,Nagpur,9126821334,Finance,Accountant,Travel_Rarely,Remote,0.0,0,0,0,0,2029-01-01,36900,3-6 LPA,10,3,2,4,4,2,3,1,0.0,No,Yes,No
HRA241580,Male,Pranav Reddy,pranav.reddy@hrhub.co.in,pranav.reddy,1,Y,80,HRHub Solutions Pvt. Ltd.,Information Technology & Business Services,India,30,26-35,1996-07-28,Married,PhD,Management,West Bengal,Durgapur,9907522775,Marketing,Content Strategist,Non-Travel,Work From Office,2.5,2,1,1,0,2026-07-04,43650,3-6 LPA,19,3,2,2,3,1,3,6,2.5,No,No,No
HRA241581,Female,Shreya Saha,shreya.saha@hrhub.co.in,shreya.saha,1,Y,80,HRHub Solutions Pvt. Ltd.,Information Technology & Business Services,India,33,26-35,1993-07-29,Divorced,Master,Marketing,Kerala,Kochi,9089456121,Administration,Administrative Executive,Non-Travel,Work From Office,6.9,5,4,2,1,2022-02-09,63900,6-10 LPA,18,0,3,1,2,4,2,6,5.0,No,Yes,No
HRA241582,Female,Neha Sen,neha.sen@hrhub.co.in,neha.sen,1,Y,80,HRHub Solutions Pvt. Ltd.,Information Technology & Business Services,India,28,26-35,1998-07-28,Single,MBA,Operations,Rajasthan,Jaipur,9807535948,Finance,Financial Analyst,Travel_Rarely,Hybrid,4.5,3,1,0,1,2024-07-04,49000,3-6 LPA,16,0,4,4,2,1,3,4,4.5,No,Yes,No
HRA241583,Female,Ananya Rao,ananya.rao@hrhub.co.in,ananya.rao,1,Y,80,HRHub Solutions Pvt. Ltd.,Information Technology & Business Services,India,24,18-25,2002-07-27,Married,Master,Human Resources,Delhi,New Delhi,9337479945,Human Resources,HR Executive,Travel_Rarely,Work From Office,1.9,1,0,0,0,2027-02-08,32750,3-6 LPA,16,3,3,4,3,2,2,4,1.9,Yes,No,No
HRA241584,Female,Khushi Kumar,khushi.kumar@hrhub.co.in,khushi.kumar,1,Y,80,HRHub Solutions Pvt. Ltd.,Information Technology & Business Services,India,40,36-45,1986-07-31,Single,Bachelor,Business Administration,Karnataka,Mysuru,9879048060,Sales,Sales Manager,Travel_Rarely,Hybrid,11.3,11,2,2,11,2017-09-17,157750,10+ LPA,12,1,2,2,1,3,1,2,6.0,No,No,No
HRA241585,Female,Aditi Roy,aditi.roy@hrhub.co.in,aditi.roy,1,Y,80,HRHub Solutions Pvt. Ltd.,Information Technology & Business Services,India,34,26-35,1992-07-29,Married,Diploma,Civil,Uttar Pradesh,Noida,9797978268,Sales,Sales Manager,Travel_Rarely,Work From Office,11.3,3,0,1,0,2017-09-17,174250,10+ LPA,25,3,2,4,2,4,1,1,9.0,No,No,No
HRA241586,Male,Karan Gupta,karan.gupta@hrhub.co.in,karan.gupta,1,Y,80,HRHub Solutions Pvt. Ltd.,Information Technology & Business Services,India,32,26-35,1994-07-29,Single,Diploma,Computer,Uttar Pradesh,Noida,9506379325,Human Resources,HR Business Partner,Travel_Rarely,Work From Office,10.5,8,4,2,8,2018-07-06,107800,10+ LPA,11,0,2,4,4,4,3,1,4.0,No,No,No
HRA241587,Female,Nikita Mukherjee,nikita.mukherjee@hrhub.co.in,nikita.mukherjee,1,Y,80,HRHub Solutions Pvt. Ltd.,Information Technology & Business Services,India,22,18-25,2004-07-26,Married,High School,General Education,Telangana,Warangal,9527352901,Finance,Accountant,Travel_Rarely,Hybrid,0.7,0,0,0,0,2028-04-21,34650,3-6 LPA,13,2,2,3,1,1,4,3,0.7,No,No,No
HRA241588,Male,Aarav Jain,aarav.jain@hrhub.co.in,aarav.jain,1,Y,80,HRHub Solutions Pvt. Ltd.,Information Technology & Business Services,India,37,36-45,1989-07-30,Married,PhD,Management,Karnataka,Bengaluru,9529926440,Marketing,Content Strategist,Travel_Rarely,Work From Office,11.5,6,6,3,1,2017-07-06,102050,10+ LPA,11,0,3,3,4,3,4,4,7.0,No,No,No
HRA241589,Female,Pooja Patel,pooja.patel@hrhub.co.in,pooja.patel,1,Y,80,HRHub Solutions Pvt. Ltd.,Information Technology & Business Services,India,38,36-45,1988-07-30,Married,MBA,Marketing,West Bengal,Durgapur,9863273112,Marketing,Content Strategist,Travel_Rarely,Work From Office,9.3,3,0,1,0,2019-09-17,71250,6-10 LPA,24,1,3,4,4,1,4,1,2.0,No,No,No
HRA241590,Female,Sneha Jain,sneha.jain@hrhub.co.in,sneha.jain,1,Y,80,HRHub Solutions Pvt. Ltd.,Information Technology & Business Services,India,25,18-25,2001-07-27,Married,Master,Human Resources,Delhi,New Delhi,9271417222,Marketing,Marketing Executive,Travel_Rarely,Work From Office,1.7,1,0,0,0,2027-04-22,33450,3-6 LPA,12,0,3,3,4,2,2,5,1.7,No,Yes,No
HRA241591,Male,Akash Mehta,akash.mehta@hrhub.co.in,akash.mehta,1,Y,80,HRHub Solutions Pvt. Ltd.,Information Technology & Business Services,India,34,26-35,1992-07-29,Married,Master,Marketing,Karnataka,Hubballi,9342986248,Finance,Finance Executive,Travel_Frequently,Work From Office,10.8,4,1,0,1,2018-03-18,121500,10+ LPA,8,0,3,2,2,3,4,4,1.0,No,No,Yes
HRA241592,Male,Arjun Sinha,arjun.sinha@hrhub.co.in,arjun.sinha,1,Y,80,HRHub Solutions Pvt. Ltd.,Information Technology & Business Services,India,20,18-25,2006-07-26,Single,Bachelor,Business Administration,Maharashtra,Pune,9827991404,Administration,Facility Coordinator,Travel_Rarely,Work From Office,0.0,0,0,0,0,2029-01-01,22850,0-3 LPA,5,0,3,3,2,3,2,3,0.0,No,No,No
HRA241593,Male,Nikhil Patel,nikhil.patel@hrhub.co.in,nikhil.patel,1,Y,80,HRHub Solutions Pvt. Ltd.,Information Technology & Business Services,India,53,46-55,1973-08-03,Married,Diploma,Electrical,Tamil Nadu,Madurai,9580969630,Marketing,Digital Marketing Specialist,Travel_Frequently,Hybrid,11.6,0,0,0,0,2017-05-30,106800,10+ LPA,21,0,3,2,1,1,4,2,6.0,Yes,No,No
HRA241594,Male,Aditya Khan,aditya.khan@hrhub.co.in,aditya.khan,1,Y,80,HRHub Solutions Pvt. Ltd.,Information Technology & Business Services,India,18,18-25,2008-07-25,Single,PhD,Finance,Rajasthan,Jaipur,9587766316,Administration,Facility Coordinator,Travel_Frequently,Hybrid,0.0,0,0,0,0,2029-01-01,24900,0-3 LPA,19,0,3,1,3,1,1,3,0.0,No,No,No
HRA241595,Female,Deepika Banerjee,deepika.banerjee@hrhub.co.in,deepika.banerjee,1,Y,80,HRHub Solutions Pvt. Ltd.,Information Technology & Business Services,India,43,36-45,1983-08-01,Married,Bachelor,Finance,Kerala,Kozhikode,9341214885,Administration,Administrative Executive,Travel_Rarely,Work From Office,12.5,5,3,0,2,2016-07-06,107550,10+ LPA,6,3,3,4,1,1,2,5,4.0,No,No,No
HRA241596,Male,Arjun Kumar,arjun.kumar@hrhub.co.in,arjun.kumar,1,Y,80,HRHub Solutions Pvt. Ltd.,Information Technology & Business Services,India,33,26-35,1993-07-29,Single,High School,General Education,Karnataka,Hubballi,9417371442,Administration,Administrative Executive,Non-Travel,Work From Office,7.1,1,0,0,0,2021-11-28,73400,6-10 LPA,13,3,2,3,3,4,4,5,5.0,No,No,No
HRA241597,Male,Sandeep Shah,sandeep.shah@hrhub.co.in,sandeep.shah,1,Y,80,HRHub Solutions Pvt. Ltd.,Information Technology & Business Services,India,38,36-45,1988-07-30,Married,High School,General Education,Gujarat,Vadodara,9211169736,IT,System Administrator,Travel_Rarely,Hybrid,15.7,1,0,0,0,2013-04-25,165000,10+ LPA,15,1,3,3,1,4,1,2,3.0,No,No,Yes
HRA241598,Male,Manish Rao,manish.rao@hrhub.co.in,manish.rao,1,Y,80,HRHub Solutions Pvt. Ltd.,Information Technology & Business Services,India,35,26-35,1991-07-30,Married,High School,General Education,Telangana,Warangal,9656566633,Administration,Facility Coordinator,Non-Travel,Work From Office,13.0,4,1,1,1,2016-01-05,86700,10+ LPA,17,3,3,4,3,1,3,5,6.0,No,No,No
HRA241599,Female,Divya Khan,divya.khan@hrhub.co.in,divya.khan,1,Y,80,HRHub Solutions Pvt. Ltd.,Information Technology & Business Services,India,60,55+,1966-08-05,Divorced,High School,General Education,Rajasthan,Jaipur,9801745469,IT,Network Engineer,Travel_Rarely,Work From Office,20.9,20,15,3,20,2008-02-13,127050,10+ LPA,10,1,3,3,4,4,2,3,9.0,No,No,No
HRA241600,Female,Aditi Mishra,aditi.mishra@hrhub.co.in,aditi.mishra,1,Y,80,HRHub Solutions Pvt. Ltd.,Information Technology & Business Services,India,35,26-35,1991-07-30,Married,PhD,Computer Science,Karnataka,Hubballi,9765886081,Operations,Operations Executive,Travel_Rarely,Work From Office,9.9,3,1,1,3,2019-02-10,61750,6-10 LPA,6,2,2,3,1,4,1,6,5.0,No,Yes,No
HRA241601,Female,Pooja Bose,pooja.bose@hrhub.co.in,pooja.bose,1,Y,80,HRHub Solutions Pvt. Ltd.,Information Technology & Business Services,India,56,55+,1970-08-04,Married,High School,General Education,West Bengal,Durgapur,9836006511,IT,Software Engineer,Non-Travel,Work From Office,9.1,1,0,0,1,2019-11-29,89300,10+ LPA,9,3,2,2,4,3,1,2,0.0,No,No,No
HRA241602,Male,Shubham Mishra,shubham.mishra@hrhub.co.in,shubham.mishra,1,Y,80,HRHub Solutions Pvt. Ltd.,Information Technology & Business Services,India,30,26-35,1996-07-28,Divorced,High School,General Education,Maharashtra,Pune,9792642071,Finance,Accountant,Travel_Rarely,Work From Office,7.4,7,1,1,7,2021-08-10,60100,6-10 LPA,12,3,4,1,3,2,3,4,7.0,Yes,Yes,No
HRA241603,Male,Varun Rao,varun.rao@hrhub.co.in,varun.rao,1,Y,80,HRHub Solutions Pvt. Ltd.,Information Technology & Business Services,India,30,26-35,1996-07-28,Married,Bachelor,Human Resources,Uttar Pradesh,Kanpur,9134955225,Sales,Sales Manager,Travel_Rarely,Hybrid,6.6,0,0,0,0,2022-05-29,100300,10+ LPA,14,1,4,2,3,4,1,4,0.0,No,No,Yes
HRA241604,Female,Sonali Verma,sonali.verma@hrhub.co.in,sonali.verma,1,Y,80,HRHub Solutions Pvt. Ltd.,Information Technology & Business Services,India,31,26-35,1995-07-29,Married,High School,General Education,Tamil Nadu,Coimbatore,9098741826,Administration,Facility Coordinator,Travel_Frequently,Work From Office,9.1,5,1,1,4,2019-11-29,77500,6-10 LPA,22,0,3,4,1,1,4,4,5.0,No,No,No
HRA241605,Male,Harsh Mehta,harsh.mehta@hrhub.co.in,harsh.mehta,1,Y,80,HRHub Solutions Pvt. Ltd.,Information Technology & Business Services,India,40,36-45,1986-07-31,Married,MBA,Marketing,Telangana,Warangal,9317771813,Administration,Facility Coordinator,Travel_Rarely,Work From Office,3.4,1,1,0,0,2025-08-09,35600,3-6 LPA,23,3,3,1,1,3,4,6,3.4,No,No,No
HRA241606,Female,Neha Jain,neha.jain@hrhub.co.in,neha.jain,1,Y,80,HRHub Solutions Pvt. Ltd.,Information Technology & Business Services,India,24,18-25,2002-07-27,Single,Diploma,Mechanical,Delhi,New Delhi,9684074198,Finance,Finance Executive,Non-Travel,Work From Office,1.4,0,0,0,0,2027-08-10,38650,3-6 LPA,7,0,2,2,2,4,3,5,1.4,No,Yes,No
HRA241607,Male,Nikhil Bose,nikhil.bose@hrhub.co.in,nikhil.bose,1,Y,80,HRHub Solutions Pvt. Ltd.,Information Technology & Business Services,India,26,26-35,2000-07-27,Single,Bachelor,Computer Science,Rajasthan,Jodhpur,9926026249,Sales,Business Development Executive,Travel_Rarely,Hybrid,4.7,1,1,0,0,2024-04-22,54050,6-10 LPA,16,1,1,1,2,2,1,5,4.7,No,Yes,No
HRA241608,Female,Aditi Gupta,aditi.gupta@hrhub.co.in,aditi.gupta,1,Y,80,HRHub Solutions Pvt. Ltd.,Information Technology & Business Services,India,47,46-55,1979-08-02,Married,High School,General Education,Gujarat,Surat,9915751404,Human Resources,HR Business Partner,Travel_Frequently,Work From Office,12.8,0,0,0,0,2016-03-18,114700,10+ LPA,12,1,1,4,3,3,4,6,2.0,Yes,No,No
HRA241609,Male,Mohit Kapoor,mohit.kapoor@hrhub.co.in,mohit.kapoor,1,Y,80,HRHub Solutions Pvt. Ltd.,Information Technology & Business Services,India,19,18-25,2007-07-26,Single,Bachelor,Marketing,Uttar Pradesh,Kanpur,9357000711,Sales,Sales Manager,Travel_Frequently,Hybrid,0.0,0,0,0,0,2029-01-01,85500,10+ LPA,13,3,3,1,3,4,1,0,0.0,No,No,No
HRA241610,Male,Akash Sinha,akash.sinha@hrhub.co.in,akash.sinha,1,Y,80,HRHub Solutions Pvt. Ltd.,Information Technology & Business Services,India,37,36-45,1989-07-30,Married,High School,General Education,Uttar Pradesh,Lucknow,9106583852,IT,Network Engineer,Travel_Frequently,Work From Office,14.7,9,7,2,8,2014-04-25,114500,10+ LPA,8,1,3,2,3,3,3,4,8.0,No,No,No
HRA241611,Male,Gaurav Mehta,gaurav.mehta@hrhub.co.in,gaurav.mehta,1,Y,80,HRHub Solutions Pvt. Ltd.,Information Technology & Business Services,India,46,46-55,1980-08-01,Single,PhD,Management,Rajasthan,Udaipur,9690936366,Finance,Accountant,Travel_Rarely,Hybrid,0.4,0,0,0,0,2028-08-08,36500,3-6 LPA,8,0,2,4,1,4,1,1,0.4,No,No,No
HRA241612,Male,Sandeep Reddy,sandeep.reddy@hrhub.co.in,sandeep.reddy,1,Y,80,HRHub Solutions Pvt. Ltd.,Information Technology & Business Services,India,20,18-25,2006-07-26,Married,PhD,Management,Rajasthan,Udaipur,9566572007,Operations,Operations Executive,Travel_Frequently,Hybrid,0.0,0,0,0,0,2029-01-01,32700,3-6 LPA,14,0,4,3,3,4,1,0,0.0,No,No,No
HRA241613,Male,Mohit Patel,mohit.patel@hrhub.co.in,mohit.patel,1,Y,80,HRHub Solutions Pvt. Ltd.,Information Technology & Business Services,India,24,18-25,2002-07-27,Married,High School,General Education,Uttar Pradesh,Noida,9749671947,Sales,Sales Executive,Travel_Rarely,Hybrid,0.1,0,0,0,0,2028-11-26,31750,3-6 LPA,7,0,3,3,2,4,4,2,0.1,No,Yes,No
HRA241614,Male,Mohit Chatterjee,mohit.chatterjee@hrhub.co.in,mohit.chatterjee,1,Y,80,HRHub Solutions Pvt. Ltd.,Information Technology & Business Services,India,42,36-45,1984-07-31,Married,PhD,Computer Science,Rajasthan,Jaipur,9967757298,Human Resources,HR Business Partner,Travel_Rarely,Hybrid,6.3,5,4,2,0,2022-09-16,71700,6-10 LPA,8,3,2,3,2,2,2,1,6.3,No,No,No
HRA241615,Male,Vikas Agarwal,vikas.agarwal@hrhub.co.in,vikas.agarwal,1,Y,80,HRHub Solutions Pvt. Ltd.,Information Technology & Business Services,India,36,36-45,1990-07-30,Married,MBA,Operations,Karnataka,Mysuru,9612206671,Human Resources,HR Business Partner,Travel_Frequently,Work From Office,0.2,0,0,0,0,2028-10-20,33800,3-6 LPA,6,2,4,1,3,4,2,1,0.2,No,No,No
HRA241616,Male,Aarav Roy,aarav.roy@hrhub.co.in,aarav.roy,1,Y,80,HRHub Solutions Pvt. Ltd.,Information Technology & Business Services,India,26,26-35,2000-07-27,Married,Master,Marketing,Uttar Pradesh,Lucknow,9462351182,Operations,Supply Chain Coordinator,Travel_Rarely,Work From Office,2.7,1,1,0,1,2026-04-22,43550,3-6 LPA,19,0,4,2,1,3,1,5,2.7,No,No,No
HRA241617,Male,Vivek Kumar,vivek.kumar@hrhub.co.in,vivek.kumar,1,Y,80,HRHub Solutions Pvt. Ltd.,Information Technology & Business Services,India,41,36-45,1985-07-31,Single,Bachelor,Information Technology,West Bengal,Howrah,9592351994,Administration,Office Administrator,Travel_Rarely,Work From Office,14.3,7,7,2,1,2014-09-18,99650,10+ LPA,16,1,3,3,2,2,4,6,6.0,No,No,No
HRA241618,Female,Ishita Mishra,ishita.mishra@hrhub.co.in,ishita.mishra,1,Y,80,HRHub Solutions Pvt. Ltd.,Information Technology & Business Services,India,47,46-55,1979-08-02,Married,Diploma,Electrical,Kerala,Thiruvananthapuram,9956422314,Human Resources,Talent Acquisition Specialist,Non-Travel,Work From Office,1.7,0,0,0,0,2027-04-22,33750,3-6 LPA,23,3,2,1,4,2,2,5,1.7,No,No,No
HRA241619,Male,Pranav Khan,pranav.khan@hrhub.co.in,pranav.khan,1,Y,80,HRHub Solutions Pvt. Ltd.,Information Technology & Business Services,India,48,46-55,1978-08-02,Married,Bachelor,Human Resources,Maharashtra,Mumbai,9366220633,IT,Software Engineer,Travel_Rarely,Work From Office,4.9,3,2,1,2,2024-02-09,48000,3-6 LPA,16,1,3,4,1,3,2,0,4.9,No,No,No
HRA241620,Female,Riya Saha,riya.saha@hrhub.co.in,riya.saha,1,Y,80,HRHub Solutions Pvt. Ltd.,Information Technology & Business Services,India,53,46-55,1973-08-03,Married,Diploma,Mechanical,Uttar Pradesh,Noida,9459830512,Finance,Accountant,Travel_Rarely,Remote,14.0,7,1,2,2,2015-01-05,94400,10+ LPA,8,3,3,4,4,3,2,6,10.0,No,No,No
HRA241621,Female,Nikita Verma,nikita.verma@hrhub.co.in,nikita.verma,1,Y,80,HRHub Solutions Pvt. Ltd.,Information Technology & Business Services,India,34,26-35,1992-07-29,Single,Bachelor,Finance,Tamil Nadu,Madurai,9086631648,Operations,Supply Chain Coordinator,Travel_Frequently,Work From Office,3.0,1,1,0,0,2026-01-02,46400,3-6 LPA,19,2,3,1,4,3,3,2,3.0,No,Yes,Yes
HRA241622,Male,Aditya Sinha,aditya.sinha@hrhub.co.in,aditya.sinha,1,Y,80,HRHub Solutions Pvt. Ltd.,Information Technology & Business Services,India,39,36-45,1987-07-31,Single,High School,General Education,Tamil Nadu,Chennai,9079658914,Marketing,Digital Marketing Specialist,Non-Travel,Work From Office,1.4,0,0,0,0,2027-08-10,35300,3-6 LPA,25,1,4,2,4,4,3,3,1.4,Yes,No,No
HRA241623,Male,Pranav Reddy,pranav.reddy@hrhub.co.in,pranav.reddy,1,Y,80,HRHub Solutions Pvt. Ltd.,Information Technology & Business Services,India,46,46-55,1980-08-01,Married,High School,General Education,Tamil Nadu,Chennai,9527695953,Operations,Operations Manager,Travel_Frequently,Work From Office,11.7,4,2,0,0,2017-04-24,126850,10+ LPA,22,0,3,1,1,3,1,4,6.0,No,No,Yes
HRA241624,Female,Sneha Mishra,sneha.mishra@hrhub.co.in,sneha.mishra,1,Y,80,HRHub Solutions Pvt. Ltd.,Information Technology & Business Services,India,19,18-25,2007-07-26,Single,Diploma,Computer,West Bengal,Howrah,9897548294,Marketing,Digital Marketing Specialist,Travel_Rarely,Work From Office,0.0,0,0,0,0,2029-01-01,25600,3-6 LPA,11,3,2,3,1,2,4,3,0.0,No,No,No
HRA241625,Male,Sahil Agarwal,sahil.agarwal@hrhub.co.in,sahil.agarwal,1,Y,80,HRHub Solutions Pvt. Ltd.,Information Technology & Business Services,India,24,18-25,2002-07-27,Single,Bachelor,Commerce,Maharashtra,Mumbai,9401525030,Sales,Business Development Executive,Non-Travel,Hybrid,1.9,1,1,0,0,2027-02-08,36100,3-6 LPA,12,0,3,3,1,3,3,6,1.9,No,Yes,No
HRA241626,Female,Ritika Bose,ritika.bose@hrhub.co.in,ritika.bose,1,Y,80,HRHub Solutions Pvt. Ltd.,Information Technology & Business Services,India,22,18-25,2004-07-26,Married,High School,General Education,Karnataka,Mysuru,9517490646,Finance,Financial Analyst,Non-Travel,Hybrid,0.7,0,0,0,0,2028-04-21,33250,3-6 LPA,21,2,4,3,2,2,1,1,0.7,No,No,No
HRA241627,Male,Sumit Mukherjee,sumit.mukherjee@hrhub.co.in,sumit.mukherjee,1,Y,80,HRHub Solutions Pvt. Ltd.,Information Technology & Business Services,India,59,55+,1967-08-05,Married,Bachelor,Information Technology,Telangana,Warangal,9532327337,Marketing,Marketing Executive,Travel_Rarely,Remote,13.0,0,0,0,0,2016-01-05,111900,10+ LPA,9,1,4,3,1,2,1,1,2.0,No,Yes,No
HRA241628,Female,Sneha Shah,sneha.shah@hrhub.co.in,sneha.shah,1,Y,80,HRHub Solutions Pvt. Ltd.,Information Technology & Business Services,India,58,55+,1968-08-04,Single,Bachelor,Finance,Tamil Nadu,Madurai,9413220710,Marketing,Digital Marketing Specialist,Travel_Rarely,Work From Office,20.7,4,4,1,4,2008-04-26,183700,10+ LPA,8,2,3,4,1,2,2,6,2.0,Yes,Yes,No
HRA241629,Female,Vaishnavi Mukherjee,vaishnavi.mukherjee@hrhub.co.in,vaishnavi.mukherjee,1,Y,80,HRHub Solutions Pvt. Ltd.,Information Technology & Business Services,India,44,36-45,1982-08-01,Single,Master,Finance,Karnataka,Mysuru,9108878346,Administration,Facility Coordinator,Travel_Rarely,Work From Office,5.8,2,2,1,0,2023-03-17,59750,6-10 LPA,12,3,3,1,4,1,2,4,5.8,No,No,No
HRA241630,Male,Gaurav Shah,gaurav.shah@hrhub.co.in,gaurav.shah,1,Y,80,HRHub Solutions Pvt. Ltd.,Information Technology & Business Services,India,18,18-25,2008-07-25,Married,Bachelor,Information Technology,West Bengal,Kolkata,9757514695,Human Resources,HR Business Partner,Travel_Rarely,Work From Office,0.0,0,0,0,0,2029-01-01,33200,3-6 LPA,19,3,2,1,1,2,2,2,0.0,No,No,No
HRA241631,Male,Deepak Sharma,deepak.sharma@hrhub.co.in,deepak.sharma,1,Y,80,HRHub Solutions Pvt. Ltd.,Information Technology & Business Services,India,28,26-35,1998-07-28,Married,Master,Computer Science,Uttar Pradesh,Kanpur,9932858642,IT,Software Engineer,Travel_Frequently,Hybrid,3.1,0,0,0,0,2025-11-27,50250,6-10 LPA,17,3,4,1,1,2,2,3,3.1,No,Yes,No
HRA241632,Female,Aditi Mehta,aditi.mehta@hrhub.co.in,aditi.mehta,1,Y,80,HRHub Solutions Pvt. Ltd.,Information Technology & Business Services,India,26,26-35,2000-07-27,Single,Diploma,Computer,Delhi,New Delhi,9855695457,Operations,Operations Executive,Travel_Frequently,Work From Office,2.0,1,0,0,0,2027-01-02,53300,6-10 LPA,21,1,4,4,2,1,4,6,2.0,Yes,Yes,Yes
HRA241633,Male,Gaurav Sinha,gaurav.sinha@hrhub.co.in,gaurav.sinha,1,Y,80,HRHub Solutions Pvt. Ltd.,Information Technology & Business Services,India,29,26-35,1997-07-28,Single,PhD,Computer Science,Telangana,Hyderabad,9496070851,Marketing,Digital Marketing Specialist,Travel_Frequently,Work From Office,6.1,6,6,1,0,2022-11-28,65950,6-10 LPA,11,1,2,1,3,2,1,4,3.0,Yes,Yes,Yes
HRA241634,Female,Vaishnavi Nair,vaishnavi.nair@hrhub.co.in,vaishnavi.nair,1,Y,80,HRHub Solutions Pvt. Ltd.,Information Technology & Business Services,India,56,55+,1970-08-04,Single,Bachelor,Business Administration,Delhi,New Delhi,9209237170,Finance,Financial Analyst,Travel_Rarely,Work From Office,2.5,2,2,0,0,2026-07-04,56550,6-10 LPA,13,0,3,1,1,3,1,0,2.5,No,No,No
HRA241635,Female,Vaishnavi Ghosh,vaishnavi.ghosh@hrhub.co.in,vaishnavi.ghosh,1,Y,80,HRHub Solutions Pvt. Ltd.,Information Technology & Business Services,India,51,46-55,1975-08-03,Single,High School,General Education,Karnataka,Bengaluru,9270439179,Marketing,Marketing Executive,Travel_Rarely,Work From Office,6.2,6,0,0,0,2022-10-22,75150,6-10 LPA,21,3,3,1,2,3,4,2,6.0,No,No,No
HRA241636,Male,Sumit Bose,sumit.bose@hrhub.co.in,sumit.bose,1,Y,80,HRHub Solutions Pvt. Ltd.,Information Technology & Business Services,India,29,26-35,1997-07-28,Married,Diploma,Computer,Rajasthan,Jodhpur,9297569886,Human Resources,HR Business Partner,Travel_Frequently,Work From Office,5.2,2,2,1,1,2023-10-22,77350,6-10 LPA,23,1,4,4,4,1,1,3,5.2,No,Yes,No
HRA241637,Male,Vivek Gupta,vivek.gupta@hrhub.co.in,vivek.gupta,1,Y,80,HRHub Solutions Pvt. Ltd.,Information Technology & Business Services,India,49,46-55,1977-08-02,Married,PhD,Computer Science,Tamil Nadu,Madurai,9907293122,Marketing,Digital Marketing Specialist,Travel_Rarely,Work From Office,22.3,0,0,0,0,2006-09-20,152650,10+ LPA,14,2,2,1,2,1,4,5,9.0,Yes,Yes,No
HRA241638,Female,Sneha Saha,sneha.saha@hrhub.co.in,sneha.saha,1,Y,80,HRHub Solutions Pvt. Ltd.,Information Technology & Business Services,India,19,18-25,2007-07-26,Married,PhD,Finance,Rajasthan,Jodhpur,9287007625,Marketing,Content Strategist,Non-Travel,Work From Office,0.0,0,0,0,0,2029-01-01,34700,3-6 LPA,10,2,2,3,4,4,3,3,0.0,No,No,No
HRA241639,Male,Deepak Bose,deepak.bose@hrhub.co.in,deepak.bose,1,Y,80,HRHub Solutions Pvt. Ltd.,Information Technology & Business Services,India,56,55+,1970-08-04,Married,Diploma,Electrical,Delhi,New Delhi,9466093732,Sales,Business Development Executive,Non-Travel,Remote,2.1,0,0,0,0,2026-11-27,53400,6-10 LPA,16,1,1,1,4,1,2,5,2.0,Yes,No,No
HRA241640,Female,Kavya Kapoor,kavya.kapoor@hrhub.co.in,kavya.kapoor,1,Y,80,HRHub Solutions Pvt. Ltd.,Information Technology & Business Services,India,56,55+,1970-08-04,Married,MBA,Operations,Kerala,Kochi,9652272043,Marketing,Content Strategist,Non-Travel,Remote,3.1,0,0,0,0,2025-11-27,52200,6-10 LPA,14,2,4,3,4,4,2,0,0.0,No,Yes,No
HRA241641,Male,Gaurav Kumar,gaurav.kumar@hrhub.co.in,gaurav.kumar,1,Y,80,HRHub Solutions Pvt. Ltd.,Information Technology & Business Services,India,52,46-55,1974-08-03,Married,Bachelor,Information Technology,Rajasthan,Udaipur,9231589983,Operations,Operations Executive,Travel_Rarely,Hybrid,17.1,14,3,6,6,2011-12-01,148550,10+ LPA,18,0,2,1,4,3,3,0,9.0,No,No,No
HRA241642,Male,Manish Nair,manish.nair@hrhub.co.in,manish.nair,1,Y,80,HRHub Solutions Pvt. Ltd.,Information Technology & Business Services,India,57,55+,1969-08-04,Married,Master,Computer Science,Kerala,Thiruvananthapuram,9721789402,Operations,Operations Manager,Travel_Frequently,Hybrid,31.6,25,10,4,7,1997-06-04,201200,10+ LPA,11,0,3,2,3,2,2,3,5.0,No,No,No
HRA241643,Female,Ritika Rao,ritika.rao@hrhub.co.in,ritika.rao,1,Y,80,HRHub Solutions Pvt. Ltd.,Information Technology & Business Services,India,25,18-25,2001-07-27,Married,Bachelor,Computer Science,Rajasthan,Jodhpur,9500299907,IT,Network Engineer,Travel_Rarely,Work From Office,3.6,0,0,0,0,2025-05-28,51000,6-10 LPA,22,3,3,2,1,3,4,4,1.0,No,No,No
HRA241644,Male,Shubham Jain,shubham.jain@hrhub.co.in,shubham.jain,1,Y,80,HRHub Solutions Pvt. Ltd.,Information Technology & Business Services,India,48,46-55,1978-08-02,Single,Diploma,Electrical,Uttar Pradesh,Kanpur,9000273637,Operations,Supply Chain Coordinator,Non-Travel,Work From Office,14.8,12,9,2,4,2014-03-19,90100,10+ LPA,12,3,2,3,3,1,2,1,8.0,No,No,No
HRA241645,Female,Vidya Banerjee,vidya.banerjee@hrhub.co.in,vidya.banerjee,1,Y,80,HRHub Solutions Pvt. Ltd.,Information Technology & Business Services,India,29,26-35,1997-07-28,Divorced,Bachelor,Human Resources,Kerala,Thiruvananthapuram,9060678370,Finance,Finance Executive,Travel_Rarely,Work From Office,5.7,3,3,1,0,2023-04-23,61900,6-10 LPA,11,3,3,2,2,1,2,5,0.0,No,No,Yes
HRA241646,Female,Vidya Nair,vidya.nair@hrhub.co.in,vidya.nair,1,Y,80,HRHub Solutions Pvt. Ltd.,Information Technology & Business Services,India,21,18-25,2005-07-26,Single,Master,Marketing,Maharashtra,Pune,9902980781,Finance,Finance Executive,Non-Travel,Work From Office,0.0,0,0,0,0,2029-01-01,38950,3-6 LPA,15,0,1,1,3,4,2,6,0.0,No,No,Yes
HRA241647,Male,Ayush Khan,ayush.khan@hrhub.co.in,ayush.khan,1,Y,80,HRHub Solutions Pvt. Ltd.,Information Technology & Business Services,India,59,55+,1967-08-05,Single,MBA,Human Resources,Kerala,Kochi,9746816202,IT,Data Analyst,Travel_Rarely,Work From Office,18.3,2,1,0,1,2010-09-19,167450,10+ LPA,14,3,2,2,2,3,1,3,3.0,No,No,No
HRA241648,Female,Khushi Singh,khushi.singh@hrhub.co.in,khushi.singh,1,Y,80,HRHub Solutions Pvt. Ltd.,Information Technology & Business Services,India,56,55+,1970-08-04,Divorced,Master,Marketing,Delhi,New Delhi,9310855604,Marketing,Content Strategist,Travel_Rarely,Work From Office,10.4,10,9,2,1,2018-08-11,116300,10+ LPA,19,2,3,2,1,4,3,4,6.0,No,No,No
HRA241649,Female,Aditi Bose,aditi.bose@hrhub.co.in,aditi.bose,1,Y,80,HRHub Solutions Pvt. Ltd.,Information Technology & Business Services,India,45,36-45,1981-08-01,Married,Bachelor,Finance,Tamil Nadu,Chennai,9694680546,Finance,Financial Analyst,Travel_Frequently,Work From Office,2.1,0,0,0,0,2026-11-27,57800,6-10 LPA,12,3,3,3,2,2,1,5,2.1,No,No,No
HRA241650,Male,Ankit Verma,ankit.verma@hrhub.co.in,ankit.verma,1,Y,80,HRHub Solutions Pvt. Ltd.,Information Technology & Business Services,India,43,36-45,1983-08-01,Married,Diploma,Mechanical,Rajasthan,Jodhpur,9694383740,Operations,Operations Executive,Travel_Rarely,Work From Office,18.0,17,8,0,1,2011-01-06,177200,10+ LPA,25,2,3,2,3,3,3,3,6.0,No,No,No
HRA241651,Male,Ayush Khan,ayush.khan@hrhub.co.in,ayush.khan,1,Y,80,HRHub Solutions Pvt. Ltd.,Information Technology & Business Services,India,23,18-25,2003-07-27,Single,High School,General Education,Uttar Pradesh,Lucknow,9866737886,Operations,Supply Chain Coordinator,Travel_Rarely,Remote,0.9,0,0,0,0,2028-02-08,25150,3-6 LPA,25,1,3,2,4,4,4,1,0.9,No,No,No
HRA241652,Male,Arjun Gupta,arjun.gupta@hrhub.co.in,arjun.gupta,1,Y,80,HRHub Solutions Pvt. Ltd.,Information Technology & Business Services,India,28,26-35,1998-07-28,Married,PhD,Computer Science,Uttar Pradesh,Noida,9681881955,Sales,Sales Manager,Travel_Rarely,Hybrid,3.1,3,0,0,0,2025-11-27,89300,10+ LPA,7,0,3,2,1,2,3,6,3.1,Yes,Yes,No
HRA241653,Female,Swati Sharma,swati.sharma@hrhub.co.in,swati.sharma,1,Y,80,HRHub Solutions Pvt. Ltd.,Information Technology & Business Services,India,21,18-25,2005-07-26,Married,Diploma,Computer,Karnataka,Mysuru,9222700261,IT,Network Engineer,Travel_Rarely,Work From Office,0.0,0,0,0,0,2029-01-01,38050,3-6 LPA,17,0,1,1,3,3,1,3,0.0,Yes,Yes,No
HRA241654,Female,Megha Patel,megha.patel@hrhub.co.in,megha.patel,1,Y,80,HRHub Solutions Pvt. Ltd.,Information Technology & Business Services,India,32,26-35,1994-07-29,Single,MBA,Marketing,Telangana,Warangal,9416507656,IT,Data Analyst,Travel_Rarely,Hybrid,5.0,0,0,0,0,2024-01-03,69550,6-10 LPA,10,2,2,3,1,1,1,5,5.0,No,No,Yes
HRA241655,Male,Aditya Joshi,aditya.joshi@hrhub.co.in,aditya.joshi,1,Y,80,HRHub Solutions Pvt. Ltd.,Information Technology & Business Services,India,36,36-45,1990-07-30,Single,MBA,Finance,Uttar Pradesh,Noida,9935083700,Sales,Sales Manager,Travel_Rarely,Work From Office,7.6,2,0,0,1,2021-05-29,104500,10+ LPA,17,1,3,4,4,4,4,1,7.6,Yes,Yes,No
HRA241656,Female,Deepika Patel,deepika.patel@hrhub.co.in,deepika.patel,1,Y,80,HRHub Solutions Pvt. Ltd.,Information Technology & Business Services,India,27,26-35,1999-07-28,Single,Master,Finance,Kerala,Kochi,9638888705,Finance,Financial Analyst,Travel_Rarely,Work From Office,5.8,1,1,0,1,2023-03-17,75200,6-10 LPA,23,0,3,2,3,3,3,1,5.0,No,No,No
HRA241657,Male,Varun Verma,varun.verma@hrhub.co.in,varun.verma,1,Y,80,HRHub Solutions Pvt. Ltd.,Information Technology & Business Services,India,51,46-55,1975-08-03,Married,Bachelor,Human Resources,Delhi,New Delhi,9876575824,Administration,Facility Coordinator,Travel_Rarely,Work From Office,15.4,10,8,1,9,2013-08-12,132500,10+ LPA,17,3,1,3,2,4,2,6,9.0,Yes,No,No
HRA241658,Female,Vidya Chatterjee,vidya.chatterjee@hrhub.co.in,vidya.chatterjee,1,Y,80,HRHub Solutions Pvt. Ltd.,Information Technology & Business Services,India,45,36-45,1981-08-01,Single,MBA,Human Resources,Tamil Nadu,Coimbatore,9429057895,Operations,Supply Chain Coordinator,Non-Travel,Remote,19.6,4,4,1,1,2009-06-01,144000,10+ LPA,19,1,3,4,1,1,2,1,8.0,Yes,Yes,No
HRA241659,Male,Deepak Khan,deepak.khan@hrhub.co.in,deepak.khan,1,Y,80,HRHub Solutions Pvt. Ltd.,Information Technology & Business Services,India,19,18-25,2007-07-26,Single,Bachelor,Marketing,Gujarat,Vadodara,9386835119,Administration,Facility Coordinator,Travel_Rarely,Hybrid,0.0,0,0,0,0,2029-01-01,21900,0-3 LPA,21,2,4,3,2,1,2,6,0.0,No,No,No
HRA241660,Male,Sandeep Das,sandeep.das@hrhub.co.in,sandeep.das,1,Y,80,HRHub Solutions Pvt. Ltd.,Information Technology & Business Services,India,48,46-55,1978-08-02,Divorced,PhD,Management,Rajasthan,Jaipur,9368131434,Finance,Accountant,Travel_Rarely,Hybrid,16.6,7,7,3,4,2012-05-31,190000,10+ LPA,21,2,3,1,1,4,1,5,3.0,Yes,Yes,No
HRA241661,Female,Sneha Rao,sneha.rao@hrhub.co.in,sneha.rao,1,Y,80,HRHub Solutions Pvt. Ltd.,Information Technology & Business Services,India,57,55+,1969-08-04,Single,High School,General Education,Gujarat,Surat,9625282516,Human Resources,Talent Acquisition Specialist,Travel_Rarely,Hybrid,29.6,28,26,5,7,1999-06-04,163500,10+ LPA,7,1,3,3,3,1,3,3,7.0,No,No,No
HRA241662,Male,Varun Khan,varun.khan@hrhub.co.in,varun.khan,1,Y,80,HRHub Solutions Pvt. Ltd.,Information Technology & Business Services,India,44,36-45,1982-08-01,Single,MBA,Human Resources,West Bengal,Howrah,9302167380,Human Resources,HR Business Partner,Travel_Rarely,Hybrid,10.9,8,3,4,0,2018-02-10,88650,10+ LPA,11,2,3,1,2,1,1,0,3.0,No,No,No
HRA241663,Female,Megha Roy,megha.roy@hrhub.co.in,megha.roy,1,Y,80,HRHub Solutions Pvt. Ltd.,Information Technology & Business Services,India,21,18-25,2005-07-26,Married,High School,General Education,West Bengal,Kolkata,9353033679,Marketing,Marketing Executive,Travel_Rarely,Hybrid,0.0,0,0,0,0,2029-01-01,31600,3-6 LPA,8,0,3,2,3,2,2,4,0.0,No,No,No
HRA241664,Female,Khushi Kapoor,khushi.kapoor@hrhub.co.in,khushi.kapoor,1,Y,80,HRHub Solutions Pvt. Ltd.,Information Technology & Business Services,India,39,36-45,1987-07-31,Married,MBA,Marketing,Gujarat,Vadodara,9354103267,Marketing,Content Strategist,Non-Travel,Hybrid,10.8,6,0,0,1,2018-03-18,83950,10+ LPA,13,2,3,1,1,3,4,4,9.0,No,No,No
HRA241665,Female,Nikita Bose,nikita.bose@hrhub.co.in,nikita.bose,1,Y,80,HRHub Solutions Pvt. Ltd.,Information Technology & Business Services,India,34,26-35,1992-07-29,Single,PhD,Finance,Kerala,Kochi,9659379301,Finance,Finance Executive,Non-Travel,Work From Office,4.3,3,0,1,2,2024-09-15,49000,3-6 LPA,7,2,4,4,4,4,3,5,4.3,No,No,No
HRA241666,Female,Ritika Mehta,ritika.mehta@hrhub.co.in,ritika.mehta,1,Y,80,HRHub Solutions Pvt. Ltd.,Information Technology & Business Services,India,27,26-35,1999-07-28,Married,High School,General Education,Gujarat,Surat,9065702245,Marketing,Digital Marketing Specialist,Travel_Rarely,Work From Office,0.7,0,0,0,0,2028-04-21,28900,3-6 LPA,22,0,2,3,1,2,2,2,0.7,Yes,No,No
HRA241667,Female,Ananya Sen,ananya.sen@hrhub.co.in,ananya.sen,1,Y,80,HRHub Solutions Pvt. Ltd.,Information Technology & Business Services,India,31,26-35,1995-07-29,Single,PhD,Management,Uttar Pradesh,Kanpur,9474673896,Operations,Operations Executive,Travel_Rarely,Work From Office,1.3,1,1,0,0,2027-09-15,37150,3-6 LPA,19,0,3,2,1,3,3,1,1.3,No,Yes,No
HRA241668,Male,Vivek Sinha,vivek.sinha@hrhub.co.in,vivek.sinha,1,Y,80,HRHub Solutions Pvt. Ltd.,Information Technology & Business Services,India,49,46-55,1977-08-02,Single,PhD,Finance,Rajasthan,Jodhpur,9553457568,Sales,Sales Executive,Travel_Rarely,Work From Office,18.1,14,7,3,4,2010-12-01,184950,10+ LPA,13,1,2,2,2,4,2,2,8.0,No,No,No
HRA241669,Male,Amit Roy,amit.roy@hrhub.co.in,amit.roy,1,Y,80,HRHub Solutions Pvt. Ltd.,Information Technology & Business Services,India,19,18-25,2007-07-26,Married,Diploma,Computer,Telangana,Hyderabad,9473322063,Operations,Operations Executive,Non-Travel,Work From Office,0.0,0,0,0,0,2029-01-01,35100,3-6 LPA,16,2,4,3,1,1,3,2,0.0,Yes,No,No
HRA241670,Male,Vivek Banerjee,vivek.banerjee@hrhub.co.in,vivek.banerjee,1,Y,80,HRHub Solutions Pvt. Ltd.,Information Technology & Business Services,India,19,18-25,2007-07-26,Single,MBA,Finance,Maharashtra,Nagpur,9773765550,Sales,Sales Manager,Non-Travel,Hybrid,0.0,0,0,0,0,2029-01-01,75350,6-10 LPA,17,2,3,3,2,1,2,4,0.0,No,No,No
HRA241671,Male,Shubham Agarwal,shubham.agarwal@hrhub.co.in,shubham.agarwal,1,Y,80,HRHub Solutions Pvt. Ltd.,Information Technology & Business Services,India,26,26-35,2000-07-27,Married,High School,General Education,Karnataka,Bengaluru,9264011662,Marketing,Content Strategist,Travel_Frequently,Work From Office,3.2,1,0,0,1,2025-10-21,48650,3-6 LPA,6,3,3,4,1,2,1,4,3.2,No,No,No
HRA241672,Male,Amit Sen,amit.sen@hrhub.co.in,amit.sen,1,Y,80,HRHub Solutions Pvt. Ltd.,Information Technology & Business Services,India,46,46-55,1980-08-01,Married,PhD,Finance,West Bengal,Kolkata,9990727809,Operations,Operations Executive,Non-Travel,Work From Office,9.1,2,1,1,1,2019-11-29,58750,6-10 LPA,21,3,3,4,2,3,2,6,4.0,Yes,Yes,No
HRA241673,Male,Karan Kumar,karan.kumar@hrhub.co.in,karan.kumar,1,Y,80,HRHub Solutions Pvt. Ltd.,Information Technology & Business Services,India,36,36-45,1990-07-30,Married,MBA,Human Resources,West Bengal,Durgapur,9921672234,Administration,Office Administrator,Travel_Frequently,Work From Office,8.8,5,3,0,3,2020-03-17,79550,6-10 LPA,12,3,3,3,2,2,3,6,6.0,No,No,No
HRA241674,Female,Vaishnavi Singh,vaishnavi.singh@hrhub.co.in,vaishnavi.singh,1,Y,80,HRHub Solutions Pvt. Ltd.,Information Technology & Business Services,India,22,18-25,2004-07-26,Married,Master,Computer Science,Uttar Pradesh,Lucknow,9696540356,Sales,Business Development Executive,Travel_Rarely,Work From Office,0.1,0,0,0,0,2028-11-26,27400,3-6 LPA,7,0,3,2,1,1,2,6,0.1,No,No,No
HRA241675,Male,Amit Nair,amit.nair@hrhub.co.in,amit.nair,1,Y,80,HRHub Solutions Pvt. Ltd.,Information Technology & Business Services,India,58,55+,1968-08-04,Married,Diploma,Electrical,Gujarat,Vadodara,9664187429,Human Resources,Talent Acquisition Specialist,Non-Travel,Hybrid,20.4,17,1,6,8,2008-08-14,165900,10+ LPA,6,3,3,3,1,4,3,1,4.0,No,No,No
HRA241676,Female,Sonali Kumar,sonali.kumar@hrhub.co.in,sonali.kumar,1,Y,80,HRHub Solutions Pvt. Ltd.,Information Technology & Business Services,India,51,46-55,1975-08-03,Married,PhD,Computer Science,West Bengal,Howrah,9711462772,Sales,Sales Executive,Travel_Rarely,Work From Office,19.4,9,8,1,5,2009-08-14,148800,10+ LPA,22,0,1,4,4,1,2,4,1.0,No,Yes,No
HRA241677,Male,Sahil Shah,sahil.shah@hrhub.co.in,sahil.shah,1,Y,80,HRHub Solutions Pvt. Ltd.,Information Technology & Business Services,India,43,36-45,1983-08-01,Single,PhD,Management,Rajasthan,Jodhpur,9792129591,IT,Software Engineer,Non-Travel,Hybrid,12.5,8,8,4,0,2016-07-06,111500,10+ LPA,8,2,4,3,4,3,1,4,2.0,Yes,No,No
HRA241678,Male,Karan Gupta,karan.gupta@hrhub.co.in,karan.gupta,1,Y,80,HRHub Solutions Pvt. Ltd.,Information Technology & Business Services,India,35,26-35,1991-07-30,Married,High School,General Education,Kerala,Kozhikode,9787582735,Operations,Operations Manager,Travel_Rarely,Work From Office,1.6,0,0,0,0,2027-05-28,76900,6-10 LPA,14,2,3,3,1,1,1,5,1.0,Yes,No,Yes
HRA241679,Male,Manish Gupta,manish.gupta@hrhub.co.in,manish.gupta,1,Y,80,HRHub Solutions Pvt. Ltd.,Information Technology & Business Services,India,58,55+,1968-08-04,Married,High School,General Education,Karnataka,Mysuru,9292883229,Marketing,Marketing Executive,Travel_Frequently,Work From Office,2.9,0,0,0,0,2026-02-08,51500,6-10 LPA,7,3,2,3,4,4,2,4,2.9,No,No,No
HRA241680,Female,Nikita Jain,nikita.jain@hrhub.co.in,nikita.jain,1,Y,80,HRHub Solutions Pvt. Ltd.,Information Technology & Business Services,India,47,46-55,1979-08-02,Single,PhD,Management,Delhi,New Delhi,9547240189,Administration,Administrative Executive,Travel_Frequently,Work From Office,0.2,0,0,0,0,2028-10-20,23400,0-3 LPA,16,2,3,3,1,2,3,5,0.2,Yes,No,No
HRA241681,Female,Riya Roy,riya.roy@hrhub.co.in,riya.roy,1,Y,80,HRHub Solutions Pvt. Ltd.,Information Technology & Business Services,India,51,46-55,1975-08-03,Married,MBA,Operations,Rajasthan,Udaipur,9275846623,Human Resources,HR Business Partner,Travel_Rarely,Hybrid,5.5,1,1,0,1,2023-07-05,79500,6-10 LPA,21,3,1,4,1,1,1,4,1.0,No,No,No
HRA241682,Male,Sahil Mishra,sahil.mishra@hrhub.co.in,sahil.mishra,1,Y,80,HRHub Solutions Pvt. Ltd.,Information Technology & Business Services,India,44,36-45,1982-08-01,Single,High School,General Education,Karnataka,Hubballi,9851821642,Administration,Office Administrator,Travel_Rarely,Remote,22.3,17,14,8,12,2006-09-20,172150,10+ LPA,24,3,2,1,3,4,1,6,0.0,Yes,Yes,No
HRA241683,Male,Aditya Joshi,aditya.joshi@hrhub.co.in,aditya.joshi,1,Y,80,HRHub Solutions Pvt. Ltd.,Information Technology & Business Services,India,51,46-55,1975-08-03,Single,Master,Business Administration,Uttar Pradesh,Kanpur,9397164799,Administration,Facility Coordinator,Travel_Rarely,Work From Office,21.3,7,5,0,2,2007-09-20,157300,10+ LPA,8,1,3,2,1,2,2,4,2.0,No,No,No
HRA241684,Female,Priya Jain,priya.jain@hrhub.co.in,priya.jain,1,Y,80,HRHub Solutions Pvt. Ltd.,Information Technology & Business Services,India,31,26-35,1995-07-29,Divorced,High School,General Education,Maharashtra,Mumbai,9962159480,Human Resources,Talent Acquisition Specialist,Travel_Rarely,Remote,6.9,4,0,2,4,2022-02-09,63100,6-10 LPA,12,1,4,4,3,1,4,0,4.0,No,No,No
HRA241685,Male,Arjun Roy,arjun.roy@hrhub.co.in,arjun.roy,1,Y,80,HRHub Solutions Pvt. Ltd.,Information Technology & Business Services,India,21,18-25,2005-07-26,Married,PhD,Finance,West Bengal,Durgapur,9211359161,Finance,Financial Analyst,Non-Travel,Work From Office,0.0,0,0,0,0,2029-01-01,37300,3-6 LPA,13,3,3,3,1,1,4,4,0.0,No,No,No
HRA241686,Female,Anusha Khan,anusha.khan@hrhub.co.in,anusha.khan,1,Y,80,HRHub Solutions Pvt. Ltd.,Information Technology & Business Services,India,54,46-55,1972-08-03,Single,Master,Finance,Telangana,Warangal,9716256266,Operations,Operations Manager,Travel_Rarely,Work From Office,3.4,2,1,1,1,2025-08-09,85750,10+ LPA,21,1,4,1,2,1,1,0,3.4,No,Yes,No
HRA241687,Male,Ankit Mishra,ankit.mishra@hrhub.co.in,ankit.mishra,1,Y,80,HRHub Solutions Pvt. Ltd.,Information Technology & Business Services,India,43,36-45,1983-08-01,Married,High School,General Education,Gujarat,Surat,9265213652,Operations,Operations Manager,Travel_Rarely,Remote,6.5,6,2,3,5,2022-07-05,125000,10+ LPA,5,0,3,3,4,1,3,6,6.5,No,Yes,No
HRA241688,Male,Harsh Roy,harsh.roy@hrhub.co.in,harsh.roy,1,Y,80,HRHub Solutions Pvt. Ltd.,Information Technology & Business Services,India,22,18-25,2004-07-26,Married,MBA,Marketing,Tamil Nadu,Chennai,9675800662,Finance,Financial Analyst,Travel_Rarely,Hybrid,0.1,0,0,0,0,2028-11-26,32800,3-6 LPA,9,0,2,4,1,1,4,0,0.1,No,No,No
HRA241689,Male,Varun Ghosh,varun.ghosh@hrhub.co.in,varun.ghosh,1,Y,80,HRHub Solutions Pvt. Ltd.,Information Technology & Business Services,India,39,36-45,1987-07-31,Single,Diploma,Civil,Karnataka,Hubballi,9750227831,Administration,Administrative Executive,Travel_Rarely,Work From Office,16.8,6,4,1,5,2012-03-19,131150,10+ LPA,6,0,4,2,3,1,1,3,2.0,No,No,Yes
HRA241690,Male,Raj Mukherjee,raj.mukherjee@hrhub.co.in,raj.mukherjee,1,Y,80,HRHub Solutions Pvt. Ltd.,Information Technology & Business Services,India,53,46-55,1973-08-03,Divorced,PhD,Management,Tamil Nadu,Madurai,9270209455,IT,System Administrator,Travel_Frequently,Work From Office,19.8,0,0,0,0,2009-03-20,139400,10+ LPA,22,1,1,4,3,2,4,2,3.0,Yes,Yes,No
HRA241691,Male,Harsh Verma,harsh.verma@hrhub.co.in,harsh.verma,1,Y,80,HRHub Solutions Pvt. Ltd.,Information Technology & Business Services,India,25,18-25,2001-07-27,Married,MBA,Marketing,Uttar Pradesh,Lucknow,9339745021,Human Resources,HR Business Partner,Travel_Rarely,Work From Office,2.3,1,1,0,1,2026-09-15,43100,3-6 LPA,24,0,3,4,1,3,3,2,0.0,No,No,No
HRA241692,Male,Raj Jain,raj.jain@hrhub.co.in,raj.jain,1,Y,80,HRHub Solutions Pvt. Ltd.,Information Technology & Business Services,India,37,36-45,1989-07-30,Married,High School,General Education,Kerala,Kochi,9958709526,Finance,Financial Analyst,Travel_Frequently,Work From Office,4.4,1,1,0,0,2024-08-09,52600,6-10 LPA,15,0,2,2,3,3,4,6,0.0,No,No,No
HRA241693,Female,Priya Mishra,priya.mishra@hrhub.co.in,priya.mishra,1,Y,80,HRHub Solutions Pvt. Ltd.,Information Technology & Business Services,India,38,36-45,1988-07-30,Divorced,MBA,Operations,Rajasthan,Jaipur,9843247611,Human Resources,HR Executive,Travel_Rarely,Work From Office,4.0,0,0,0,0,2025-01-02,45450,3-6 LPA,13,3,4,4,1,4,3,4,0.0,No,No,No
HRA241694,Male,Sandeep Singh,sandeep.singh@hrhub.co.in,sandeep.singh,1,Y,80,HRHub Solutions Pvt. Ltd.,Information Technology & Business Services,India,52,46-55,1974-08-03,Single,High School,General Education,Kerala,Thiruvananthapuram,9532170911,IT,Network Engineer,Travel_Frequently,Work From Office,23.2,21,9,9,12,2005-10-26,151550,10+ LPA,15,2,3,1,3,4,3,4,5.0,No,No,No
HRA241695,Female,Aditi Reddy,aditi.reddy@hrhub.co.in,aditi.reddy,1,Y,80,HRHub Solutions Pvt. Ltd.,Information Technology & Business Services,India,56,55+,1970-08-04,Married,PhD,Computer Science,Telangana,Warangal,9369025855,Sales,Sales Executive,Travel_Rarely,Remote,4.1,4,2,1,0,2024-11-27,41600,3-6 LPA,24,2,3,2,3,2,4,0,2.0,No,Yes,No
HRA241696,Male,Manish Roy,manish.roy@hrhub.co.in,manish.roy,1,Y,80,HRHub Solutions Pvt. Ltd.,Information Technology & Business Services,India,44,36-45,1982-08-01,Married,Diploma,Mechanical,Maharashtra,Mumbai,9741727147,IT,Software Engineer,Travel_Frequently,Work From Office,16.1,1,0,0,0,2012-11-30,179000,10+ LPA,25,3,2,4,2,2,1,5,0.0,No,No,Yes
HRA241697,Male,Mohit Jain,mohit.jain@hrhub.co.in,mohit.jain,1,Y,80,HRHub Solutions Pvt. Ltd.,Information Technology & Business Services,India,29,26-35,1997-07-28,Single,MBA,Human Resources,Uttar Pradesh,Noida,9069371218,Finance,Financial Analyst,Travel_Frequently,Hybrid,1.6,1,0,0,1,2027-05-28,27600,3-6 LPA,5,3,3,1,3,1,1,5,1.6,No,No,No
HRA241698,Female,Harini Nair,harini.nair@hrhub.co.in,harini.nair,1,Y,80,HRHub Solutions Pvt. Ltd.,Information Technology & Business Services,India,48,46-55,1978-08-02,Single,Diploma,Computer,Maharashtra,Mumbai,9210058099,Sales,Business Development Executive,Non-Travel,Remote,27.0,23,5,6,13,2002-01-08,174850,10+ LPA,18,0,4,2,3,1,2,4,8.0,No,No,No
HRA241699,Female,Anjali Mukherjee,anjali.mukherjee@hrhub.co.in,anjali.mukherjee,1,Y,80,HRHub Solutions Pvt. Ltd.,Information Technology & Business Services,India,42,36-45,1984-07-31,Single,Bachelor,Finance,Delhi,New Delhi,9521418047,Administration,Facility Coordinator,Travel_Rarely,Work From Office,18.6,3,0,0,0,2010-06-01,171150,10+ LPA,10,3,3,1,3,3,1,5,9.0,No,No,No
HRA241700,Female,Ananya Mehta,ananya.mehta@hrhub.co.in,ananya.mehta,1,Y,80,HRHub Solutions Pvt. Ltd.,Information Technology & Business Services,India,29,26-35,1997-07-28,Single,Bachelor,Commerce,Telangana,Warangal,9797618574,Finance,Finance Executive,Non-Travel,Work From Office,1.0,0,0,0,0,2028-01-02,28900,3-6 LPA,25,0,3,2,1,2,3,1,1.0,No,Yes,No
HRA241701,Female,Anusha Agarwal,anusha.agarwal@hrhub.co.in,anusha.agarwal,1,Y,80,HRHub Solutions Pvt. Ltd.,Information Technology & Business Services,India,20,18-25,2006-07-26,Married,Bachelor,Finance,Rajasthan,Jaipur,9941997653,Sales,Sales Executive,Travel_Frequently,Work From Office,0.0,0,0,0,0,2029-01-01,27100,3-6 LPA,11,3,3,1,1,1,4,4,0.0,Yes,No,No
HRA241702,Male,Mohit Sharma,mohit.sharma@hrhub.co.in,mohit.sharma,1,Y,80,HRHub Solutions Pvt. Ltd.,Information Technology & Business Services,India,34,26-35,1992-07-29,Married,PhD,Computer Science,Maharashtra,Pune,9355620229,Human Resources,Talent Acquisition Specialist,Travel_Rarely,Work From Office,1.2,0,0,0,0,2027-10-21,32150,3-6 LPA,6,3,2,4,2,1,2,0,1.2,No,Yes,Yes
HRA241703,Female,Vidya Nair,vidya.nair@hrhub.co.in,vidya.nair,1,Y,80,HRHub Solutions Pvt. Ltd.,Information Technology & Business Services,India,43,36-45,1983-08-01,Single,MBA,Human Resources,Gujarat,Surat,9621052068,Administration,Office Administrator,Non-Travel,Hybrid,13.0,6,0,1,4,2016-01-05,108950,10+ LPA,12,2,3,4,1,1,1,5,2.0,No,Yes,No
HRA241704,Male,Gaurav Nair,gaurav.nair@hrhub.co.in,gaurav.nair,1,Y,80,HRHub Solutions Pvt. Ltd.,Information Technology & Business Services,India,26,26-35,2000-07-27,Married,High School,General Education,Delhi,New Delhi,9393729981,Marketing,Digital Marketing Specialist,Travel_Rarely,Work From Office,0.7,0,0,0,0,2028-04-21,25650,3-6 LPA,24,1,4,4,3,2,4,6,0.7,No,Yes,No
HRA241705,Female,Ishita Kapoor,ishita.kapoor@hrhub.co.in,ishita.kapoor,1,Y,80,HRHub Solutions Pvt. Ltd.,Information Technology & Business Services,India,43,36-45,1983-08-01,Single,Master,Computer Science,Tamil Nadu,Chennai,9546330727,Operations,Operations Executive,Non-Travel,Work From Office,17.3,13,9,6,12,2011-09-19,150700,10+ LPA,8,2,4,3,4,1,3,1,10.0,No,No,No
HRA241706,Male,Karan Jain,karan.jain@hrhub.co.in,karan.jain,1,Y,80,HRHub Solutions Pvt. Ltd.,Information Technology & Business Services,India,30,26-35,1996-07-28,Married,Diploma,Mechanical,Delhi,New Delhi,9009898939,IT,Software Engineer,Non-Travel,Work From Office,2.6,2,1,0,2,2026-05-28,55850,6-10 LPA,25,0,3,4,2,2,1,0,0.0,No,Yes,No
HRA241707,Female,Anusha Sharma,anusha.sharma@hrhub.co.in,anusha.sharma,1,Y,80,HRHub Solutions Pvt. Ltd.,Information Technology & Business Services,India,23,18-25,2003-07-27,Divorced,Bachelor,Marketing,Rajasthan,Jodhpur,9789833732,Administration,Office Administrator,Travel_Rarely,Remote,0.5,0,0,0,0,2028-07-03,20850,0-3 LPA,19,3,4,3,4,1,4,2,0.5,No,No,Yes
HRA241708,Male,Deepak Sinha,deepak.sinha@hrhub.co.in,deepak.sinha,1,Y,80,HRHub Solutions Pvt. Ltd.,Information Technology & Business Services,India,36,36-45,1990-07-30,Divorced,MBA,Human Resources,Karnataka,Hubballi,9855389317,Human Resources,Talent Acquisition Specialist,Travel_Rarely,Remote,12.7,9,5,3,1,2016-04-24,100200,10+ LPA,22,0,4,1,2,3,2,2,9.0,No,No,No
HRA241709,Male,Deepak Singh,deepak.singh@hrhub.co.in,deepak.singh,1,Y,80,HRHub Solutions Pvt. Ltd.,Information Technology & Business Services,India,34,26-35,1992-07-29,Single,MBA,Finance,Gujarat,Vadodara,9936753594,IT,System Administrator,Travel_Rarely,Work From Office,9.1,2,0,0,0,2019-11-29,89100,10+ LPA,20,3,1,1,3,1,3,2,9.1,No,No,Yes
HRA241710,Male,Varun Sinha,varun.sinha@hrhub.co.in,varun.sinha,1,Y,80,HRHub Solutions Pvt. Ltd.,Information Technology & Business Services,India,44,36-45,1982-08-01,Single,Master,Finance,Karnataka,Bengaluru,9128331090,Operations,Operations Manager,Travel_Frequently,Work From Office,13.5,1,0,0,0,2015-07-07,173050,10+ LPA,7,0,2,1,1,2,2,2,3.0,Yes,Yes,No
HRA241711,Male,Varun Joshi,varun.joshi@hrhub.co.in,varun.joshi,1,Y,80,HRHub Solutions Pvt. Ltd.,Information Technology & Business Services,India,47,46-55,1979-08-02,Married,Diploma,Computer,Maharashtra,Mumbai,9318513250,Sales,Sales Manager,Travel_Rarely,Work From Office,6.7,2,2,1,1,2022-04-23,101750,10+ LPA,10,2,3,4,1,3,1,0,0.0,No,No,No
HRA241712,Female,Ananya Sinha,ananya.sinha@hrhub.co.in,ananya.sinha,1,Y,80,HRHub Solutions Pvt. Ltd.,Information Technology & Business Services,India,21,18-25,2005-07-26,Single,Bachelor,Computer Science,West Bengal,Howrah,9649784437,Operations,Operations Manager,Non-Travel,Work From Office,0.0,0,0,0,0,2029-01-01,83400,10+ LPA,19,0,3,1,2,3,1,2,0.0,No,Yes,No
HRA241713,Male,Arjun Mishra,arjun.mishra@hrhub.co.in,arjun.mishra,1,Y,80,HRHub Solutions Pvt. Ltd.,Information Technology & Business Services,India,53,46-55,1973-08-03,Single,PhD,Computer Science,Telangana,Warangal,9110079851,Marketing,Marketing Executive,Travel_Frequently,Remote,3.3,0,0,0,0,2025-09-15,44150,3-6 LPA,8,3,3,2,3,2,1,3,3.3,Yes,No,No
HRA241714,Female,Tanvi Das,tanvi.das@hrhub.co.in,tanvi.das,1,Y,80,HRHub Solutions Pvt. Ltd.,Information Technology & Business Services,India,44,36-45,1982-08-01,Married,Diploma,Civil,Rajasthan,Udaipur,9966357346,Finance,Accountant,Travel_Rarely,Remote,15.5,2,1,0,1,2013-07-07,176350,10+ LPA,23,3,3,2,2,3,1,4,3.0,No,No,Yes
HRA241715,Male,Manish Verma,manish.verma@hrhub.co.in,manish.verma,1,Y,80,HRHub Solutions Pvt. Ltd.,Information Technology & Business Services,India,19,18-25,2007-07-26,Single,Diploma,Computer,Gujarat,Surat,9418162309,Finance,Financial Analyst,Travel_Rarely,Work From Office,0.0,0,0,0,0,2029-01-01,38650,3-6 LPA,19,1,3,2,3,2,1,6,0.0,No,No,No
HRA241716,Female,Riya Mukherjee,riya.mukherjee@hrhub.co.in,riya.mukherjee,1,Y,80,HRHub Solutions Pvt. Ltd.,Information Technology & Business Services,India,32,26-35,1994-07-29,Married,Diploma,Electrical,West Bengal,Durgapur,9511268331,Sales,Sales Manager,Non-Travel,Work From Office,0.5,0,0,0,0,2028-07-03,62400,6-10 LPA,20,2,3,1,4,3,1,3,0.5,No,Yes,No
HRA241717,Female,Neha Reddy,neha.reddy@hrhub.co.in,neha.reddy,1,Y,80,HRHub Solutions Pvt. Ltd.,Information Technology & Business Services,India,31,26-35,1995-07-29,Divorced,MBA,Human Resources,West Bengal,Howrah,9021812995,Operations,Operations Manager,Non-Travel,Work From Office,6.1,0,0,0,0,2022-11-28,101950,10+ LPA,19,1,3,4,2,2,1,6,2.0,No,No,No
HRA241718,Female,Ananya Chatterjee,ananya.chatterjee@hrhub.co.in,ananya.chatterjee,1,Y,80,HRHub Solutions Pvt. Ltd.,Information Technology & Business Services,India,43,36-45,1983-08-01,Married,MBA,Operations,West Bengal,Durgapur,9748561366,Finance,Financial Analyst,Travel_Rarely,Work From Office,6.5,2,2,1,1,2022-07-05,81750,6-10 LPA,7,1,3,1,2,1,4,6,6.5,No,No,Yes
HRA241719,Male,Ankit Mehta,ankit.mehta@hrhub.co.in,ankit.mehta,1,Y,80,HRHub Solutions Pvt. Ltd.,Information Technology & Business Services,India,60,55+,1966-08-05,Single,Bachelor,Information Technology,West Bengal,Howrah,9840599147,Administration,Facility Coordinator,Non-Travel,Work From Office,15.5,11,0,3,4,2013-07-07,170450,10+ LPA,22,1,4,4,4,1,2,2,7.0,No,No,No
HRA241720,Male,Arjun Reddy,arjun.reddy@hrhub.co.in,arjun.reddy,1,Y,80,HRHub Solutions Pvt. Ltd.,Information Technology & Business Services,India,36,36-45,1990-07-30,Single,High School,General Education,Rajasthan,Udaipur,9698909495,Sales,Business Development Executive,Travel_Rarely,Work From Office,0.8,0,0,0,0,2028-03-15,37550,3-6 LPA,10,1,4,4,2,4,4,1,0.8,No,No,No
HRA241721,Male,Gaurav Nair,gaurav.nair@hrhub.co.in,gaurav.nair,1,Y,80,HRHub Solutions Pvt. Ltd.,Information Technology & Business Services,India,20,18-25,2006-07-26,Single,High School,General Education,Karnataka,Mysuru,9444335842,Human Resources,HR Business Partner,Travel_Rarely,Work From Office,0.0,0,0,0,0,2029-01-01,24900,0-3 LPA,11,3,2,2,3,4,1,0,0.0,No,No,No
HRA241722,Female,Ishita Singh,ishita.singh@hrhub.co.in,ishita.singh,1,Y,80,HRHub Solutions Pvt. Ltd.,Information Technology & Business Services,India,24,18-25,2002-07-27,Married,Diploma,Civil,Telangana,Warangal,9017881354,Finance,Accountant,Travel_Rarely,Hybrid,0.2,0,0,0,0,2028-10-20,29050,3-6 LPA,19,2,3,3,4,4,1,6,0.2,Yes,Yes,No
HRA241723,Male,Harsh Ghosh,harsh.ghosh@hrhub.co.in,harsh.ghosh,1,Y,80,HRHub Solutions Pvt. Ltd.,Information Technology & Business Services,India,27,26-35,1999-07-28,Divorced,MBA,Marketing,Telangana,Warangal,9195254587,Finance,Finance Executive,Travel_Rarely,Work From Office,5.7,3,3,1,1,2023-04-23,75500,6-10 LPA,23,0,4,3,3,1,2,1,1.0,No,No,No
HRA241724,Male,Deepak Sinha,deepak.sinha@hrhub.co.in,deepak.sinha,1,Y,80,HRHub Solutions Pvt. Ltd.,Information Technology & Business Services,India,51,46-55,1975-08-03,Single,Master,Finance,Telangana,Hyderabad,9507314412,Administration,Administrative Executive,Travel_Rarely,Work From Office,17.8,5,2,1,5,2011-03-20,162550,10+ LPA,17,1,3,1,4,1,2,4,0.0,No,Yes,No
HRA241725,Female,Swati Sen,swati.sen@hrhub.co.in,swati.sen,1,Y,80,HRHub Solutions Pvt. Ltd.,Information Technology & Business Services,India,38,36-45,1988-07-30,Single,Diploma,Electrical,West Bengal,Howrah,9449750148,Finance,Accountant,Travel_Frequently,Work From Office,11.8,9,7,4,0,2017-03-18,91600,10+ LPA,12,3,3,3,4,3,1,0,10.0,Yes,Yes,No
HRA241726,Male,Sumit Banerjee,sumit.banerjee@hrhub.co.in,sumit.banerjee,1,Y,80,HRHub Solutions Pvt. Ltd.,Information Technology & Business Services,India,19,18-25,2007-07-26,Married,MBA,Marketing,Kerala,Kozhikode,9880928820,Administration,Administrative Executive,Travel_Rarely,Work From Office,0.0,0,0,0,0,2029-01-01,24200,0-3 LPA,10,3,2,2,2,1,4,6,0.0,No,Yes,No
HRA241727,Male,Mohit Ghosh,mohit.ghosh@hrhub.co.in,mohit.ghosh,1,Y,80,HRHub Solutions Pvt. Ltd.,Information Technology & Business Services,India,24,18-25,2002-07-27,Married,PhD,Computer Science,Maharashtra,Mumbai,9713462538,Human Resources,HR Business Partner,Travel_Rarely,Work From Office,2.6,2,0,1,0,2026-05-28,36250,3-6 LPA,10,3,4,1,2,2,1,5,2.6,No,No,No
HRA241728,Male,Rohan Mukherjee,rohan.mukherjee@hrhub.co.in,rohan.mukherjee,1,Y,80,HRHub Solutions Pvt. Ltd.,Information Technology & Business Services,India,28,26-35,1998-07-28,Married,Diploma,Civil,Karnataka,Mysuru,9880143122,Finance,Finance Executive,Non-Travel,Work From Office,3.9,3,2,0,2,2025-02-08,55400,6-10 LPA,18,1,3,4,2,4,4,5,1.0,No,No,Yes
HRA241729,Male,Amit Patel,amit.patel@hrhub.co.in,amit.patel,1,Y,80,HRHub Solutions Pvt. Ltd.,Information Technology & Business Services,India,18,18-25,2008-07-25,Married,Diploma,Civil,Telangana,Warangal,9215240938,Finance,Financial Analyst,Travel_Rarely,Hybrid,0.0,0,0,0,0,2029-01-01,39200,3-6 LPA,19,3,3,4,4,1,3,0,0.0,No,No,No
HRA241730,Female,Ritika Singh,ritika.singh@hrhub.co.in,ritika.singh,1,Y,80,HRHub Solutions Pvt. Ltd.,Information Technology & Business Services,India,46,46-55,1980-08-01,Married,High School,General Education,Gujarat,Surat,9256370082,Human Resources,HR Executive,Non-Travel,Work From Office,19.9,18,12,2,13,2009-02-12,169500,10+ LPA,25,1,3,2,3,4,4,3,3.0,No,No,No
HRA241731,Female,Divya Saha,divya.saha@hrhub.co.in,divya.saha,1,Y,80,HRHub Solutions Pvt. Ltd.,Information Technology & Business Services,India,40,36-45,1986-07-31,Married,Diploma,Computer,Telangana,Hyderabad,9647532557,Finance,Finance Executive,Travel_Rarely,Work From Office,8.6,3,3,1,1,2020-05-29,86950,10+ LPA,21,2,4,3,1,3,2,5,0.0,No,No,No
HRA241732,Male,Mohit Saha,mohit.saha@hrhub.co.in,mohit.saha,1,Y,80,HRHub Solutions Pvt. Ltd.,Information Technology & Business Services,India,47,46-55,1979-08-02,Married,High School,General Education,Tamil Nadu,Chennai,9855798732,Sales,Sales Executive,Travel_Frequently,Work From Office,19.9,5,1,0,4,2009-02-12,163400,10+ LPA,6,1,3,4,1,3,2,0,9.0,Yes,No,No
HRA241733,Female,Kavya Mehta,kavya.mehta@hrhub.co.in,kavya.mehta,1,Y,80,HRHub Solutions Pvt. Ltd.,Information Technology & Business Services,India,43,36-45,1983-08-01,Single,Bachelor,Human Resources,Gujarat,Vadodara,9945328435,IT,System Administrator,Travel_Rarely,Hybrid,8.2,4,0,1,4,2020-10-23,71300,6-10 LPA,25,2,4,3,1,2,3,2,3.0,Yes,No,No
HRA241734,Male,Varun Khan,varun.khan@hrhub.co.in,varun.khan,1,Y,80,HRHub Solutions Pvt. Ltd.,Information Technology & Business Services,India,45,36-45,1981-08-01,Married,Bachelor,Business Administration,Uttar Pradesh,Lucknow,9625626585,Marketing,Digital Marketing Specialist,Non-Travel,Hybrid,7.9,0,0,0,0,2021-02-09,72000,6-10 LPA,21,0,1,3,2,3,1,4,7.9,No,Yes,No
HRA241735,Female,Kavya Jain,kavya.jain@hrhub.co.in,kavya.jain,1,Y,80,HRHub Solutions Pvt. Ltd.,Information Technology & Business Services,India,26,26-35,2000-07-27,Married,Master,Marketing,Gujarat,Vadodara,9244898774,Marketing,Content Strategist,Travel_Frequently,Work From Office,2.7,0,0,0,0,2026-04-22,45850,3-6 LPA,18,2,4,3,3,2,3,4,2.7,No,No,No
HRA241736,Male,Aditya Mishra,aditya.mishra@hrhub.co.in,aditya.mishra,1,Y,80,HRHub Solutions Pvt. Ltd.,Information Technology & Business Services,India,23,18-25,2003-07-27,Divorced,PhD,Computer Science,Tamil Nadu,Chennai,9366712881,Administration,Facility Coordinator,Non-Travel,Hybrid,0.1,0,0,0,0,2028-11-26,26150,3-6 LPA,23,2,3,3,2,2,3,3,0.1,Yes,No,No
HRA241737,Male,Vivek Agarwal,vivek.agarwal@hrhub.co.in,vivek.agarwal,1,Y,80,HRHub Solutions Pvt. Ltd.,Information Technology & Business Services,India,41,36-45,1985-07-31,Married,High School,General Education,Karnataka,Bengaluru,9270872546,IT,Data Analyst,Travel_Rarely,Work From Office,10.3,1,1,0,1,2018-09-17,95900,10+ LPA,7,1,2,3,4,3,2,6,3.0,No,No,No
HRA241738,Female,Neha Reddy,neha.reddy@hrhub.co.in,neha.reddy,1,Y,80,HRHub Solutions Pvt. Ltd.,Information Technology & Business Services,India,31,26-35,1995-07-29,Single,MBA,Finance,Uttar Pradesh,Lucknow,9775740936,Operations,Operations Executive,Travel_Rarely,Work From Office,0.7,0,0,0,0,2028-04-21,35550,3-6 LPA,9,1,3,1,4,2,4,1,0.7,Yes,No,No
HRA241739,Male,Vivek Verma,vivek.verma@hrhub.co.in,vivek.verma,1,Y,80,HRHub Solutions Pvt. Ltd.,Information Technology & Business Services,India,46,46-55,1980-08-01,Single,Master,Computer Science,Delhi,New Delhi,9005111277,IT,Software Engineer,Travel_Rarely,Work From Office,11.4,9,3,4,3,2017-08-11,117500,10+ LPA,18,2,3,1,2,3,3,5,5.0,Yes,No,No
HRA241740,Male,Aarav Shah,aarav.shah@hrhub.co.in,aarav.shah,1,Y,80,HRHub Solutions Pvt. Ltd.,Information Technology & Business Services,India,44,36-45,1982-08-01,Married,Master,Finance,Rajasthan,Udaipur,9110734294,Sales,Sales Manager,Travel_Frequently,Hybrid,17.0,15,3,3,6,2012-01-06,198900,10+ LPA,6,2,3,3,2,2,1,1,2.0,No,No,Yes
HRA241741,Male,Sumit Gupta,sumit.gupta@hrhub.co.in,sumit.gupta,1,Y,80,HRHub Solutions Pvt. Ltd.,Information Technology & Business Services,India,31,26-35,1995-07-29,Married,MBA,Human Resources,Karnataka,Hubballi,9460078518,Sales,Sales Executive,Travel_Rarely,Work From Office,4.9,0,0,0,0,2024-02-09,38150,3-6 LPA,5,3,3,1,2,4,2,1,3.0,No,No,No
HRA241742,Female,Tanvi Das,tanvi.das@hrhub.co.in,tanvi.das,1,Y,80,HRHub Solutions Pvt. Ltd.,Information Technology & Business Services,India,55,46-55,1971-08-04,Single,Diploma,Mechanical,Uttar Pradesh,Kanpur,9680888823,Sales,Business Development Executive,Non-Travel,Hybrid,31.2,9,2,1,8,1997-10-28,161800,10+ LPA,14,0,4,2,3,4,2,3,4.0,No,No,Yes
HRA241743,Female,Anjali Patel,anjali.patel@hrhub.co.in,anjali.patel,1,Y,80,HRHub Solutions Pvt. Ltd.,Information Technology & Business Services,India,37,36-45,1989-07-30,Married,PhD,Finance,Uttar Pradesh,Kanpur,9087371161,IT,System Administrator,Travel_Rarely,Work From Office,10.4,7,0,0,7,2018-08-11,118450,10+ LPA,11,1,3,4,1,4,2,4,3.0,No,No,No
HRA241744,Female,Shreya Agarwal,shreya.agarwal@hrhub.co.in,shreya.agarwal,1,Y,80,HRHub Solutions Pvt. Ltd.,Information Technology & Business Services,India,18,18-25,2008-07-25,Married,Diploma,Mechanical,Tamil Nadu,Coimbatore,9726088601,Sales,Sales Manager,Travel_Rarely,Remote,0.0,0,0,0,0,2029-01-01,71000,6-10 LPA,25,0,3,3,1,1,1,5,0.0,No,Yes,No
HRA241745,Male,Arjun Saha,arjun.saha@hrhub.co.in,arjun.saha,1,Y,80,HRHub Solutions Pvt. Ltd.,Information Technology & Business Services,India,44,36-45,1982-08-01,Married,Master,Marketing,Karnataka,Hubballi,9182831031,Marketing,Marketing Executive,Travel_Rarely,Work From Office,14.9,0,0,0,0,2014-02-11,104400,10+ LPA,10,1,2,4,4,1,4,1,3.0,No,Yes,No
HRA241746,Male,Rohan Nair,rohan.nair@hrhub.co.in,rohan.nair,1,Y,80,HRHub Solutions Pvt. Ltd.,Information Technology & Business Services,India,58,55+,1968-08-04,Married,MBA,Finance,Delhi,New Delhi,9031630984,Operations,Operations Executive,Travel_Rarely,Work From Office,27.2,22,21,9,20,2001-10-27,141350,10+ LPA,14,2,3,3,4,2,3,2,0.0,No,No,No
HRA241747,Male,Varun Shah,varun.shah@hrhub.co.in,varun.shah,1,Y,80,HRHub Solutions Pvt. Ltd.,Information Technology & Business Services,India,52,46-55,1974-08-03,Married,High School,General Education,Kerala,Kochi,9198263035,Marketing,Content Strategist,Non-Travel,Hybrid,29.0,21,3,2,7,2000-01-09,152250,10+ LPA,18,3,1,2,2,4,1,6,5.0,No,No,Yes
HRA241748,Female,Pooja Shah,pooja.shah@hrhub.co.in,pooja.shah,1,Y,80,HRHub Solutions Pvt. Ltd.,Information Technology & Business Services,India,39,36-45,1987-07-31,Single,High School,General Education,Delhi,New Delhi,9157750144,Administration,Administrative Executive,Travel_Rarely,Hybrid,4.0,3,3,0,1,2025-01-02,38500,3-6 LPA,10,0,2,3,1,2,3,6,4.0,No,No,No
HRA241749,Male,Rahul Ghosh,rahul.ghosh@hrhub.co.in,rahul.ghosh,1,Y,80,HRHub Solutions Pvt. Ltd.,Information Technology & Business Services,India,27,26-35,1999-07-28,Married,PhD,Computer Science,Karnataka,Mysuru,9590053761,Finance,Accountant,Travel_Frequently,Work From Office,5.1,3,3,0,0,2023-11-28,82300,6-10 LPA,5,3,3,2,4,1,4,3,2.0,No,No,Yes
HRA241750,Female,Ananya Reddy,ananya.reddy@hrhub.co.in,ananya.reddy,1,Y,80,HRHub Solutions Pvt. Ltd.,Information Technology & Business Services,India,38,36-45,1988-07-30,Married,MBA,Marketing,Tamil Nadu,Madurai,9230679467,Finance,Accountant,Travel_Rarely,Work From Office,1.3,1,1,0,0,2027-09-15,38300,3-6 LPA,12,1,3,2,1,2,4,6,1.3,No,No,No
HRA241751,Female,Sonali Das,sonali.das@hrhub.co.in,sonali.das,1,Y,80,HRHub Solutions Pvt. Ltd.,Information Technology & Business Services,India,59,55+,1967-08-05,Married,PhD,Management,Tamil Nadu,Coimbatore,9252416166,Sales,Sales Executive,Travel_Rarely,Work From Office,8.9,5,0,1,5,2020-02-10,64450,6-10 LPA,25,0,3,3,1,2,2,5,8.9,No,No,No
HRA241752,Male,Gaurav Kapoor,gaurav.kapoor@hrhub.co.in,gaurav.kapoor,1,Y,80,HRHub Solutions Pvt. Ltd.,Information Technology & Business Services,India,25,18-25,2001-07-27,Married,Diploma,Computer,Rajasthan,Jodhpur,9926549527,Sales,Business Development Executive,Travel_Rarely,Hybrid,2.9,0,0,0,0,2026-02-08,39050,3-6 LPA,12,0,1,2,4,2,2,6,2.9,Yes,Yes,No
HRA241753,Female,Tanvi Jain,tanvi.jain@hrhub.co.in,tanvi.jain,1,Y,80,HRHub Solutions Pvt. Ltd.,Information Technology & Business Services,India,25,18-25,2001-07-27,Married,MBA,Finance,Uttar Pradesh,Lucknow,9398832550,Administration,Office Administrator,Travel_Rarely,Hybrid,1.5,1,1,0,0,2027-07-04,26200,3-6 LPA,9,2,3,1,4,4,4,0,1.0,No,No,No
HRA241754,Female,Ishita Chatterjee,ishita.chatterjee@hrhub.co.in,ishita.chatterjee,1,Y,80,HRHub Solutions Pvt. Ltd.,Information Technology & Business Services,India,23,18-25,2003-07-27,Divorced,Bachelor,Marketing,Maharashtra,Pune,9046793236,IT,Software Engineer,Travel_Rarely,Work From Office,0.8,0,0,0,0,2028-03-15,39550,3-6 LPA,7,1,3,1,4,2,2,2,0.8,No,No,No
HRA241755,Male,Vikas Verma,vikas.verma@hrhub.co.in,vikas.verma,1,Y,80,HRHub Solutions Pvt. Ltd.,Information Technology & Business Services,India,44,36-45,1982-08-01,Single,Bachelor,Human Resources,Delhi,New Delhi,9996133172,Human Resources,HR Executive,Travel_Rarely,Work From Office,2.6,0,0,0,0,2026-05-28,40400,3-6 LPA,13,2,3,1,1,4,1,6,2.6,Yes,No,No
HRA241756,Male,Raj Mishra,raj.mishra@hrhub.co.in,raj.mishra,1,Y,80,HRHub Solutions Pvt. Ltd.,Information Technology & Business Services,India,34,26-35,1992-07-29,Married,MBA,Marketing,Uttar Pradesh,Kanpur,9242898185,Sales,Business Development Executive,Travel_Rarely,Work From Office,12.3,1,1,0,0,2016-09-17,87950,10+ LPA,23,1,3,3,4,3,2,4,1.0,No,Yes,No
HRA241757,Female,Tanvi Khan,tanvi.khan@hrhub.co.in,tanvi.khan,1,Y,80,HRHub Solutions Pvt. Ltd.,Information Technology & Business Services,India,24,18-25,2002-07-27,Single,Master,Finance,Telangana,Warangal,9890442209,IT,Network Engineer,Travel_Rarely,Work From Office,2.4,2,2,0,0,2026-08-09,45100,3-6 LPA,19,0,4,1,2,3,1,3,2.4,No,No,No
HRA241758,Female,Ishita Jain,ishita.jain@hrhub.co.in,ishita.jain,1,Y,80,HRHub Solutions Pvt. Ltd.,Information Technology & Business Services,India,57,55+,1969-08-04,Married,PhD,Finance,Karnataka,Mysuru,9037310251,Administration,Facility Coordinator,Travel_Rarely,Work From Office,11.5,7,7,3,1,2017-07-06,92050,10+ LPA,14,1,1,3,3,3,3,2,9.0,No,No,No
HRA241759,Male,Sumit Sen,sumit.sen@hrhub.co.in,sumit.sen,1,Y,80,HRHub Solutions Pvt. Ltd.,Information Technology & Business Services,India,49,46-55,1977-08-02,Married,Bachelor,Business Administration,Delhi,New Delhi,9098378321,Marketing,Content Strategist,Non-Travel,Work From Office,6.3,1,0,0,0,2022-09-16,82750,6-10 LPA,12,3,2,2,2,4,1,1,6.3,No,No,No
HRA241760,Male,Shubham Sinha,shubham.sinha@hrhub.co.in,shubham.sinha,1,Y,80,HRHub Solutions Pvt. Ltd.,Information Technology & Business Services,India,20,18-25,2006-07-26,Single,High School,General Education,Maharashtra,Nagpur,9914582308,IT,Software Engineer,Travel_Rarely,Remote,0.0,0,0,0,0,2029-01-01,38550,3-6 LPA,13,3,2,3,1,2,4,0,0.0,No,No,No
HRA241761,Female,Tanvi Sen,tanvi.sen@hrhub.co.in,tanvi.sen,1,Y,80,HRHub Solutions Pvt. Ltd.,Information Technology & Business Services,India,47,46-55,1979-08-02,Divorced,PhD,Computer Science,Rajasthan,Udaipur,9559027671,Sales,Business Development Executive,Travel_Frequently,Work From Office,8.5,0,0,0,0,2020-07-05,61800,6-10 LPA,17,2,4,3,3,1,1,2,8.5,No,Yes,No
HRA241762,Male,Sandeep Bose,sandeep.bose@hrhub.co.in,sandeep.bose,1,Y,80,HRHub Solutions Pvt. Ltd.,Information Technology & Business Services,India,58,55+,1968-08-04,Single,Master,Computer Science,Maharashtra,Pune,9305554139,Marketing,Marketing Executive,Travel_Rarely,Work From Office,15.7,5,0,2,1,2013-04-25,166650,10+ LPA,14,1,4,3,2,2,4,5,10.0,Yes,No,No
HRA241763,Male,Deepak Ghosh,deepak.ghosh@hrhub.co.in,deepak.ghosh,1,Y,80,HRHub Solutions Pvt. Ltd.,Information Technology & Business Services,India,49,46-55,1977-08-02,Married,Diploma,Electrical,West Bengal,Kolkata,9390876725,Human Resources,Talent Acquisition Specialist,Travel_Frequently,Work From Office,23.1,18,5,2,17,2005-12-02,125800,10+ LPA,16,0,4,3,4,2,3,3,5.0,No,Yes,No
HRA241764,Female,Anusha Mishra,anusha.mishra@hrhub.co.in,anusha.mishra,1,Y,80,HRHub Solutions Pvt. Ltd.,Information Technology & Business Services,India,50,46-55,1976-08-02,Single,PhD,Management,Uttar Pradesh,Noida,9643468207,Operations,Operations Executive,Travel_Rarely,Work From Office,6.1,6,6,3,4,2022-11-28,63400,6-10 LPA,18,3,1,1,3,2,4,2,6.1,No,No,No
HRA241765,Male,Vivek Mukherjee,vivek.mukherjee@hrhub.co.in,vivek.mukherjee,1,Y,80,HRHub Solutions Pvt. Ltd.,Information Technology & Business Services,India,19,18-25,2007-07-26,Married,PhD,Computer Science,Tamil Nadu,Madurai,9045067363,Finance,Finance Executive,Travel_Frequently,Work From Office,0.0,0,0,0,0,2029-01-01,32950,3-6 LPA,8,2,3,1,1,4,3,3,0.0,Yes,No,No
HRA241766,Female,Vidya Nair,vidya.nair@hrhub.co.in,vidya.nair,1,Y,80,HRHub Solutions Pvt. Ltd.,Information Technology & Business Services,India,46,46-55,1980-08-01,Married,MBA,Finance,Delhi,New Delhi,9164271657,Sales,Sales Executive,Travel_Frequently,Work From Office,20.1,8,4,1,8,2008-12-01,135450,10+ LPA,22,2,3,4,2,1,4,2,8.0,Yes,No,No
HRA241767,Male,Vivek Banerjee,vivek.banerjee@hrhub.co.in,vivek.banerjee,1,Y,80,HRHub Solutions Pvt. Ltd.,Information Technology & Business Services,India,22,18-25,2004-07-26,Single,MBA,Marketing,Maharashtra,Mumbai,9250789565,Administration,Facility Coordinator,Non-Travel,Remote,0.1,0,0,0,0,2028-11-26,23900,0-3 LPA,15,2,2,3,1,4,1,6,0.1,No,No,No
HRA241768,Male,Akash Sinha,akash.sinha@hrhub.co.in,akash.sinha,1,Y,80,HRHub Solutions Pvt. Ltd.,Information Technology & Business Services,India,35,26-35,1991-07-30,Married,MBA,Marketing,Karnataka,Bengaluru,9432093173,Marketing,Content Strategist,Travel_Rarely,Work From Office,1.8,0,0,0,0,2027-03-16,28400,3-6 LPA,10,1,3,1,2,1,1,0,1.8,No,No,No
HRA241769,Male,Akash Kapoor,akash.kapoor@hrhub.co.in,akash.kapoor,1,Y,80,HRHub Solutions Pvt. Ltd.,Information Technology & Business Services,India,42,36-45,1984-07-31,Married,Master,Computer Science,Telangana,Warangal,9729539384,Finance,Financial Analyst,Non-Travel,Remote,1.2,1,0,0,1,2027-10-21,26050,3-6 LPA,20,2,2,3,4,2,4,1,1.2,No,No,No
HRA241770,Male,Aarav Mishra,aarav.mishra@hrhub.co.in,aarav.mishra,1,Y,80,HRHub Solutions Pvt. Ltd.,Information Technology & Business Services,India,29,26-35,1997-07-28,Married,Diploma,Mechanical,Kerala,Kozhikode,9662290634,Sales,Sales Manager,Travel_Frequently,Work From Office,5.9,1,1,0,1,2023-02-09,114050,10+ LPA,20,3,3,4,3,2,1,5,5.9,Yes,Yes,No
HRA241771,Female,Megha Shah,megha.shah@hrhub.co.in,megha.shah,1,Y,80,HRHub Solutions Pvt. Ltd.,Information Technology & Business Services,India,33,26-35,1993-07-29,Married,PhD,Computer Science,Gujarat,Surat,9361050844,Administration,Administrative Executive,Travel_Rarely,Work From Office,4.2,0,0,0,0,2024-10-21,44050,3-6 LPA,8,1,3,1,4,3,1,0,1.0,No,No,No
HRA241772,Male,Shubham Rao,shubham.rao@hrhub.co.in,shubham.rao,1,Y,80,HRHub Solutions Pvt. Ltd.,Information Technology & Business Services,India,51,46-55,1975-08-03,Married,PhD,Computer Science,Kerala,Thiruvananthapuram,9625983499,Operations,Operations Manager,Travel_Rarely,Remote,12.4,7,2,2,3,2016-08-11,171500,10+ LPA,15,0,3,2,4,4,4,2,10.0,No,No,No
HRA241773,Female,Ishita Joshi,ishita.joshi@hrhub.co.in,ishita.joshi,1,Y,80,HRHub Solutions Pvt. Ltd.,Information Technology & Business Services,India,53,46-55,1973-08-03,Single,PhD,Computer Science,Tamil Nadu,Madurai,9830371258,Sales,Business Development Executive,Travel_Rarely,Work From Office,23.7,9,3,0,3,2005-04-27,161300,10+ LPA,13,1,4,1,2,2,1,6,10.0,No,Yes,No
HRA241774,Female,Ishita Verma,ishita.verma@hrhub.co.in,ishita.verma,1,Y,80,HRHub Solutions Pvt. Ltd.,Information Technology & Business Services,India,52,46-55,1974-08-03,Single,PhD,Finance,Karnataka,Hubballi,9321319107,Human Resources,HR Executive,Travel_Frequently,Work From Office,19.1,12,2,4,8,2009-12-01,143450,10+ LPA,20,0,3,3,4,3,3,1,1.0,No,No,No
HRA241775,Male,Raj Ghosh,raj.ghosh@hrhub.co.in,raj.ghosh,1,Y,80,HRHub Solutions Pvt. Ltd.,Information Technology & Business Services,India,24,18-25,2002-07-27,Single,Bachelor,Marketing,Karnataka,Bengaluru,9923107846,IT,System Administrator,Travel_Rarely,Work From Office,1.3,0,0,0,0,2027-09-15,34550,3-6 LPA,22,1,3,4,3,1,2,4,1.3,No,Yes,Yes
HRA241776,Female,Riya Agarwal,riya.agarwal@hrhub.co.in,riya.agarwal,1,Y,80,HRHub Solutions Pvt. Ltd.,Information Technology & Business Services,India,42,36-45,1984-07-31,Married,Master,Computer Science,Tamil Nadu,Madurai,9048584521,Administration,Office Administrator,Travel_Frequently,Work From Office,4.3,2,1,0,0,2024-09-15,46300,3-6 LPA,10,0,3,4,3,1,1,6,4.3,No,No,No
HRA241777,Male,Vikas Kapoor,vikas.kapoor@hrhub.co.in,vikas.kapoor,1,Y,80,HRHub Solutions Pvt. Ltd.,Information Technology & Business Services,India,59,55+,1967-08-05,Single,Bachelor,Computer Science,Karnataka,Mysuru,9385731968,Sales,Sales Manager,Travel_Rarely,Work From Office,3.9,2,0,0,2,2025-02-08,99150,10+ LPA,22,1,3,2,4,2,3,5,3.0,Yes,No,No
HRA241778,Female,Shreya Singh,shreya.singh@hrhub.co.in,shreya.singh,1,Y,80,HRHub Solutions Pvt. Ltd.,Information Technology & Business Services,India,54,46-55,1972-08-03,Married,PhD,Computer Science,Uttar Pradesh,Lucknow,9090191346,Marketing,Content Strategist,Non-Travel,Work From Office,7.6,1,1,0,1,2021-05-29,81000,6-10 LPA,18,0,2,4,4,1,3,0,7.6,No,No,No
HRA241779,Male,Gaurav Jain,gaurav.jain@hrhub.co.in,gaurav.jain,1,Y,80,HRHub Solutions Pvt. Ltd.,Information Technology & Business Services,India,34,26-35,1992-07-29,Married,Master,Human Resources,Kerala,Kochi,9316381288,IT,Software Engineer,Travel_Frequently,Hybrid,7.0,2,1,1,1,2022-01-03,74700,6-10 LPA,14,2,3,2,1,2,3,2,4.0,No,No,No
HRA241780,Male,Sandeep Nair,sandeep.nair@hrhub.co.in,sandeep.nair,1,Y,80,HRHub Solutions Pvt. Ltd.,Information Technology & Business Services,India,46,46-55,1980-08-01,Married,Bachelor,Commerce,Gujarat,Surat,9779420490,Marketing,Marketing Executive,Non-Travel,Work From Office,14.4,10,4,2,4,2014-08-12,90000,10+ LPA,18,2,3,3,1,4,1,6,7.0,Yes,No,No
HRA241781,Male,Ayush Sen,ayush.sen@hrhub.co.in,ayush.sen,1,Y,80,HRHub Solutions Pvt. Ltd.,Information Technology & Business Services,India,19,18-25,2007-07-26,Single,MBA,Finance,Gujarat,Vadodara,9277870226,Operations,Supply Chain Coordinator,Non-Travel,Remote,0.0,0,0,0,0,2029-01-01,28800,3-6 LPA,12,2,3,1,2,4,2,0,0.0,Yes,No,No
HRA241782,Male,Harsh Agarwal,harsh.agarwal@hrhub.co.in,harsh.agarwal,1,Y,80,HRHub Solutions Pvt. Ltd.,Information Technology & Business Services,India,59,55+,1967-08-05,Married,MBA,Operations,Gujarat,Vadodara,9386364589,Human Resources,HR Business Partner,Non-Travel,Hybrid,28.3,15,3,6,0,2000-09-21,158300,10+ LPA,5,3,3,4,2,3,2,1,1.0,No,No,No
HRA241783,Female,Megha Agarwal,megha.agarwal@hrhub.co.in,megha.agarwal,1,Y,80,HRHub Solutions Pvt. Ltd.,Information Technology & Business Services,India,54,46-55,1972-08-03,Single,Diploma,Mechanical,Uttar Pradesh,Kanpur,9504916842,IT,Software Engineer,Travel_Rarely,Work From Office,20.3,19,14,5,7,2008-09-19,147300,10+ LPA,16,3,3,2,2,2,3,6,9.0,Yes,Yes,No
HRA241784,Male,Mohit Jain,mohit.jain@hrhub.co.in,mohit.jain,1,Y,80,HRHub Solutions Pvt. Ltd.,Information Technology & Business Services,India,39,36-45,1987-07-31,Married,Bachelor,Finance,Maharashtra,Pune,9080639282,Finance,Finance Executive,Travel_Rarely,Hybrid,7.8,4,3,0,0,2021-03-17,82950,6-10 LPA,24,2,4,3,1,4,3,5,7.8,No,Yes,No
HRA241785,Female,Neha Roy,neha.roy@hrhub.co.in,neha.roy,1,Y,80,HRHub Solutions Pvt. Ltd.,Information Technology & Business Services,India,23,18-25,2003-07-27,Married,Master,Computer Science,West Bengal,Kolkata,9430028306,Operations,Operations Manager,Travel_Frequently,Work From Office,0.3,0,0,0,0,2028-09-14,77950,6-10 LPA,14,1,1,2,3,1,3,6,0.3,No,No,No
HRA241786,Female,Sneha Agarwal,sneha.agarwal@hrhub.co.in,sneha.agarwal,1,Y,80,HRHub Solutions Pvt. Ltd.,Information Technology & Business Services,India,60,55+,1966-08-05,Single,PhD,Management,Telangana,Warangal,9373816747,Operations,Operations Manager,Travel_Rarely,Work From Office,14.4,5,0,1,3,2014-08-12,141400,10+ LPA,14,2,4,3,1,4,2,0,6.0,No,Yes,No
HRA241787,Female,Divya Sinha,divya.sinha@hrhub.co.in,divya.sinha,1,Y,80,HRHub Solutions Pvt. Ltd.,Information Technology & Business Services,India,42,36-45,1984-07-31,Married,Diploma,Civil,Kerala,Kochi,9543397480,Marketing,Content Strategist,Travel_Frequently,Work From Office,17.9,1,1,0,1,2011-02-12,175350,10+ LPA,14,2,4,1,4,2,4,4,7.0,No,Yes,Yes
HRA241788,Female,Kavya Gupta,kavya.gupta@hrhub.co.in,kavya.gupta,1,Y,80,HRHub Solutions Pvt. Ltd.,Information Technology & Business Services,India,46,46-55,1980-08-01,Married,Master,Finance,Uttar Pradesh,Noida,9286409322,Finance,Financial Analyst,Travel_Frequently,Work From Office,10.6,8,1,1,2,2018-05-30,97450,10+ LPA,7,0,4,2,2,3,3,1,10.0,No,No,Yes
HRA241789,Female,Ananya Patel,ananya.patel@hrhub.co.in,ananya.patel,1,Y,80,HRHub Solutions Pvt. Ltd.,Information Technology & Business Services,India,53,46-55,1973-08-03,Married,PhD,Management,Uttar Pradesh,Noida,9946595930,Administration,Administrative Executive,Travel_Frequently,Work From Office,26.8,26,10,8,23,2002-03-22,156750,10+ LPA,19,0,4,2,1,1,1,4,4.0,No,No,No
HRA241790,Male,Deepak Mishra,deepak.mishra@hrhub.co.in,deepak.mishra,1,Y,80,HRHub Solutions Pvt. Ltd.,Information Technology & Business Services,India,38,36-45,1988-07-30,Married,PhD,Computer Science,Rajasthan,Jaipur,9534130167,Finance,Financial Analyst,Travel_Rarely,Work From Office,14.0,10,9,1,1,2015-01-05,125800,10+ LPA,11,3,3,1,3,4,2,1,8.0,No,No,No
HRA241791,Male,Ayush Gupta,ayush.gupta@hrhub.co.in,ayush.gupta,1,Y,80,HRHub Solutions Pvt. Ltd.,Information Technology & Business Services,India,45,36-45,1981-08-01,Married,Diploma,Civil,Kerala,Kozhikode,9472865018,Marketing,Digital Marketing Specialist,Travel_Rarely,Work From Office,8.9,5,1,1,2,2020-02-10,62950,6-10 LPA,10,1,3,2,4,3,1,2,1.0,No,No,No
HRA241792,Female,Divya Kumar,divya.kumar@hrhub.co.in,divya.kumar,1,Y,80,HRHub Solutions Pvt. Ltd.,Information Technology & Business Services,India,35,26-35,1991-07-30,Single,High School,General Education,Tamil Nadu,Chennai,9389265623,Administration,Facility Coordinator,Travel_Rarely,Work From Office,10.5,1,1,0,1,2018-07-06,85400,10+ LPA,9,0,3,4,3,2,1,2,9.0,No,Yes,No
HRA241793,Female,Vaishnavi Sharma,vaishnavi.sharma@hrhub.co.in,vaishnavi.sharma,1,Y,80,HRHub Solutions Pvt. Ltd.,Information Technology & Business Services,India,58,55+,1968-08-04,Single,Diploma,Computer,Telangana,Hyderabad,9986264059,Finance,Finance Executive,Travel_Rarely,Work From Office,27.5,1,0,0,0,2001-07-10,157300,10+ LPA,21,2,3,4,1,4,2,3,2.0,No,No,No
HRA241794,Female,Ananya Bose,ananya.bose@hrhub.co.in,ananya.bose,1,Y,80,HRHub Solutions Pvt. Ltd.,Information Technology & Business Services,India,29,26-35,1997-07-28,Married,High School,General Education,Karnataka,Bengaluru,9606558988,Operations,Supply Chain Coordinator,Travel_Rarely,Work From Office,6.0,4,2,0,1,2023-01-03,58800,6-10 LPA,7,1,3,1,3,4,1,4,6.0,Yes,Yes,No
HRA241795,Female,Divya Singh,divya.singh@hrhub.co.in,divya.singh,1,Y,80,HRHub Solutions Pvt. Ltd.,Information Technology & Business Services,India,60,55+,1966-08-05,Single,Diploma,Computer,Telangana,Hyderabad,9065087280,Sales,Sales Executive,Travel_Rarely,Hybrid,23.0,23,19,3,9,2006-01-07,174750,10+ LPA,14,3,3,2,2,2,2,6,5.0,No,No,No
HRA241796,Female,Anjali Verma,anjali.verma@hrhub.co.in,anjali.verma,1,Y,80,HRHub Solutions Pvt. Ltd.,Information Technology & Business Services,India,20,18-25,2006-07-26,Married,Diploma,Electrical,Gujarat,Surat,9483684371,Operations,Operations Manager,Travel_Rarely,Work From Office,0.0,0,0,0,0,2029-01-01,61800,6-10 LPA,19,3,3,3,4,3,2,6,0.0,Yes,No,No
HRA241797,Male,Raj Das,raj.das@hrhub.co.in,raj.das,1,Y,80,HRHub Solutions Pvt. Ltd.,Information Technology & Business Services,India,27,26-35,1999-07-28,Single,PhD,Finance,Karnataka,Bengaluru,9733673339,Administration,Office Administrator,Travel_Rarely,Hybrid,1.8,0,0,0,0,2027-03-16,31450,3-6 LPA,8,0,2,4,1,4,1,3,0.0,No,No,No
HRA241798,Male,Varun Mishra,varun.mishra@hrhub.co.in,varun.mishra,1,Y,80,HRHub Solutions Pvt. Ltd.,Information Technology & Business Services,India,53,46-55,1973-08-03,Married,High School,General Education,Rajasthan,Jodhpur,9897779767,Human Resources,HR Executive,Travel_Frequently,Work From Office,29.1,10,3,5,9,1999-12-04,148900,10+ LPA,9,3,3,1,2,4,2,5,5.0,No,Yes,No
HRA241799,Female,Megha Mukherjee,megha.mukherjee@hrhub.co.in,megha.mukherjee,1,Y,80,HRHub Solutions Pvt. Ltd.,Information Technology & Business Services,India,25,18-25,2001-07-27,Single,Master,Finance,Uttar Pradesh,Kanpur,9039548324,Marketing,Marketing Executive,Travel_Rarely,Work From Office,2.3,0,0,0,0,2026-09-15,44550,3-6 LPA,9,1,3,1,3,4,2,3,2.3,Yes,No,Yes
HRA241800,Female,Harini Sharma,harini.sharma@hrhub.co.in,harini.sharma,1,Y,80,HRHub Solutions Pvt. Ltd.,Information Technology & Business Services,India,19,18-25,2007-07-26,Divorced,PhD,Management,Delhi,New Delhi,9778170314,Human Resources,HR Executive,Travel_Rarely,Work From Office,0.0,0,0,0,0,2029-01-01,23450,0-3 LPA,12,1,4,3,4,2,2,5,0.0,No,Yes,No
HRA241801,Male,Shubham Banerjee,shubham.banerjee@hrhub.co.in,shubham.banerjee,1,Y,80,HRHub Solutions Pvt. Ltd.,Information Technology & Business Services,India,43,36-45,1983-08-01,Single,MBA,Human Resources,Kerala,Kochi,9583918073,Finance,Accountant,Non-Travel,Work From Office,19.7,14,1,4,8,2009-04-26,165300,10+ LPA,14,3,3,4,1,2,3,5,0.0,No,No,No
HRA241802,Female,Riya Kapoor,riya.kapoor@hrhub.co.in,riya.kapoor,1,Y,80,HRHub Solutions Pvt. Ltd.,Information Technology & Business Services,India,28,26-35,1998-07-28,Single,High School,General Education,Gujarat,Surat,9639609795,Finance,Finance Executive,Travel_Rarely,Work From Office,0.5,0,0,0,0,2028-07-03,28100,3-6 LPA,24,0,1,4,1,1,4,1,0.5,No,Yes,No
HRA241803,Male,Raj Banerjee,raj.banerjee@hrhub.co.in,raj.banerjee,1,Y,80,HRHub Solutions Pvt. Ltd.,Information Technology & Business Services,India,39,36-45,1987-07-31,Single,PhD,Finance,West Bengal,Howrah,9380046075,Operations,Operations Manager,Travel_Rarely,Work From Office,9.8,1,1,0,1,2019-03-18,93050,10+ LPA,24,0,4,2,2,3,4,3,6.0,No,No,No
HRA241804,Female,Sneha Reddy,sneha.reddy@hrhub.co.in,sneha.reddy,1,Y,80,HRHub Solutions Pvt. Ltd.,Information Technology & Business Services,India,36,36-45,1990-07-30,Married,MBA,Human Resources,Tamil Nadu,Coimbatore,9487925314,Administration,Facility Coordinator,Non-Travel,Remote,11.9,7,7,2,5,2017-02-10,114450,10+ LPA,17,3,2,2,4,1,1,2,1.0,No,Yes,No
HRA241805,Female,Ananya Mehta,ananya.mehta@hrhub.co.in,ananya.mehta,1,Y,80,HRHub Solutions Pvt. Ltd.,Information Technology & Business Services,India,31,26-35,1995-07-29,Single,PhD,Computer Science,Rajasthan,Udaipur,9868786895,Finance,Finance Executive,Travel_Rarely,Work From Office,4.9,2,2,0,0,2024-02-09,43500,3-6 LPA,23,1,3,4,1,4,2,3,4.9,No,No,No
HRA241806,Male,Mohit Sen,mohit.sen@hrhub.co.in,mohit.sen,1,Y,80,HRHub Solutions Pvt. Ltd.,Information Technology & Business Services,India,53,46-55,1973-08-03,Married,PhD,Finance,Delhi,New Delhi,9691627308,Finance,Finance Executive,Travel_Rarely,Work From Office,0.5,0,0,0,0,2028-07-03,29850,3-6 LPA,19,1,2,4,1,3,1,0,0.5,No,Yes,No
HRA241807,Male,Harsh Khan,harsh.khan@hrhub.co.in,harsh.khan,1,Y,80,HRHub Solutions Pvt. Ltd.,Information Technology & Business Services,India,27,26-35,1999-07-28,Married,PhD,Finance,Telangana,Hyderabad,9433653339,Administration,Facility Coordinator,Travel_Frequently,Hybrid,0.9,0,0,0,0,2028-02-08,25050,3-6 LPA,10,0,3,2,4,2,1,6,0.9,No,No,No
HRA241808,Female,Swati Mehta,swati.mehta@hrhub.co.in,swati.mehta,1,Y,80,HRHub Solutions Pvt. Ltd.,Information Technology & Business Services,India,32,26-35,1994-07-29,Married,High School,General Education,Delhi,New Delhi,9826452400,Human Resources,HR Business Partner,Non-Travel,Hybrid,5.4,5,5,1,4,2023-08-10,62150,6-10 LPA,19,0,4,3,1,3,2,5,5.4,Yes,No,No
HRA241809,Male,Raj Agarwal,raj.agarwal@hrhub.co.in,raj.agarwal,1,Y,80,HRHub Solutions Pvt. Ltd.,Information Technology & Business Services,India,47,46-55,1979-08-02,Married,Diploma,Civil,Rajasthan,Udaipur,9677576018,Marketing,Digital Marketing Specialist,Travel_Frequently,Work From Office,4.6,3,2,0,2,2024-05-29,38050,3-6 LPA,21,1,3,2,4,1,1,6,4.0,No,No,No
HRA241810,Female,Ritika Verma,ritika.verma@hrhub.co.in,ritika.verma,1,Y,80,HRHub Solutions Pvt. Ltd.,Information Technology & Business Services,India,36,36-45,1990-07-30,Single,Bachelor,Business Administration,West Bengal,Howrah,9722144438,IT,System Administrator,Travel_Rarely,Hybrid,1.3,1,0,0,1,2027-09-15,32250,3-6 LPA,9,1,2,1,3,3,2,4,1.3,No,Yes,No
HRA241811,Male,Vikas Kapoor,vikas.kapoor@hrhub.co.in,vikas.kapoor,1,Y,80,HRHub Solutions Pvt. Ltd.,Information Technology & Business Services,India,25,18-25,2001-07-27,Married,MBA,Human Resources,Karnataka,Mysuru,9170006962,IT,System Administrator,Travel_Rarely,Work From Office,1.2,0,0,0,0,2027-10-21,33850,3-6 LPA,10,1,2,4,4,3,3,4,1.2,No,No,No
HRA241812,Female,Shreya Bose,shreya.bose@hrhub.co.in,shreya.bose,1,Y,80,HRHub Solutions Pvt. Ltd.,Information Technology & Business Services,India,59,55+,1967-08-05,Married,Bachelor,Marketing,Telangana,Warangal,9849270562,Finance,Financial Analyst,Non-Travel,Work From Office,17.1,11,9,5,11,2011-12-01,159800,10+ LPA,15,1,4,4,1,4,4,5,2.0,No,No,No
HRA241813,Male,Shubham Bose,shubham.bose@hrhub.co.in,shubham.bose,1,Y,80,HRHub Solutions Pvt. Ltd.,Information Technology & Business Services,India,34,26-35,1992-07-29,Single,MBA,Operations,Telangana,Hyderabad,9417427979,Operations,Operations Executive,Travel_Rarely,Work From Office,7.2,6,5,1,3,2021-10-22,73650,6-10 LPA,10,0,4,3,1,3,4,2,5.0,No,Yes,No
HRA241814,Male,Pranav Kumar,pranav.kumar@hrhub.co.in,pranav.kumar,1,Y,80,HRHub Solutions Pvt. Ltd.,Information Technology & Business Services,India,22,18-25,2004-07-26,Single,High School,General Education,Maharashtra,Nagpur,9100716313,Administration,Office Administrator,Travel_Rarely,Remote,0.8,0,0,0,0,2028-03-15,19200,0-3 LPA,12,1,4,2,1,3,2,4,0.8,Yes,No,No
HRA241815,Female,Ishita Jain,ishita.jain@hrhub.co.in,ishita.jain,1,Y,80,HRHub Solutions Pvt. Ltd.,Information Technology & Business Services,India,27,26-35,1999-07-28,Single,Diploma,Mechanical,Gujarat,Ahmedabad,9562296515,Finance,Finance Executive,Travel_Frequently,Work From Office,0.4,0,0,0,0,2028-08-08,35650,3-6 LPA,18,0,3,2,3,3,1,1,0.4,No,No,No
HRA241816,Male,Vivek Joshi,vivek.joshi@hrhub.co.in,vivek.joshi,1,Y,80,HRHub Solutions Pvt. Ltd.,Information Technology & Business Services,India,20,18-25,2006-07-26,Married,Bachelor,Information Technology,Gujarat,Vadodara,9149746349,IT,System Administrator,Travel_Rarely,Work From Office,0.0,0,0,0,0,2029-01-01,42400,3-6 LPA,18,0,3,3,4,1,4,5,0.0,Yes,No,No
HRA241817,Male,Nikhil Sharma,nikhil.sharma@hrhub.co.in,nikhil.sharma,1,Y,80,HRHub Solutions Pvt. Ltd.,Information Technology & Business Services,India,42,36-45,1984-07-31,Single,PhD,Finance,Karnataka,Mysuru,9159472841,Finance,Finance Executive,Non-Travel,Remote,10.8,5,5,0,0,2018-03-18,87050,10+ LPA,23,1,3,4,4,1,1,2,8.0,No,No,No
HRA241818,Male,Nikhil Agarwal,nikhil.agarwal@hrhub.co.in,nikhil.agarwal,1,Y,80,HRHub Solutions Pvt. Ltd.,Information Technology & Business Services,India,54,46-55,1972-08-03,Single,Master,Business Administration,Tamil Nadu,Madurai,9382328715,Marketing,Content Strategist,Travel_Frequently,Work From Office,15.9,15,10,4,14,2013-02-11,126800,10+ LPA,23,3,3,1,1,1,1,5,9.0,Yes,No,No
HRA241819,Female,Ananya Mehta,ananya.mehta@hrhub.co.in,ananya.mehta,1,Y,80,HRHub Solutions Pvt. Ltd.,Information Technology & Business Services,India,22,18-25,2004-07-26,Married,Master,Business Administration,Uttar Pradesh,Lucknow,9821747793,Operations,Operations Executive,Travel_Rarely,Hybrid,0.1,0,0,0,0,2028-11-26,35200,3-6 LPA,18,3,3,1,3,4,1,6,0.1,No,No,Yes
HRA241820,Male,Pranav Rao,pranav.rao@hrhub.co.in,pranav.rao,1,Y,80,HRHub Solutions Pvt. Ltd.,Information Technology & Business Services,India,50,46-55,1976-08-02,Divorced,Master,Human Resources,Rajasthan,Udaipur,9545961902,Finance,Financial Analyst,Non-Travel,Work From Office,20.4,15,9,5,3,2008-08-14,164800,10+ LPA,16,0,2,4,2,4,2,0,3.0,No,No,No
HRA241821,Male,Amit Nair,amit.nair@hrhub.co.in,amit.nair,1,Y,80,HRHub Solutions Pvt. Ltd.,Information Technology & Business Services,India,48,46-55,1978-08-02,Married,Bachelor,Commerce,Gujarat,Surat,9369347944,Administration,Facility Coordinator,Travel_Rarely,Work From Office,23.9,1,0,0,0,2005-02-13,165850,10+ LPA,11,3,3,1,2,3,2,1,10.0,No,Yes,Yes
HRA241822,Male,Sahil Mukherjee,sahil.mukherjee@hrhub.co.in,sahil.mukherjee,1,Y,80,HRHub Solutions Pvt. Ltd.,Information Technology & Business Services,India,18,18-25,2008-07-25,Single,High School,General Education,Delhi,New Delhi,9803736101,Marketing,Marketing Executive,Travel_Rarely,Hybrid,0.0,0,0,0,0,2029-01-01,37100,3-6 LPA,22,2,2,4,4,4,4,3,0.0,No,No,No
HRA241823,Female,Sonali Rao,sonali.rao@hrhub.co.in,sonali.rao,1,Y,80,HRHub Solutions Pvt. Ltd.,Information Technology & Business Services,India,26,26-35,2000-07-27,Married,PhD,Computer Science,West Bengal,Kolkata,9776832688,Sales,Sales Manager,Travel_Rarely,Hybrid,3.7,2,1,0,2,2025-04-22,80000,6-10 LPA,15,0,3,2,3,4,2,5,3.7,No,No,No
HRA241824,Female,Megha Mishra,megha.mishra@hrhub.co.in,megha.mishra,1,Y,80,HRHub Solutions Pvt. Ltd.,Information Technology & Business Services,India,38,36-45,1988-07-30,Married,MBA,Operations,Maharashtra,Mumbai,9356348379,Operations,Operations Manager,Travel_Rarely,Work From Office,10.1,9,7,0,7,2018-11-29,133600,10+ LPA,12,1,4,4,1,4,4,1,6.0,No,No,No
HRA241825,Female,Nikita Ghosh,nikita.ghosh@hrhub.co.in,nikita.ghosh,1,Y,80,HRHub Solutions Pvt. Ltd.,Information Technology & Business Services,India,29,26-35,1997-07-28,Married,High School,General Education,Telangana,Hyderabad,9599803752,Finance,Finance Executive,Non-Travel,Hybrid,5.0,4,1,0,0,2024-01-03,57000,6-10 LPA,17,2,2,1,4,3,2,5,5.0,No,No,Yes
HRA241826,Male,Vikas Chatterjee,vikas.chatterjee@hrhub.co.in,vikas.chatterjee,1,Y,80,HRHub Solutions Pvt. Ltd.,Information Technology & Business Services,India,60,55+,1966-08-05,Married,PhD,Management,Maharashtra,Mumbai,9252074346,Human Resources,Talent Acquisition Specialist,Travel_Frequently,Work From Office,28.4,8,2,2,6,2000-08-15,136950,10+ LPA,23,3,3,2,1,3,2,4,5.0,No,No,No
HRA241827,Female,Neha Mehta,neha.mehta@hrhub.co.in,neha.mehta,1,Y,80,HRHub Solutions Pvt. Ltd.,Information Technology & Business Services,India,52,46-55,1974-08-03,Single,High School,General Education,West Bengal,Durgapur,9472323887,IT,Network Engineer,Non-Travel,Remote,18.3,16,1,6,16,2010-09-19,134850,10+ LPA,11,1,4,3,1,4,1,4,1.0,No,No,Yes
HRA241828,Female,Khushi Roy,khushi.roy@hrhub.co.in,khushi.roy,1,Y,80,HRHub Solutions Pvt. Ltd.,Information Technology & Business Services,India,58,55+,1968-08-04,Single,Master,Business Administration,Maharashtra,Nagpur,9507900894,Operations,Operations Executive,Travel_Rarely,Work From Office,5.3,0,0,0,0,2023-09-16,74100,6-10 LPA,10,0,1,3,1,3,2,6,3.0,No,Yes,No
HRA241829,Female,Pooja Mukherjee,pooja.mukherjee@hrhub.co.in,pooja.mukherjee,1,Y,80,HRHub Solutions Pvt. Ltd.,Information Technology & Business Services,India,51,46-55,1975-08-03,Single,Master,Finance,Karnataka,Hubballi,9798250753,Finance,Accountant,Travel_Frequently,Hybrid,29.2,17,2,5,7,1999-10-28,170400,10+ LPA,11,2,1,2,2,3,4,2,10.0,No,Yes,No
HRA241830,Female,Divya Shah,divya.shah@hrhub.co.in,divya.shah,1,Y,80,HRHub Solutions Pvt. Ltd.,Information Technology & Business Services,India,21,18-25,2005-07-26,Married,PhD,Computer Science,Kerala,Kochi,9504580470,Marketing,Marketing Executive,Non-Travel,Work From Office,0.0,0,0,0,0,2029-01-01,31000,3-6 LPA,16,0,2,2,4,2,1,6,0.0,No,Yes,Yes
HRA241831,Male,Karan Agarwal,karan.agarwal@hrhub.co.in,karan.agarwal,1,Y,80,HRHub Solutions Pvt. Ltd.,Information Technology & Business Services,India,49,46-55,1977-08-02,Married,High School,General Education,Gujarat,Surat,9164131848,Operations,Operations Executive,Travel_Rarely,Work From Office,3.5,2,0,1,1,2025-07-04,52500,6-10 LPA,6,2,4,3,2,3,1,3,3.5,No,No,Yes
HRA241832,Female,Nikita Kumar,nikita.kumar@hrhub.co.in,nikita.kumar,1,Y,80,HRHub Solutions Pvt. Ltd.,Information Technology & Business Services,India,42,36-45,1984-07-31,Married,PhD,Finance,West Bengal,Kolkata,9245454191,Finance,Financial Analyst,Travel_Frequently,Work From Office,6.4,1,1,0,1,2022-08-10,63200,6-10 LPA,12,1,3,2,3,3,1,0,1.0,No,Yes,No
HRA241833,Female,Deepika Mehta,deepika.mehta@hrhub.co.in,deepika.mehta,1,Y,80,HRHub Solutions Pvt. Ltd.,Information Technology & Business Services,India,38,36-45,1988-07-30,Married,Master,Business Administration,Delhi,New Delhi,9218773595,Operations,Operations Executive,Travel_Rarely,Hybrid,11.8,3,3,1,3,2017-03-18,110300,10+ LPA,6,0,4,3,1,4,4,3,2.0,Yes,Yes,No
HRA241834,Female,Sonali Chatterjee,sonali.chatterjee@hrhub.co.in,sonali.chatterjee,1,Y,80,HRHub Solutions Pvt. Ltd.,Information Technology & Business Services,India,39,36-45,1987-07-31,Single,PhD,Management,Delhi,New Delhi,9917788600,Marketing,Marketing Executive,Travel_Frequently,Work From Office,2.2,2,1,0,0,2026-10-21,50700,6-10 LPA,23,2,3,1,4,2,2,5,2.2,Yes,No,No
HRA241835,Male,Gaurav Das,gaurav.das@hrhub.co.in,gaurav.das,1,Y,80,HRHub Solutions Pvt. Ltd.,Information Technology & Business Services,India,24,18-25,2002-07-27,Single,High School,General Education,Karnataka,Mysuru,9483836128,Administration,Office Administrator,Travel_Rarely,Work From Office,1.9,0,0,0,0,2027-02-08,22650,0-3 LPA,18,1,4,4,3,4,3,1,1.9,No,No,No
HRA241836,Female,Aditi Kumar,aditi.kumar@hrhub.co.in,aditi.kumar,1,Y,80,HRHub Solutions Pvt. Ltd.,Information Technology & Business Services,India,34,26-35,1992-07-29,Single,High School,General Education,Maharashtra,Mumbai,9539433841,Sales,Business Development Executive,Travel_Rarely,Remote,12.3,3,3,0,3,2016-09-17,108050,10+ LPA,16,0,3,4,3,4,2,6,1.0,No,No,No
HRA241837,Female,Anusha Kapoor,anusha.kapoor@hrhub.co.in,anusha.kapoor,1,Y,80,HRHub Solutions Pvt. Ltd.,Information Technology & Business Services,India,46,46-55,1980-08-01,Married,High School,General Education,West Bengal,Durgapur,9665161660,Administration,Facility Coordinator,Travel_Frequently,Work From Office,17.4,7,6,0,3,2011-08-14,123250,10+ LPA,13,1,2,1,2,2,4,6,8.0,No,No,No
HRA241838,Male,Shubham Nair,shubham.nair@hrhub.co.in,shubham.nair,1,Y,80,HRHub Solutions Pvt. Ltd.,Information Technology & Business Services,India,49,46-55,1977-08-02,Single,Master,Business Administration,Maharashtra,Nagpur,9603209915,Sales,Sales Executive,Travel_Rarely,Work From Office,9.5,4,3,0,4,2019-07-06,81200,6-10 LPA,12,2,3,2,2,2,2,4,6.0,No,No,No
HRA241839,Female,Anusha Rao,anusha.rao@hrhub.co.in,anusha.rao,1,Y,80,HRHub Solutions Pvt. Ltd.,Information Technology & Business Services,India,30,26-35,1996-07-28,Married,PhD,Management,Telangana,Warangal,9950841843,Sales,Sales Manager,Travel_Frequently,Work From Office,2.7,2,0,0,0,2026-04-22,88750,10+ LPA,16,0,3,3,1,1,2,6,0.0,No,Yes,Yes
HRA241840,Female,Vidya Banerjee,vidya.banerjee@hrhub.co.in,vidya.banerjee,1,Y,80,HRHub Solutions Pvt. Ltd.,Information Technology & Business Services,India,56,55+,1970-08-04,Married,MBA,Human Resources,Telangana,Hyderabad,9589444553,Administration,Facility Coordinator,Travel_Rarely,Work From Office,24.0,19,17,1,16,2005-01-07,153150,10+ LPA,16,1,4,3,3,3,3,6,9.0,Yes,Yes,No
HRA241841,Female,Sneha Kumar,sneha.kumar@hrhub.co.in,sneha.kumar,1,Y,80,HRHub Solutions Pvt. Ltd.,Information Technology & Business Services,India,54,46-55,1972-08-03,Single,MBA,Operations,Maharashtra,Nagpur,9841114407,Human Resources,HR Executive,Travel_Rarely,Hybrid,11.8,2,1,0,2,2017-03-18,99900,10+ LPA,5,0,1,2,4,3,2,6,9.0,No,No,No
HRA241842,Male,Pranav Khan,pranav.khan@hrhub.co.in,pranav.khan,1,Y,80,HRHub Solutions Pvt. Ltd.,Information Technology & Business Services,India,32,26-35,1994-07-29,Single,Master,Finance,Delhi,New Delhi,9127519993,IT,System Administrator,Travel_Rarely,Work From Office,1.1,0,0,0,0,2027-11-27,46150,3-6 LPA,16,3,2,1,1,1,1,0,1.1,Yes,No,No
HRA241843,Female,Sonali Jain,sonali.jain@hrhub.co.in,sonali.jain,1,Y,80,HRHub Solutions Pvt. Ltd.,Information Technology & Business Services,India,19,18-25,2007-07-26,Married,Bachelor,Business Administration,Rajasthan,Jaipur,9776810324,IT,Software Engineer,Travel_Rarely,Hybrid,0.0,0,0,0,0,2029-01-01,32000,3-6 LPA,8,3,3,1,2,3,4,3,0.0,No,No,No
HRA241844,Male,Mohit Chatterjee,mohit.chatterjee@hrhub.co.in,mohit.chatterjee,1,Y,80,HRHub Solutions Pvt. Ltd.,Information Technology & Business Services,India,56,55+,1970-08-04,Married,Diploma,Computer,Karnataka,Hubballi,9335280987,IT,Software Engineer,Travel_Rarely,Work From Office,33.9,0,0,0,0,1995-02-16,188450,10+ LPA,24,3,2,3,2,2,1,1,9.0,No,No,Yes
HRA241845,Female,Anjali Kapoor,anjali.kapoor@hrhub.co.in,anjali.kapoor,1,Y,80,HRHub Solutions Pvt. Ltd.,Information Technology & Business Services,India,50,46-55,1976-08-02,Divorced,High School,General Education,Uttar Pradesh,Noida,9945276309,IT,System Administrator,Travel_Rarely,Remote,22.3,3,0,1,2,2006-09-20,156600,10+ LPA,8,3,3,4,2,2,3,5,1.0,No,No,No
HRA241846,Male,Shubham Bose,shubham.bose@hrhub.co.in,shubham.bose,1,Y,80,HRHub Solutions Pvt. Ltd.,Information Technology & Business Services,India,35,26-35,1991-07-30,Married,Bachelor,Computer Science,Delhi,New Delhi,9389773126,Human Resources,HR Executive,Travel_Rarely,Remote,4.6,0,0,0,0,2024-05-29,40450,3-6 LPA,9,2,3,3,1,1,4,1,4.6,No,No,No
HRA241847,Female,Deepika Agarwal,deepika.agarwal@hrhub.co.in,deepika.agarwal,1,Y,80,HRHub Solutions Pvt. Ltd.,Information Technology & Business Services,India,42,36-45,1984-07-31,Married,PhD,Management,Karnataka,Hubballi,9949738636,Finance,Finance Executive,Travel_Rarely,Work From Office,4.2,4,3,1,1,2024-10-21,49100,3-6 LPA,22,1,2,4,1,3,3,0,3.0,No,No,No
HRA241848,Female,Ananya Jain,ananya.jain@hrhub.co.in,ananya.jain,1,Y,80,HRHub Solutions Pvt. Ltd.,Information Technology & Business Services,India,34,26-35,1992-07-29,Married,Diploma,Electrical,Tamil Nadu,Coimbatore,9594933316,Marketing,Digital Marketing Specialist,Travel_Rarely,Hybrid,7.3,2,2,0,1,2021-09-16,62150,6-10 LPA,6,0,4,1,4,4,4,5,4.0,No,No,No
HRA241849,Female,Vidya Sharma,vidya.sharma@hrhub.co.in,vidya.sharma,1,Y,80,HRHub Solutions Pvt. Ltd.,Information Technology & Business Services,India,60,55+,1966-08-05,Married,MBA,Marketing,Gujarat,Vadodara,9519110689,Operations,Operations Executive,Travel_Rarely,Hybrid,37.7,15,1,7,7,1991-05-01,167900,10+ LPA,8,3,2,3,4,4,3,2,8.0,No,Yes,No
HRA241850,Female,Vaishnavi Verma,vaishnavi.verma@hrhub.co.in,vaishnavi.verma,1,Y,80,HRHub Solutions Pvt. Ltd.,Information Technology & Business Services,India,40,36-45,1986-07-31,Married,PhD,Management,Rajasthan,Udaipur,9923138704,Operations,Operations Executive,Travel_Rarely,Work From Office,17.3,17,15,0,14,2011-09-19,159750,10+ LPA,9,1,4,3,1,3,1,4,2.0,No,No,No
HRA241851,Male,Akash Shah,akash.shah@hrhub.co.in,akash.shah,1,Y,80,HRHub Solutions Pvt. Ltd.,Information Technology & Business Services,India,57,55+,1969-08-04,Single,High School,General Education,Gujarat,Ahmedabad,9157033900,Human Resources,HR Business Partner,Travel_Frequently,Work From Office,30.8,29,15,8,27,1998-03-23,165100,10+ LPA,20,2,3,3,1,2,1,6,3.0,No,No,No
HRA241852,Female,Pooja Mehta,pooja.mehta@hrhub.co.in,pooja.mehta,1,Y,80,HRHub Solutions Pvt. Ltd.,Information Technology & Business Services,India,31,26-35,1995-07-29,Married,Bachelor,Marketing,Kerala,Kozhikode,9432068947,Marketing,Marketing Executive,Travel_Rarely,Work From Office,0.1,0,0,0,0,2028-11-26,31000,3-6 LPA,25,2,3,1,2,1,2,0,0.0,No,Yes,No
HRA241853,Female,Vaishnavi Saha,vaishnavi.saha@hrhub.co.in,vaishnavi.saha,1,Y,80,HRHub Solutions Pvt. Ltd.,Information Technology & Business Services,India,52,46-55,1974-08-03,Married,Bachelor,Human Resources,Uttar Pradesh,Noida,9922200844,Administration,Administrative Executive,Travel_Rarely,Hybrid,8.4,7,4,3,6,2020-08-10,65500,6-10 LPA,10,0,3,3,3,4,2,5,8.0,No,Yes,No
HRA241854,Female,Riya Jain,riya.jain@hrhub.co.in,riya.jain,1,Y,80,HRHub Solutions Pvt. Ltd.,Information Technology & Business Services,India,46,46-55,1980-08-01,Single,Master,Marketing,Kerala,Kozhikode,9475088246,Finance,Accountant,Travel_Rarely,Work From Office,0.8,0,0,0,0,2028-03-15,29850,3-6 LPA,10,1,3,1,4,3,3,6,0.8,No,Yes,No
HRA241855,Male,Rahul Mehta,rahul.mehta@hrhub.co.in,rahul.mehta,1,Y,80,HRHub Solutions Pvt. Ltd.,Information Technology & Business Services,India,46,46-55,1980-08-01,Married,Master,Business Administration,Kerala,Thiruvananthapuram,9170709639,Sales,Sales Manager,Travel_Rarely,Work From Office,12.5,10,9,4,3,2016-07-06,157100,10+ LPA,7,1,3,1,3,1,2,3,4.0,No,Yes,No
HRA241856,Female,Divya Verma,divya.verma@hrhub.co.in,divya.verma,1,Y,80,HRHub Solutions Pvt. Ltd.,Information Technology & Business Services,India,32,26-35,1994-07-29,Married,MBA,Operations,Kerala,Thiruvananthapuram,9861592064,Finance,Accountant,Travel_Frequently,Hybrid,6.1,4,0,2,0,2022-11-28,71650,6-10 LPA,22,0,3,3,4,1,2,6,6.1,No,Yes,No
HRA241857,Female,Vaishnavi Ghosh,vaishnavi.ghosh@hrhub.co.in,vaishnavi.ghosh,1,Y,80,HRHub Solutions Pvt. Ltd.,Information Technology & Business Services,India,46,46-55,1980-08-01,Married,MBA,Finance,Rajasthan,Jodhpur,9347080429,Marketing,Digital Marketing Specialist,Non-Travel,Work From Office,20.9,8,3,2,2,2008-02-13,140850,10+ LPA,6,2,3,2,1,1,1,6,2.0,No,Yes,No
HRA241858,Male,Raj Saha,raj.saha@hrhub.co.in,raj.saha,1,Y,80,HRHub Solutions Pvt. Ltd.,Information Technology & Business Services,India,42,36-45,1984-07-31,Married,MBA,Marketing,Telangana,Warangal,9913364022,Administration,Facility Coordinator,Travel_Rarely,Work From Office,18.7,2,0,0,2,2010-04-26,130650,10+ LPA,18,1,3,1,2,4,4,6,5.0,No,Yes,Yes
HRA241859,Female,Ritika Joshi,ritika.joshi@hrhub.co.in,ritika.joshi,1,Y,80,HRHub Solutions Pvt. Ltd.,Information Technology & Business Services,India,50,46-55,1976-08-02,Single,High School,General Education,Rajasthan,Udaipur,9499176066,Finance,Financial Analyst,Travel_Frequently,Work From Office,0.7,0,0,0,0,2028-04-21,36800,3-6 LPA,24,1,2,4,1,1,1,4,0.7,No,Yes,No
HRA241860,Female,Divya Sen,divya.sen@hrhub.co.in,divya.sen,1,Y,80,HRHub Solutions Pvt. Ltd.,Information Technology & Business Services,India,32,26-35,1994-07-29,Single,Diploma,Mechanical,Telangana,Hyderabad,9084323120,Administration,Administrative Executive,Non-Travel,Work From Office,2.5,1,1,0,0,2026-07-04,44300,3-6 LPA,24,3,4,3,1,1,3,0,2.5,No,No,No
HRA241861,Female,Deepika Patel,deepika.patel@hrhub.co.in,deepika.patel,1,Y,80,HRHub Solutions Pvt. Ltd.,Information Technology & Business Services,India,28,26-35,1998-07-28,Single,High School,General Education,Tamil Nadu,Chennai,9835630145,Administration,Administrative Executive,Travel_Rarely,Work From Office,4.7,3,3,1,2,2024-04-22,46100,3-6 LPA,21,2,3,1,4,2,3,5,1.0,No,No,No
HRA241862,Male,Sandeep Bose,sandeep.bose@hrhub.co.in,sandeep.bose,1,Y,80,HRHub Solutions Pvt. Ltd.,Information Technology & Business Services,India,50,46-55,1976-08-02,Married,Bachelor,Business Administration,Rajasthan,Jodhpur,9242110702,Marketing,Content Strategist,Travel_Rarely,Work From Office,16.9,12,3,1,11,2012-02-12,149800,10+ LPA,15,2,3,3,1,2,3,1,1.0,No,No,No
HRA241863,Female,Kavya Khan,kavya.khan@hrhub.co.in,kavya.khan,1,Y,80,HRHub Solutions Pvt. Ltd.,Information Technology & Business Services,India,58,55+,1968-08-04,Married,High School,General Education,West Bengal,Howrah,9104122774,Administration,Administrative Executive,Non-Travel,Work From Office,6.1,0,0,0,0,2022-11-28,53900,6-10 LPA,8,1,3,3,2,1,1,0,6.1,No,No,No
HRA241864,Female,Vaishnavi Patel,vaishnavi.patel@hrhub.co.in,vaishnavi.patel,1,Y,80,HRHub Solutions Pvt. Ltd.,Information Technology & Business Services,India,38,36-45,1988-07-30,Single,Master,Business Administration,Delhi,New Delhi,9478971277,Operations,Operations Manager,Travel_Rarely,Work From Office,12.0,10,6,3,8,2017-01-04,154300,10+ LPA,19,3,3,4,1,4,3,3,2.0,No,No,No
HRA241865,Male,Vikas Nair,vikas.nair@hrhub.co.in,vikas.nair,1,Y,80,HRHub Solutions Pvt. Ltd.,Information Technology & Business Services,India,47,46-55,1979-08-02,Single,Bachelor,Human Resources,West Bengal,Durgapur,9099723658,IT,System Administrator,Travel_Rarely,Work From Office,18.7,3,1,1,0,2010-04-26,163100,10+ LPA,9,2,2,1,2,1,1,1,6.0,No,No,No
HRA241866,Male,Karan Shah,karan.shah@hrhub.co.in,karan.shah,1,Y,80,HRHub Solutions Pvt. Ltd.,Information Technology & Business Services,India,46,46-55,1980-08-01,Married,MBA,Marketing,Rajasthan,Udaipur,9027409408,IT,Data Analyst,Travel_Rarely,Work From Office,21.0,20,11,9,0,2008-01-07,170750,10+ LPA,22,1,3,4,4,1,4,2,6.0,No,No,No
HRA241867,Female,Ritika Banerjee,ritika.banerjee@hrhub.co.in,ritika.banerjee,1,Y,80,HRHub Solutions Pvt. Ltd.,Information Technology & Business Services,India,31,26-35,1995-07-29,Married,Master,Business Administration,Tamil Nadu,Chennai,9745539345,Marketing,Content Strategist,Non-Travel,Work From Office,2.2,1,1,0,1,2026-10-21,50850,6-10 LPA,21,0,2,4,3,4,4,2,2.2,No,No,No
HRA241868,Female,Deepika Sharma,deepika.sharma@hrhub.co.in,deepika.sharma,1,Y,80,HRHub Solutions Pvt. Ltd.,Information Technology & Business Services,India,35,26-35,1991-07-30,Married,Bachelor,Business Administration,Kerala,Kochi,9882796310,Administration,Office Administrator,Travel_Rarely,Work From Office,5.1,2,0,1,2,2023-11-28,61500,6-10 LPA,16,1,3,3,4,3,4,4,3.0,No,No,No
HRA241869,Male,Amit Bose,amit.bose@hrhub.co.in,amit.bose,1,Y,80,HRHub Solutions Pvt. Ltd.,Information Technology & Business Services,India,44,36-45,1982-08-01,Married,Diploma,Civil,Rajasthan,Jodhpur,9166598184,IT,Software Engineer,Travel_Rarely,Remote,1.1,1,1,0,1,2027-11-27,31550,3-6 LPA,13,1,4,3,4,4,1,4,1.1,No,No,No
HRA241870,Female,Anjali Mehta,anjali.mehta@hrhub.co.in,anjali.mehta,1,Y,80,HRHub Solutions Pvt. Ltd.,Information Technology & Business Services,India,27,26-35,1999-07-28,Married,PhD,Management,West Bengal,Kolkata,9679911661,Marketing,Content Strategist,Travel_Rarely,Work From Office,5.8,0,0,0,0,2023-03-17,56700,6-10 LPA,25,2,4,2,2,4,1,4,5.8,Yes,No,No
HRA241871,Female,Aditi Reddy,aditi.reddy@hrhub.co.in,aditi.reddy,1,Y,80,HRHub Solutions Pvt. Ltd.,Information Technology & Business Services,India,19,18-25,2007-07-26,Single,PhD,Computer Science,Rajasthan,Jaipur,9636005249,Finance,Finance Executive,Travel_Rarely,Remote,0.0,0,0,0,0,2029-01-01,37700,3-6 LPA,18,1,3,1,1,1,2,1,0.0,No,No,No
HRA241872,Female,Megha Nair,megha.nair@hrhub.co.in,megha.nair,1,Y,80,HRHub Solutions Pvt. Ltd.,Information Technology & Business Services,India,58,55+,1968-08-04,Divorced,Diploma,Computer,Kerala,Kochi,9707145822,Finance,Accountant,Travel_Rarely,Work From Office,34.9,1,1,0,0,1994-02-16,190200,10+ LPA,20,0,4,1,1,3,3,2,9.0,Yes,No,No
HRA241873,Female,Ananya Shah,ananya.shah@hrhub.co.in,ananya.shah,1,Y,80,HRHub Solutions Pvt. Ltd.,Information Technology & Business Services,India,31,26-35,1995-07-29,Married,High School,General Education,Maharashtra,Nagpur,9295946064,Administration,Facility Coordinator,Non-Travel,Hybrid,8.8,7,5,2,2,2020-03-17,52100,6-10 LPA,16,2,2,2,4,4,1,1,6.0,No,No,No
HRA241874,Female,Sonali Khan,sonali.khan@hrhub.co.in,sonali.khan,1,Y,80,HRHub Solutions Pvt. Ltd.,Information Technology & Business Services,India,22,18-25,2004-07-26,Single,Bachelor,Computer Science,Delhi,New Delhi,9633688393,Marketing,Content Strategist,Travel_Rarely,Work From Office,0.0,0,0,0,0,2029-01-01,30100,3-6 LPA,25,3,3,1,2,4,4,0,0.0,No,No,Yes
HRA241875,Female,Divya Rao,divya.rao@hrhub.co.in,divya.rao,1,Y,80,HRHub Solutions Pvt. Ltd.,Information Technology & Business Services,India,54,46-55,1972-08-03,Married,High School,General Education,Uttar Pradesh,Noida,9612750503,Sales,Sales Manager,Non-Travel,Hybrid,20.1,12,1,1,3,2008-12-01,165100,10+ LPA,20,3,3,1,2,1,4,5,7.0,Yes,Yes,Yes
HRA241876,Male,Rahul Mishra,rahul.mishra@hrhub.co.in,rahul.mishra,1,Y,80,HRHub Solutions Pvt. Ltd.,Information Technology & Business Services,India,35,26-35,1991-07-30,Single,High School,General Education,Tamil Nadu,Chennai,9673904131,Finance,Accountant,Travel_Frequently,Work From Office,6.6,5,3,2,4,2022-05-29,89700,10+ LPA,18,3,2,4,1,2,3,3,6.6,No,Yes,No
HRA241877,Female,Nikita Das,nikita.das@hrhub.co.in,nikita.das,1,Y,80,HRHub Solutions Pvt. Ltd.,Information Technology & Business Services,India,28,26-35,1998-07-28,Married,Bachelor,Human Resources,Karnataka,Mysuru,9129275657,Administration,Office Administrator,Travel_Frequently,Work From Office,2.5,1,0,0,0,2026-07-04,38450,3-6 LPA,25,2,3,4,4,4,3,5,2.5,No,Yes,No
HRA241878,Female,Sonali Bose,sonali.bose@hrhub.co.in,sonali.bose,1,Y,80,HRHub Solutions Pvt. Ltd.,Information Technology & Business Services,India,30,26-35,1996-07-28,Married,Master,Marketing,Rajasthan,Udaipur,9714279730,IT,Software Engineer,Travel_Rarely,Work From Office,3.8,3,1,1,2,2025-03-16,51750,6-10 LPA,17,0,4,1,3,1,2,4,1.0,Yes,No,No
HRA241879,Male,Mohit Jain,mohit.jain@hrhub.co.in,mohit.jain,1,Y,80,HRHub Solutions Pvt. Ltd.,Information Technology & Business Services,India,37,36-45,1989-07-30,Single,Bachelor,Commerce,Gujarat,Ahmedabad,9234229642,Marketing,Content Strategist,Travel_Rarely,Work From Office,1.1,1,0,0,0,2027-11-27,30500,3-6 LPA,7,2,1,2,2,3,3,1,1.1,No,No,Yes
HRA241880,Male,Vikas Agarwal,vikas.agarwal@hrhub.co.in,vikas.agarwal,1,Y,80,HRHub Solutions Pvt. Ltd.,Information Technology & Business Services,India,36,36-45,1990-07-30,Divorced,Diploma,Mechanical,Uttar Pradesh,Kanpur,9103142106,Human Resources,HR Executive,Travel_Frequently,Work From Office,8.9,5,4,1,4,2020-02-10,67700,6-10 LPA,6,1,3,3,3,3,4,5,0.0,No,No,No
HRA241881,Male,Vikas Kumar,vikas.kumar@hrhub.co.in,vikas.kumar,1,Y,80,HRHub Solutions Pvt. Ltd.,Information Technology & Business Services,India,22,18-25,2004-07-26,Married,Bachelor,Computer Science,Maharashtra,Pune,9561664873,Operations,Operations Manager,Travel_Frequently,Work From Office,0.8,0,0,0,0,2028-03-15,73250,6-10 LPA,5,0,3,2,4,4,1,5,0.8,No,No,No
HRA241882,Female,Ishita Ghosh,ishita.ghosh@hrhub.co.in,ishita.ghosh,1,Y,80,HRHub Solutions Pvt. Ltd.,Information Technology & Business Services,India,21,18-25,2005-07-26,Married,Master,Computer Science,Gujarat,Ahmedabad,9416269222,Operations,Operations Manager,Non-Travel,Work From Office,0.0,0,0,0,0,2029-01-01,79400,6-10 LPA,25,3,3,4,2,1,2,0,0.0,No,Yes,No
HRA241883,Female,Ishita Mukherjee,ishita.mukherjee@hrhub.co.in,ishita.mukherjee,1,Y,80,HRHub Solutions Pvt. Ltd.,Information Technology & Business Services,India,38,36-45,1988-07-30,Divorced,Master,Business Administration,Tamil Nadu,Coimbatore,9962512180,Finance,Financial Analyst,Travel_Rarely,Hybrid,1.3,0,0,0,0,2027-09-15,36750,3-6 LPA,8,2,3,2,1,1,3,3,1.3,No,No,Yes
HRA241884,Female,Sneha Agarwal,sneha.agarwal@hrhub.co.in,sneha.agarwal,1,Y,80,HRHub Solutions Pvt. Ltd.,Information Technology & Business Services,India,27,26-35,1999-07-28,Single,Bachelor,Marketing,Kerala,Thiruvananthapuram,9177565702,Finance,Accountant,Travel_Rarely,Work From Office,4.0,4,4,2,1,2025-01-02,46250,3-6 LPA,10,1,3,3,2,1,1,0,4.0,No,No,No
HRA241885,Female,Megha Rao,megha.rao@hrhub.co.in,megha.rao,1,Y,80,HRHub Solutions Pvt. Ltd.,Information Technology & Business Services,India,19,18-25,2007-07-26,Married,MBA,Operations,Delhi,New Delhi,9882441672,Marketing,Content Strategist,Non-Travel,Hybrid,0.0,0,0,0,0,2029-01-01,30550,3-6 LPA,10,1,3,3,2,2,4,3,0.0,No,No,No
HRA241886,Male,Manish Khan,manish.khan@hrhub.co.in,manish.khan,1,Y,80,HRHub Solutions Pvt. Ltd.,Information Technology & Business Services,India,28,26-35,1998-07-28,Single,PhD,Management,Karnataka,Hubballi,9797576011,Operations,Operations Executive,Non-Travel,Remote,2.6,2,0,1,1,2026-05-28,49300,3-6 LPA,14,0,4,2,1,4,1,2,2.6,No,No,No
HRA241887,Male,Sahil Chatterjee,sahil.chatterjee@hrhub.co.in,sahil.chatterjee,1,Y,80,HRHub Solutions Pvt. Ltd.,Information Technology & Business Services,India,29,26-35,1997-07-28,Single,MBA,Human Resources,West Bengal,Howrah,9963176167,Human Resources,HR Executive,Travel_Frequently,Work From Office,1.9,1,1,0,1,2027-02-08,35000,3-6 LPA,9,3,2,4,3,3,1,0,1.9,No,No,Yes
HRA241888,Female,Kavya Mehta,kavya.mehta@hrhub.co.in,kavya.mehta,1,Y,80,HRHub Solutions Pvt. Ltd.,Information Technology & Business Services,India,46,46-55,1980-08-01,Married,Bachelor,Human Resources,Kerala,Thiruvananthapuram,9147781469,Operations,Operations Executive,Travel_Rarely,Work From Office,23.2,11,2,0,7,2005-10-26,161850,10+ LPA,25,1,4,2,2,1,4,5,7.0,No,No,No
HRA241889,Male,Akash Sen,akash.sen@hrhub.co.in,akash.sen,1,Y,80,HRHub Solutions Pvt. Ltd.,Information Technology & Business Services,India,26,26-35,2000-07-27,Single,PhD,Computer Science,West Bengal,Howrah,9580174863,Marketing,Digital Marketing Specialist,Travel_Rarely,Hybrid,3.0,0,0,0,0,2026-01-02,47700,3-6 LPA,8,3,3,3,2,2,2,4,1.0,No,Yes,No
HRA241890,Female,Harini Banerjee,harini.banerjee@hrhub.co.in,harini.banerjee,1,Y,80,HRHub Solutions Pvt. Ltd.,Information Technology & Business Services,India,57,55+,1969-08-04,Married,PhD,Management,Kerala,Thiruvananthapuram,9906380617,Finance,Accountant,Non-Travel,Work From Office,4.2,4,4,2,1,2024-10-21,45800,3-6 LPA,14,1,3,2,1,2,2,5,4.2,No,No,No
HRA241891,Male,Aarav Joshi,aarav.joshi@hrhub.co.in,aarav.joshi,1,Y,80,HRHub Solutions Pvt. Ltd.,Information Technology & Business Services,India,34,26-35,1992-07-29,Married,High School,General Education,Tamil Nadu,Coimbatore,9744868968,Finance,Finance Executive,Non-Travel,Work From Office,10.2,6,5,3,0,2018-10-24,104400,10+ LPA,13,0,3,3,3,3,2,6,3.0,No,Yes,No
HRA241892,Male,Rohan Reddy,rohan.reddy@hrhub.co.in,rohan.reddy,1,Y,80,HRHub Solutions Pvt. Ltd.,Information Technology & Business Services,India,30,26-35,1996-07-28,Single,Master,Computer Science,Maharashtra,Mumbai,9690426050,Human Resources,HR Business Partner,Travel_Rarely,Work From Office,3.7,2,1,1,2,2025-04-22,41500,3-6 LPA,13,3,4,2,3,4,1,3,3.7,No,Yes,Yes
HRA241893,Female,Khushi Kumar,khushi.kumar@hrhub.co.in,khushi.kumar,1,Y,80,HRHub Solutions Pvt. Ltd.,Information Technology & Business Services,India,27,26-35,1999-07-28,Married,PhD,Finance,Karnataka,Mysuru,9790815893,Sales,Business Development Executive,Travel_Rarely,Work From Office,3.6,1,1,0,1,2025-05-28,43000,3-6 LPA,13,1,2,2,2,3,2,3,3.6,Yes,No,Yes
HRA241894,Male,Ayush Banerjee,ayush.banerjee@hrhub.co.in,ayush.banerjee,1,Y,80,HRHub Solutions Pvt. Ltd.,Information Technology & Business Services,India,19,18-25,2007-07-26,Single,PhD,Management,Delhi,New Delhi,9238509929,Sales,Sales Executive,Travel_Rarely,Hybrid,0.0,0,0,0,0,2029-01-01,25950,3-6 LPA,10,0,3,4,2,3,2,6,0.0,No,Yes,No
HRA241895,Male,Deepak Das,deepak.das@hrhub.co.in,deepak.das,1,Y,80,HRHub Solutions Pvt. Ltd.,Information Technology & Business Services,India,54,46-55,1972-08-03,Single,Master,Computer Science,Uttar Pradesh,Kanpur,9677595770,Human Resources,Talent Acquisition Specialist,Travel_Frequently,Remote,3.1,3,1,0,1,2025-11-27,48600,3-6 LPA,24,0,2,4,4,2,4,5,3.1,Yes,No,No
HRA241896,Male,Amit Banerjee,amit.banerjee@hrhub.co.in,amit.banerjee,1,Y,80,HRHub Solutions Pvt. Ltd.,Information Technology & Business Services,India,58,55+,1968-08-04,Married,High School,General Education,Tamil Nadu,Coimbatore,9444523764,IT,Data Analyst,Travel_Rarely,Work From Office,4.4,2,0,1,1,2024-08-09,56650,6-10 LPA,12,2,4,3,3,1,2,6,3.0,Yes,Yes,No
HRA241897,Male,Varun Sen,varun.sen@hrhub.co.in,varun.sen,1,Y,80,HRHub Solutions Pvt. Ltd.,Information Technology & Business Services,India,49,46-55,1977-08-02,Married,MBA,Marketing,Maharashtra,Nagpur,9071424476,Administration,Administrative Executive,Non-Travel,Work From Office,7.2,6,2,1,2,2021-10-22,70700,6-10 LPA,13,3,2,4,1,2,1,2,7.2,No,Yes,No
HRA241898,Male,Gaurav Nair,gaurav.nair@hrhub.co.in,gaurav.nair,1,Y,80,HRHub Solutions Pvt. Ltd.,Information Technology & Business Services,India,18,18-25,2008-07-25,Married,Master,Human Resources,Rajasthan,Jaipur,9491887474,Sales,Sales Manager,Travel_Rarely,Work From Office,0.0,0,0,0,0,2029-01-01,78850,6-10 LPA,23,2,2,3,4,1,2,2,0.0,No,Yes,No
HRA241899,Female,Shreya Patel,shreya.patel@hrhub.co.in,shreya.patel,1,Y,80,HRHub Solutions Pvt. Ltd.,Information Technology & Business Services,India,52,46-55,1974-08-03,Divorced,Diploma,Computer,West Bengal,Howrah,9806566768,Human Resources,Talent Acquisition Specialist,Travel_Rarely,Work From Office,0.5,0,0,0,0,2028-07-03,31700,3-6 LPA,21,1,3,3,1,2,2,2,0.5,No,No,Yes
HRA241900,Male,Sandeep Agarwal,sandeep.agarwal@hrhub.co.in,sandeep.agarwal,1,Y,80,HRHub Solutions Pvt. Ltd.,Information Technology & Business Services,India,41,36-45,1985-07-31,Single,Bachelor,Information Technology,Karnataka,Bengaluru,9701412780,Operations,Supply Chain Coordinator,Non-Travel,Work From Office,2.0,2,0,1,0,2027-01-02,36100,3-6 LPA,10,3,3,4,2,3,3,1,2.0,No,No,Yes
HRA241901,Male,Vikas Reddy,vikas.reddy@hrhub.co.in,vikas.reddy,1,Y,80,HRHub Solutions Pvt. Ltd.,Information Technology & Business Services,India,36,36-45,1990-07-30,Married,High School,General Education,West Bengal,Durgapur,9764072051,Human Resources,Talent Acquisition Specialist,Travel_Rarely,Work From Office,1.0,1,1,0,1,2028-01-02,25400,3-6 LPA,22,0,2,1,1,1,1,6,1.0,No,No,No
HRA241902,Male,Deepak Mishra,deepak.mishra@hrhub.co.in,deepak.mishra,1,Y,80,HRHub Solutions Pvt. Ltd.,Information Technology & Business Services,India,31,26-35,1995-07-29,Married,Master,Computer Science,Delhi,New Delhi,9162235936,Sales,Sales Manager,Travel_Rarely,Work From Office,9.2,8,7,2,0,2019-10-24,108900,10+ LPA,9,0,3,3,2,3,3,2,6.0,No,No,No
HRA241903,Male,Vikas Nair,vikas.nair@hrhub.co.in,vikas.nair,1,Y,80,HRHub Solutions Pvt. Ltd.,Information Technology & Business Services,India,28,26-35,1998-07-28,Married,PhD,Finance,Maharashtra,Mumbai,9724198756,Finance,Accountant,Non-Travel,Work From Office,3.3,1,1,0,0,2025-09-15,47150,3-6 LPA,17,3,3,4,1,1,1,2,3.3,No,Yes,No
HRA241904,Female,Shreya Ghosh,shreya.ghosh@hrhub.co.in,shreya.ghosh,1,Y,80,HRHub Solutions Pvt. Ltd.,Information Technology & Business Services,India,35,26-35,1991-07-30,Married,High School,General Education,Gujarat,Vadodara,9818638254,Finance,Financial Analyst,Non-Travel,Remote,6.7,0,0,0,0,2022-04-23,68750,6-10 LPA,17,1,2,3,2,1,2,1,6.7,Yes,No,No
HRA241905,Female,Sonali Sen,sonali.sen@hrhub.co.in,sonali.sen,1,Y,80,HRHub Solutions Pvt. Ltd.,Information Technology & Business Services,India,28,26-35,1998-07-28,Married,Diploma,Electrical,Uttar Pradesh,Kanpur,9295343220,Human Resources,HR Business Partner,Non-Travel,Work From Office,1.9,1,1,0,0,2027-02-08,29100,3-6 LPA,8,3,3,4,4,2,4,1,1.9,No,No,No
HRA241906,Female,Aditi Bose,aditi.bose@hrhub.co.in,aditi.bose,1,Y,80,HRHub Solutions Pvt. Ltd.,Information Technology & Business Services,India,49,46-55,1977-08-02,Married,PhD,Finance,Gujarat,Surat,9221714674,Operations,Operations Executive,Travel_Rarely,Work From Office,0.8,0,0,0,0,2028-03-15,23400,0-3 LPA,25,2,4,1,4,3,4,2,0.8,Yes,Yes,No
HRA241907,Female,Sonali Sen,sonali.sen@hrhub.co.in,sonali.sen,1,Y,80,HRHub Solutions Pvt. Ltd.,Information Technology & Business Services,India,19,18-25,2007-07-26,Married,Master,Business Administration,Kerala,Kochi,9617327145,Marketing,Content Strategist,Travel_Rarely,Hybrid,0.0,0,0,0,0,2029-01-01,24400,0-3 LPA,15,2,3,1,4,1,4,6,0.0,No,No,No
HRA241908,Male,Deepak Shah,deepak.shah@hrhub.co.in,deepak.shah,1,Y,80,HRHub Solutions Pvt. Ltd.,Information Technology & Business Services,India,48,46-55,1978-08-02,Married,High School,General Education,Tamil Nadu,Madurai,9970704548,Sales,Sales Executive,Travel_Rarely,Work From Office,18.0,18,15,5,18,2011-01-06,174150,10+ LPA,11,2,2,3,4,1,2,6,10.0,No,No,No
HRA241909,Female,Tanvi Roy,tanvi.roy@hrhub.co.in,tanvi.roy,1,Y,80,HRHub Solutions Pvt. Ltd.,Information Technology & Business Services,India,29,26-35,1997-07-28,Single,PhD,Management,Telangana,Hyderabad,9287811625,Operations,Supply Chain Coordinator,Non-Travel,Work From Office,5.2,4,0,0,2,2023-10-22,58000,6-10 LPA,12,1,4,2,2,2,3,4,1.0,No,No,No
HRA241910,Male,Aditya Mukherjee,aditya.mukherjee@hrhub.co.in,aditya.mukherjee,1,Y,80,HRHub Solutions Pvt. Ltd.,Information Technology & Business Services,India,36,36-45,1990-07-30,Single,Bachelor,Information Technology,Kerala,Kozhikode,9206110486,Human Resources,HR Business Partner,Travel_Rarely,Work From Office,10.3,7,7,3,5,2018-09-17,102400,10+ LPA,19,0,3,1,2,3,3,5,0.0,No,No,No
HRA241911,Male,Harsh Joshi,harsh.joshi@hrhub.co.in,harsh.joshi,1,Y,80,HRHub Solutions Pvt. Ltd.,Information Technology & Business Services,India,55,46-55,1971-08-04,Married,Diploma,Computer,Gujarat,Vadodara,9556707091,Operations,Supply Chain Coordinator,Travel_Rarely,Work From Office,31.6,17,13,0,9,1997-06-04,175750,10+ LPA,17,3,3,1,3,2,1,0,3.0,No,No,No
HRA241912,Male,Pranav Sen,pranav.sen@hrhub.co.in,pranav.sen,1,Y,80,HRHub Solutions Pvt. Ltd.,Information Technology & Business Services,India,39,36-45,1987-07-31,Single,PhD,Finance,Karnataka,Bengaluru,9832410246,Human Resources,HR Executive,Travel_Rarely,Work From Office,11.0,10,10,4,0,2018-01-04,101200,10+ LPA,7,0,3,3,1,1,1,1,4.0,No,No,No
HRA241913,Male,Ayush Mehta,ayush.mehta@hrhub.co.in,ayush.mehta,1,Y,80,HRHub Solutions Pvt. Ltd.,Information Technology & Business Services,India,23,18-25,2003-07-27,Married,Diploma,Computer,Rajasthan,Jodhpur,9772078324,Marketing,Marketing Executive,Travel_Rarely,Hybrid,0.2,0,0,0,0,2028-10-20,29000,3-6 LPA,19,0,3,2,4,2,2,1,0.2,No,No,No
HRA241914,Male,Pranav Mukherjee,pranav.mukherjee@hrhub.co.in,pranav.mukherjee,1,Y,80,HRHub Solutions Pvt. Ltd.,Information Technology & Business Services,India,33,26-35,1993-07-29,Single,High School,General Education,Telangana,Hyderabad,9792860477,Finance,Accountant,Travel_Rarely,Hybrid,2.2,2,2,0,0,2026-10-21,48750,3-6 LPA,24,3,4,1,3,1,4,0,2.2,No,No,No
HRA241915,Male,Sandeep Singh,sandeep.singh@hrhub.co.in,sandeep.singh,1,Y,80,HRHub Solutions Pvt. Ltd.,Information Technology & Business Services,India,23,18-25,2003-07-27,Married,Bachelor,Human Resources,Rajasthan,Jodhpur,9345245467,Operations,Operations Manager,Travel_Rarely,Work From Office,0.0,0,0,0,0,2029-01-01,79000,6-10 LPA,5,1,1,4,4,1,1,6,0.0,No,No,No
HRA241916,Male,Ankit Mehta,ankit.mehta@hrhub.co.in,ankit.mehta,1,Y,80,HRHub Solutions Pvt. Ltd.,Information Technology & Business Services,India,53,46-55,1973-08-03,Married,Bachelor,Information Technology,Kerala,Kozhikode,9532270865,Marketing,Marketing Executive,Travel_Rarely,Hybrid,22.9,13,7,3,13,2006-02-13,164400,10+ LPA,8,2,3,1,4,3,1,6,9.0,Yes,No,No
HRA241917,Female,Riya Patel,riya.patel@hrhub.co.in,riya.patel,1,Y,80,HRHub Solutions Pvt. Ltd.,Information Technology & Business Services,India,23,18-25,2003-07-27,Married,Bachelor,Finance,Gujarat,Vadodara,9973750700,IT,Data Analyst,Travel_Rarely,Work From Office,1.0,0,0,0,0,2028-01-02,35400,3-6 LPA,22,3,3,2,1,2,3,4,1.0,No,Yes,No
HRA241918,Female,Vidya Ghosh,vidya.ghosh@hrhub.co.in,vidya.ghosh,1,Y,80,HRHub Solutions Pvt. Ltd.,Information Technology & Business Services,India,20,18-25,2006-07-26,Married,MBA,Finance,Tamil Nadu,Coimbatore,9984312647,Sales,Sales Executive,Travel_Rarely,Hybrid,0.0,0,0,0,0,2029-01-01,38750,3-6 LPA,7,0,3,1,1,4,4,2,0.0,No,No,Yes
HRA241919,Female,Tanvi Khan,tanvi.khan@hrhub.co.in,tanvi.khan,1,Y,80,HRHub Solutions Pvt. Ltd.,Information Technology & Business Services,India,24,18-25,2002-07-27,Divorced,Master,Marketing,Rajasthan,Jaipur,9426903591,Administration,Office Administrator,Travel_Rarely,Work From Office,2.9,1,0,0,0,2026-02-08,48750,3-6 LPA,21,1,3,2,4,3,4,6,1.0,No,No,Yes
HRA241920,Male,Gaurav Singh,gaurav.singh@hrhub.co.in,gaurav.singh,1,Y,80,HRHub Solutions Pvt. Ltd.,Information Technology & Business Services,India,36,36-45,1990-07-30,Married,Bachelor,Marketing,Rajasthan,Jodhpur,9746961059,Marketing,Marketing Executive,Travel_Rarely,Hybrid,6.2,3,1,1,0,2022-10-22,67400,6-10 LPA,21,3,3,2,1,3,3,4,3.0,No,No,No
HRA241921,Male,Nikhil Singh,nikhil.singh@hrhub.co.in,nikhil.singh,1,Y,80,HRHub Solutions Pvt. Ltd.,Information Technology & Business Services,India,37,36-45,1989-07-30,Married,Master,Human Resources,Maharashtra,Pune,9904408336,Marketing,Marketing Executive,Travel_Rarely,Hybrid,2.2,0,0,0,0,2026-10-21,41750,3-6 LPA,9,1,1,3,4,3,2,6,2.2,No,No,No
HRA241922,Female,Riya Mukherjee,riya.mukherjee@hrhub.co.in,riya.mukherjee,1,Y,80,HRHub Solutions Pvt. Ltd.,Information Technology & Business Services,India,22,18-25,2004-07-26,Married,Master,Computer Science,Tamil Nadu,Madurai,9057358844,Human Resources,HR Business Partner,Travel_Rarely,Work From Office,0.4,0,0,0,0,2028-08-08,27350,3-6 LPA,23,0,3,2,1,2,1,6,0.4,No,Yes,No
HRA241923,Male,Aarav Sen,aarav.sen@hrhub.co.in,aarav.sen,1,Y,80,HRHub Solutions Pvt. Ltd.,Information Technology & Business Services,India,32,26-35,1994-07-29,Married,High School,General Education,Delhi,New Delhi,9542864449,Sales,Sales Manager,Non-Travel,Hybrid,7.3,6,5,0,2,2021-09-16,109050,10+ LPA,15,3,3,2,3,4,1,4,7.0,No,No,No
HRA241924,Female,Sonali Kapoor,sonali.kapoor@hrhub.co.in,sonali.kapoor,1,Y,80,HRHub Solutions Pvt. Ltd.,Information Technology & Business Services,India,29,26-35,1997-07-28,Married,Bachelor,Computer Science,Kerala,Kochi,9030195228,Human Resources,HR Executive,Travel_Frequently,Work From Office,2.4,0,0,0,0,2026-08-09,46350,3-6 LPA,17,3,4,4,1,1,3,2,0.0,No,No,No
HRA241925,Female,Riya Ghosh,riya.ghosh@hrhub.co.in,riya.ghosh,1,Y,80,HRHub Solutions Pvt. Ltd.,Information Technology & Business Services,India,21,18-25,2005-07-26,Married,MBA,Human Resources,Delhi,New Delhi,9892228987,Marketing,Marketing Executive,Travel_Frequently,Hybrid,0.0,0,0,0,0,2029-01-01,31550,3-6 LPA,25,0,3,3,2,3,1,3,0.0,No,No,No
HRA241926,Female,Sneha Banerjee,sneha.banerjee@hrhub.co.in,sneha.banerjee,1,Y,80,HRHub Solutions Pvt. Ltd.,Information Technology & Business Services,India,21,18-25,2005-07-26,Married,Diploma,Civil,Kerala,Thiruvananthapuram,9047034052,Operations,Supply Chain Coordinator,Travel_Frequently,Work From Office,0.0,0,0,0,0,2029-01-01,24900,0-3 LPA,10,0,4,1,4,2,4,3,0.0,No,Yes,No
HRA241927,Male,Deepak Banerjee,deepak.banerjee@hrhub.co.in,deepak.banerjee,1,Y,80,HRHub Solutions Pvt. Ltd.,Information Technology & Business Services,India,47,46-55,1979-08-02,Single,Master,Business Administration,Gujarat,Ahmedabad,9156056987,Finance,Financial Analyst,Travel_Frequently,Work From Office,25.6,18,1,1,9,2003-06-03,163150,10+ LPA,25,3,4,3,3,1,1,4,9.0,No,No,No
HRA241928,Female,Ishita Shah,ishita.shah@hrhub.co.in,ishita.shah,1,Y,80,HRHub Solutions Pvt. Ltd.,Information Technology & Business Services,India,33,26-35,1993-07-29,Married,Master,Business Administration,Delhi,New Delhi,9235699107,Administration,Office Administrator,Travel_Rarely,Work From Office,3.0,3,1,0,0,2026-01-02,36500,3-6 LPA,9,0,2,3,2,4,4,1,3.0,Yes,No,No
HRA241929,Female,Ritika Sinha,ritika.sinha@hrhub.co.in,ritika.sinha,1,Y,80,HRHub Solutions Pvt. Ltd.,Information Technology & Business Services,India,26,26-35,2000-07-27,Married,MBA,Operations,Delhi,New Delhi,9865823630,Sales,Sales Manager,Travel_Rarely,Work From Office,4.3,4,4,0,4,2024-09-15,93750,10+ LPA,8,1,3,3,4,2,2,0,1.0,No,No,No
HRA241930,Female,Ananya Das,ananya.das@hrhub.co.in,ananya.das,1,Y,80,HRHub Solutions Pvt. Ltd.,Information Technology & Business Services,India,26,26-35,2000-07-27,Married,Master,Business Administration,Telangana,Hyderabad,9791646948,IT,Software Engineer,Travel_Rarely,Work From Office,4.0,1,1,0,1,2025-01-02,57750,6-10 LPA,11,2,4,4,3,2,4,1,1.0,No,Yes,No
HRA241931,Male,Vikas Joshi,vikas.joshi@hrhub.co.in,vikas.joshi,1,Y,80,HRHub Solutions Pvt. Ltd.,Information Technology & Business Services,India,55,46-55,1971-08-04,Single,PhD,Computer Science,Telangana,Hyderabad,9266818239,Finance,Financial Analyst,Travel_Rarely,Work From Office,26.3,5,5,2,5,2002-09-21,186400,10+ LPA,24,1,1,4,4,2,3,3,3.0,No,No,No
HRA241932,Male,Karan Jain,karan.jain@hrhub.co.in,karan.jain,1,Y,80,HRHub Solutions Pvt. Ltd.,Information Technology & Business Services,India,54,46-55,1972-08-03,Married,PhD,Finance,Telangana,Warangal,9551061163,Marketing,Content Strategist,Non-Travel,Hybrid,8.9,4,0,0,0,2020-02-10,82450,6-10 LPA,14,1,3,2,4,1,2,5,8.0,No,No,Yes
HRA241933,Female,Harini Ghosh,harini.ghosh@hrhub.co.in,harini.ghosh,1,Y,80,HRHub Solutions Pvt. Ltd.,Information Technology & Business Services,India,60,55+,1966-08-05,Married,PhD,Computer Science,Telangana,Hyderabad,9205690764,IT,Network Engineer,Non-Travel,Hybrid,17.6,5,2,1,2,2011-06-01,164250,10+ LPA,17,3,2,3,2,1,1,1,2.0,Yes,Yes,No
HRA241934,Female,Megha Sen,megha.sen@hrhub.co.in,megha.sen,1,Y,80,HRHub Solutions Pvt. Ltd.,Information Technology & Business Services,India,33,26-35,1993-07-29,Married,Bachelor,Computer Science,West Bengal,Durgapur,9190324413,Finance,Accountant,Travel_Frequently,Work From Office,9.0,5,3,1,4,2020-01-04,63700,6-10 LPA,20,1,3,4,2,2,3,1,4.0,No,No,No
HRA241935,Male,Akash Bose,akash.bose@hrhub.co.in,akash.bose,1,Y,80,HRHub Solutions Pvt. Ltd.,Information Technology & Business Services,India,24,18-25,2002-07-27,Single,Diploma,Mechanical,Rajasthan,Jaipur,9542695001,Sales,Business Development Executive,Travel_Frequently,Work From Office,2.6,2,1,0,1,2026-05-28,49450,3-6 LPA,7,3,4,1,3,2,4,5,2.6,No,No,Yes
HRA241936,Male,Varun Kapoor,varun.kapoor@hrhub.co.in,varun.kapoor,1,Y,80,HRHub Solutions Pvt. Ltd.,Information Technology & Business Services,India,21,18-25,2005-07-26,Single,PhD,Computer Science,Gujarat,Surat,9326350926,Finance,Financial Analyst,Travel_Rarely,Hybrid,0.0,0,0,0,0,2029-01-01,27100,3-6 LPA,12,1,3,3,2,2,2,3,0.0,No,No,No
HRA241937,Female,Aditi Kapoor,aditi.kapoor@hrhub.co.in,aditi.kapoor,1,Y,80,HRHub Solutions Pvt. Ltd.,Information Technology & Business Services,India,36,36-45,1990-07-30,Divorced,MBA,Operations,Telangana,Hyderabad,9346117386,Finance,Finance Executive,Travel_Frequently,Remote,9.8,3,0,1,2,2019-03-18,88100,10+ LPA,24,1,1,1,4,1,1,6,7.0,No,No,No
HRA241938,Female,Priya Ghosh,priya.ghosh@hrhub.co.in,priya.ghosh,1,Y,80,HRHub Solutions Pvt. Ltd.,Information Technology & Business Services,India,50,46-55,1976-08-02,Single,PhD,Management,Maharashtra,Pune,9837112906,Finance,Accountant,Travel_Rarely,Work From Office,16.4,9,3,4,4,2012-08-13,137150,10+ LPA,20,3,3,1,2,2,3,2,4.0,No,No,No
HRA241939,Female,Kavya Sinha,kavya.sinha@hrhub.co.in,kavya.sinha,1,Y,80,HRHub Solutions Pvt. Ltd.,Information Technology & Business Services,India,44,36-45,1982-08-01,Single,Master,Marketing,Gujarat,Surat,9540172094,Human Resources,HR Executive,Travel_Rarely,Work From Office,0.5,0,0,0,0,2028-07-03,24550,0-3 LPA,5,3,3,3,2,2,2,0,0.5,Yes,Yes,Yes
HRA241940,Female,Swati Khan,swati.khan@hrhub.co.in,swati.khan,1,Y,80,HRHub Solutions Pvt. Ltd.,Information Technology & Business Services,India,27,26-35,1999-07-28,Married,Diploma,Mechanical,Karnataka,Bengaluru,9230424414,Marketing,Marketing Executive,Travel_Rarely,Work From Office,1.1,0,0,0,0,2027-11-27,35850,3-6 LPA,11,2,4,1,4,1,2,6,0.0,No,No,No
HRA241941,Female,Anusha Sharma,anusha.sharma@hrhub.co.in,anusha.sharma,1,Y,80,HRHub Solutions Pvt. Ltd.,Information Technology & Business Services,India,21,18-25,2005-07-26,Married,Bachelor,Information Technology,Rajasthan,Jodhpur,9116261171,Operations,Operations Executive,Travel_Rarely,Work From Office,0.0,0,0,0,0,2029-01-01,32050,3-6 LPA,17,1,2,1,3,3,2,6,0.0,No,No,No
HRA241942,Male,Ayush Kumar,ayush.kumar@hrhub.co.in,ayush.kumar,1,Y,80,HRHub Solutions Pvt. Ltd.,Information Technology & Business Services,India,19,18-25,2007-07-26,Single,PhD,Management,Kerala,Thiruvananthapuram,9446256532,Operations,Operations Executive,Travel_Rarely,Work From Office,0.0,0,0,0,0,2029-01-01,26400,3-6 LPA,14,2,2,1,1,4,1,5,0.0,No,Yes,Yes
HRA241943,Female,Anusha Joshi,anusha.joshi@hrhub.co.in,anusha.joshi,1,Y,80,HRHub Solutions Pvt. Ltd.,Information Technology & Business Services,India,57,55+,1969-08-04,Single,PhD,Finance,West Bengal,Durgapur,9386042019,Administration,Office Administrator,Travel_Rarely,Hybrid,21.9,9,7,1,9,2007-02-13,140100,10+ LPA,6,3,2,3,1,4,3,1,1.0,No,No,No
HRA241944,Male,Rohan Kumar,rohan.kumar@hrhub.co.in,rohan.kumar,1,Y,80,HRHub Solutions Pvt. Ltd.,Information Technology & Business Services,India,26,26-35,2000-07-27,Married,Diploma,Electrical,Kerala,Kochi,9066994759,Finance,Finance Executive,Travel_Frequently,Remote,2.3,2,1,1,1,2026-09-15,43700,3-6 LPA,16,3,3,1,1,3,4,3,1.0,No,No,No
HRA241945,Male,Nikhil Sharma,nikhil.sharma@hrhub.co.in,nikhil.sharma,1,Y,80,HRHub Solutions Pvt. Ltd.,Information Technology & Business Services,India,32,26-35,1994-07-29,Single,Diploma,Civil,Rajasthan,Jaipur,9721058683,Administration,Facility Coordinator,Travel_Rarely,Hybrid,1.1,1,1,0,0,2027-11-27,19450,0-3 LPA,16,2,4,2,3,2,1,5,1.1,No,No,No
HRA241946,Female,Vaishnavi Nair,vaishnavi.nair@hrhub.co.in,vaishnavi.nair,1,Y,80,HRHub Solutions Pvt. Ltd.,Information Technology & Business Services,India,60,55+,1966-08-05,Single,MBA,Operations,Delhi,New Delhi,9172191587,Operations,Supply Chain Coordinator,Travel_Rarely,Remote,30.9,0,0,0,0,1998-02-15,149900,10+ LPA,8,2,2,4,3,2,4,5,2.0,No,No,No
HRA241947,Male,Akash Jain,akash.jain@hrhub.co.in,akash.jain,1,Y,80,HRHub Solutions Pvt. Ltd.,Information Technology & Business Services,India,48,46-55,1978-08-02,Single,Bachelor,Marketing,Karnataka,Hubballi,9322798594,Administration,Administrative Executive,Travel_Rarely,Remote,26.0,5,0,2,2,2003-01-08,163650,10+ LPA,18,0,1,3,1,1,4,6,6.0,No,No,No
HRA241948,Female,Riya Chatterjee,riya.chatterjee@hrhub.co.in,riya.chatterjee,1,Y,80,HRHub Solutions Pvt. Ltd.,Information Technology & Business Services,India,23,18-25,2003-07-27,Married,High School,General Education,Maharashtra,Nagpur,9045681574,Sales,Sales Executive,Travel_Frequently,Work From Office,1.4,0,0,0,0,2027-08-10,32750,3-6 LPA,18,2,3,4,2,2,4,3,1.4,Yes,No,No
HRA241949,Male,Rahul Mehta,rahul.mehta@hrhub.co.in,rahul.mehta,1,Y,80,HRHub Solutions Pvt. Ltd.,Information Technology & Business Services,India,29,26-35,1997-07-28,Single,PhD,Computer Science,West Bengal,Kolkata,9190190945,Marketing,Digital Marketing Specialist,Travel_Rarely,Work From Office,1.2,1,1,0,0,2027-10-21,30350,3-6 LPA,17,1,3,4,3,3,4,2,1.2,No,Yes,No
HRA241950,Male,Sumit Mukherjee,sumit.mukherjee@hrhub.co.in,sumit.mukherjee,1,Y,80,HRHub Solutions Pvt. Ltd.,Information Technology & Business Services,India,32,26-35,1994-07-29,Single,Master,Computer Science,Uttar Pradesh,Kanpur,9535633098,Operations,Supply Chain Coordinator,Travel_Rarely,Work From Office,8.3,5,0,0,4,2020-09-16,57850,6-10 LPA,6,2,3,3,4,2,3,6,5.0,No,No,No
HRA241951,Male,Harsh Mukherjee,harsh.mukherjee@hrhub.co.in,harsh.mukherjee,1,Y,80,HRHub Solutions Pvt. Ltd.,Information Technology & Business Services,India,46,46-55,1980-08-01,Married,High School,General Education,Rajasthan,Jaipur,9863900036,Sales,Business Development Executive,Travel_Frequently,Work From Office,6.7,4,1,0,1,2022-04-23,83150,6-10 LPA,20,3,3,3,2,1,1,3,6.7,Yes,No,No
HRA241952,Male,Gaurav Kumar,gaurav.kumar@hrhub.co.in,gaurav.kumar,1,Y,80,HRHub Solutions Pvt. Ltd.,Information Technology & Business Services,India,48,46-55,1978-08-02,Single,Master,Human Resources,West Bengal,Durgapur,9320802561,Finance,Accountant,Travel_Rarely,Hybrid,10.0,7,6,0,0,2019-01-04,103200,10+ LPA,15,3,2,3,1,2,2,1,4.0,Yes,No,No
HRA241953,Female,Kavya Ghosh,kavya.ghosh@hrhub.co.in,kavya.ghosh,1,Y,80,HRHub Solutions Pvt. Ltd.,Information Technology & Business Services,India,34,26-35,1992-07-29,Single,High School,General Education,Telangana,Warangal,9165057143,Sales,Sales Manager,Travel_Rarely,Hybrid,2.3,2,1,1,1,2026-09-15,97850,10+ LPA,5,0,3,3,4,4,4,3,2.3,Yes,Yes,No
HRA241954,Female,Anjali Singh,anjali.singh@hrhub.co.in,anjali.singh,1,Y,80,HRHub Solutions Pvt. Ltd.,Information Technology & Business Services,India,53,46-55,1973-08-03,Married,Master,Business Administration,Kerala,Kochi,9658951725,Finance,Finance Executive,Travel_Rarely,Work From Office,13.7,9,1,1,2,2015-04-25,124700,10+ LPA,25,3,4,2,4,3,2,5,10.0,Yes,Yes,No
HRA241955,Male,Akash Nair,akash.nair@hrhub.co.in,akash.nair,1,Y,80,HRHub Solutions Pvt. Ltd.,Information Technology & Business Services,India,60,55+,1966-08-05,Married,High School,General Education,Uttar Pradesh,Lucknow,9364722353,Sales,Sales Executive,Travel_Frequently,Work From Office,25.1,17,4,8,17,2003-12-03,138750,10+ LPA,23,2,3,4,4,1,2,1,9.0,No,No,No
HRA241956,Male,Ankit Singh,ankit.singh@hrhub.co.in,ankit.singh,1,Y,80,HRHub Solutions Pvt. Ltd.,Information Technology & Business Services,India,35,26-35,1991-07-30,Married,PhD,Finance,Delhi,New Delhi,9289669995,Operations,Operations Manager,Travel_Rarely,Hybrid,2.9,1,0,0,1,2026-02-08,81500,6-10 LPA,17,3,3,2,2,4,2,1,1.0,No,No,No
HRA241957,Male,Vivek Sharma,vivek.sharma@hrhub.co.in,vivek.sharma,1,Y,80,HRHub Solutions Pvt. Ltd.,Information Technology & Business Services,India,52,46-55,1974-08-03,Married,Master,Computer Science,Tamil Nadu,Madurai,9859131303,Marketing,Content Strategist,Non-Travel,Remote,18.6,10,5,4,9,2010-06-01,156050,10+ LPA,19,0,1,2,1,2,4,2,6.0,No,Yes,No
HRA241958,Female,Riya Mukherjee,riya.mukherjee@hrhub.co.in,riya.mukherjee,1,Y,80,HRHub Solutions Pvt. Ltd.,Information Technology & Business Services,India,33,26-35,1993-07-29,Married,Bachelor,Finance,Tamil Nadu,Coimbatore,9848789995,Marketing,Content Strategist,Travel_Rarely,Work From Office,6.9,6,5,3,4,2022-02-09,58100,6-10 LPA,13,2,3,3,4,4,1,6,6.9,No,Yes,No
HRA241959,Female,Riya Joshi,riya.joshi@hrhub.co.in,riya.joshi,1,Y,80,HRHub Solutions Pvt. Ltd.,Information Technology & Business Services,India,38,36-45,1988-07-30,Divorced,Bachelor,Finance,Telangana,Hyderabad,9097753738,Marketing,Marketing Executive,Travel_Rarely,Hybrid,11.9,5,3,2,3,2017-02-10,104650,10+ LPA,8,0,3,4,4,2,4,4,1.0,Yes,No,No
HRA241960,Female,Khushi Rao,khushi.rao@hrhub.co.in,khushi.rao,1,Y,80,HRHub Solutions Pvt. Ltd.,Information Technology & Business Services,India,32,26-35,1994-07-29,Married,PhD,Management,Karnataka,Bengaluru,9433766699,Administration,Administrative Executive,Non-Travel,Work From Office,9.5,4,1,2,3,2019-07-06,63400,6-10 LPA,10,1,3,2,1,1,1,2,0.0,Yes,No,Yes
HRA241961,Female,Khushi Shah,khushi.shah@hrhub.co.in,khushi.shah,1,Y,80,HRHub Solutions Pvt. Ltd.,Information Technology & Business Services,India,42,36-45,1984-07-31,Married,Bachelor,Information Technology,Delhi,New Delhi,9044011285,Administration,Administrative Executive,Travel_Frequently,Remote,8.5,1,1,0,1,2020-07-05,50750,6-10 LPA,25,2,4,2,3,4,1,3,8.0,No,No,No
HRA241962,Male,Deepak Sinha,deepak.sinha@hrhub.co.in,deepak.sinha,1,Y,80,HRHub Solutions Pvt. Ltd.,Information Technology & Business Services,India,31,26-35,1995-07-29,Married,PhD,Finance,Maharashtra,Mumbai,9435550954,Human Resources,HR Business Partner,Travel_Rarely,Work From Office,1.5,1,1,0,0,2027-07-04,24650,0-3 LPA,24,1,3,2,2,2,4,2,1.5,No,Yes,No
HRA241963,Female,Megha Sinha,megha.sinha@hrhub.co.in,megha.sinha,1,Y,80,HRHub Solutions Pvt. Ltd.,Information Technology & Business Services,India,20,18-25,2006-07-26,Single,Diploma,Civil,Kerala,Thiruvananthapuram,9140575995,Operations,Operations Manager,Travel_Rarely,Hybrid,0.0,0,0,0,0,2029-01-01,88350,10+ LPA,8,0,3,3,2,4,1,1,0.0,No,No,No
HRA241964,Female,Kavya Verma,kavya.verma@hrhub.co.in,kavya.verma,1,Y,80,HRHub Solutions Pvt. Ltd.,Information Technology & Business Services,India,58,55+,1968-08-04,Single,Diploma,Civil,Telangana,Warangal,9941518122,Operations,Supply Chain Coordinator,Travel_Rarely,Hybrid,2.3,1,1,0,0,2026-09-15,40850,3-6 LPA,19,0,3,4,3,4,1,4,2.3,No,No,No
HRA241965,Female,Khushi Mukherjee,khushi.mukherjee@hrhub.co.in,khushi.mukherjee,1,Y,80,HRHub Solutions Pvt. Ltd.,Information Technology & Business Services,India,51,46-55,1975-08-03,Married,Master,Finance,Kerala,Kozhikode,9712840555,Human Resources,HR Executive,Travel_Rarely,Hybrid,14.1,14,9,7,0,2014-11-30,94950,10+ LPA,22,3,3,1,2,2,1,6,6.0,No,Yes,No
HRA241966,Female,Harini Sharma,harini.sharma@hrhub.co.in,harini.sharma,1,Y,80,HRHub Solutions Pvt. Ltd.,Information Technology & Business Services,India,52,46-55,1974-08-03,Married,Master,Human Resources,Uttar Pradesh,Lucknow,9558992540,Finance,Financial Analyst,Travel_Rarely,Work From Office,25.3,2,2,1,1,2003-09-21,184200,10+ LPA,14,2,3,4,2,2,4,4,6.0,Yes,Yes,No
HRA241967,Male,Vikas Sinha,vikas.sinha@hrhub.co.in,vikas.sinha,1,Y,80,HRHub Solutions Pvt. Ltd.,Information Technology & Business Services,India,26,26-35,2000-07-27,Single,Diploma,Civil,Gujarat,Surat,9964888719,Marketing,Marketing Executive,Travel_Frequently,Work From Office,4.8,0,0,0,0,2024-03-16,39000,3-6 LPA,7,3,4,1,3,1,4,1,4.8,Yes,No,Yes
HRA241968,Female,Anusha Joshi,anusha.joshi@hrhub.co.in,anusha.joshi,1,Y,80,HRHub Solutions Pvt. Ltd.,Information Technology & Business Services,India,36,36-45,1990-07-30,Married,PhD,Finance,West Bengal,Kolkata,9027754410,Marketing,Content Strategist,Travel_Rarely,Remote,7.9,2,0,1,1,2021-02-09,82550,6-10 LPA,17,2,4,1,2,1,2,5,7.9,Yes,No,No
HRA241969,Female,Riya Verma,riya.verma@hrhub.co.in,riya.verma,1,Y,80,HRHub Solutions Pvt. Ltd.,Information Technology & Business Services,India,23,18-25,2003-07-27,Single,Diploma,Mechanical,Maharashtra,Mumbai,9010339970,Finance,Financial Analyst,Travel_Frequently,Remote,0.7,0,0,0,0,2028-04-21,33350,3-6 LPA,9,0,3,4,1,1,3,3,0.7,No,No,Yes
HRA241970,Female,Ananya Rao,ananya.rao@hrhub.co.in,ananya.rao,1,Y,80,HRHub Solutions Pvt. Ltd.,Information Technology & Business Services,India,34,26-35,1992-07-29,Single,Master,Marketing,Kerala,Thiruvananthapuram,9917837464,Finance,Finance Executive,Travel_Frequently,Hybrid,10.5,0,0,0,0,2018-07-06,95950,10+ LPA,6,0,4,1,3,3,4,5,0.0,No,Yes,No
HRA241971,Male,Pranav Verma,pranav.verma@hrhub.co.in,pranav.verma,1,Y,80,HRHub Solutions Pvt. Ltd.,Information Technology & Business Services,India,28,26-35,1998-07-28,Single,High School,General Education,Kerala,Thiruvananthapuram,9878489900,Operations,Supply Chain Coordinator,Travel_Rarely,Hybrid,6.1,3,3,1,1,2022-11-28,70300,6-10 LPA,19,2,3,1,1,3,2,6,6.1,No,No,No
HRA241972,Female,Priya Saha,priya.saha@hrhub.co.in,priya.saha,1,Y,80,HRHub Solutions Pvt. Ltd.,Information Technology & Business Services,India,55,46-55,1971-08-04,Divorced,Diploma,Electrical,Tamil Nadu,Chennai,9381391405,Sales,Sales Manager,Travel_Rarely,Work From Office,5.4,2,2,1,0,2023-08-10,111050,10+ LPA,24,0,4,2,2,4,2,1,5.4,Yes,No,No
HRA241973,Female,Tanvi Nair,tanvi.nair@hrhub.co.in,tanvi.nair,1,Y,80,HRHub Solutions Pvt. Ltd.,Information Technology & Business Services,India,49,46-55,1977-08-02,Married,Bachelor,Computer Science,West Bengal,Durgapur,9417984339,Marketing,Marketing Executive,Travel_Rarely,Hybrid,8.4,1,0,0,1,2020-08-10,79700,6-10 LPA,5,3,3,2,2,3,1,3,8.0,No,Yes,No
HRA241974,Male,Mohit Verma,mohit.verma@hrhub.co.in,mohit.verma,1,Y,80,HRHub Solutions Pvt. Ltd.,Information Technology & Business Services,India,49,46-55,1977-08-02,Single,PhD,Finance,Maharashtra,Mumbai,9209924607,Sales,Sales Manager,Travel_Rarely,Work From Office,22.8,14,4,2,11,2006-03-21,182650,10+ LPA,10,2,3,2,2,1,1,1,2.0,Yes,No,Yes
HRA241975,Female,Shreya Chatterjee,shreya.chatterjee@hrhub.co.in,shreya.chatterjee,1,Y,80,HRHub Solutions Pvt. Ltd.,Information Technology & Business Services,India,19,18-25,2007-07-26,Married,PhD,Management,Telangana,Hyderabad,9813602919,IT,Software Engineer,Travel_Rarely,Work From Office,0.0,0,0,0,0,2029-01-01,42300,3-6 LPA,15,0,4,1,1,3,3,4,0.0,No,Yes,No
HRA241976,Male,Akash Banerjee,akash.banerjee@hrhub.co.in,akash.banerjee,1,Y,80,HRHub Solutions Pvt. Ltd.,Information Technology & Business Services,India,53,46-55,1973-08-03,Single,PhD,Management,Delhi,New Delhi,9640975563,Human Resources,HR Executive,Travel_Rarely,Remote,6.4,0,0,0,0,2022-08-10,77150,6-10 LPA,23,2,3,2,1,4,4,4,5.0,No,No,No
HRA241977,Male,Deepak Mukherjee,deepak.mukherjee@hrhub.co.in,deepak.mukherjee,1,Y,80,HRHub Solutions Pvt. Ltd.,Information Technology & Business Services,India,22,18-25,2004-07-26,Single,PhD,Management,Gujarat,Vadodara,9763953211,Human Resources,Talent Acquisition Specialist,Travel_Frequently,Work From Office,0.0,0,0,0,0,2029-01-01,26650,3-6 LPA,24,2,3,3,4,2,4,2,0.0,No,Yes,No
HRA241978,Female,Vidya Mishra,vidya.mishra@hrhub.co.in,vidya.mishra,1,Y,80,HRHub Solutions Pvt. Ltd.,Information Technology & Business Services,India,22,18-25,2004-07-26,Married,PhD,Finance,Karnataka,Bengaluru,9299572293,Human Resources,HR Business Partner,Travel_Rarely,Work From Office,0.4,0,0,0,0,2028-08-08,32750,3-6 LPA,24,2,4,1,3,2,1,5,0.4,No,No,No
HRA241979,Female,Khushi Khan,khushi.khan@hrhub.co.in,khushi.khan,1,Y,80,HRHub Solutions Pvt. Ltd.,Information Technology & Business Services,India,22,18-25,2004-07-26,Single,High School,General Education,Tamil Nadu,Coimbatore,9922160090,Operations,Supply Chain Coordinator,Travel_Rarely,Remote,0.2,0,0,0,0,2028-10-20,21750,0-3 LPA,13,0,4,3,2,2,4,2,0.2,No,No,No
HRA241980,Male,Rahul Khan,rahul.khan@hrhub.co.in,rahul.khan,1,Y,80,HRHub Solutions Pvt. Ltd.,Information Technology & Business Services,India,41,36-45,1985-07-31,Married,Diploma,Electrical,Maharashtra,Pune,9343648302,Human Resources,HR Executive,Travel_Frequently,Work From Office,4.4,2,2,0,2,2024-08-09,51150,6-10 LPA,12,2,3,1,1,2,2,2,4.4,No,No,No
HRA241981,Male,Pranav Sinha,pranav.sinha@hrhub.co.in,pranav.sinha,1,Y,80,HRHub Solutions Pvt. Ltd.,Information Technology & Business Services,India,49,46-55,1977-08-02,Single,Diploma,Mechanical,Rajasthan,Udaipur,9444037103,Sales,Sales Manager,Travel_Rarely,Hybrid,17.6,14,13,1,10,2011-06-01,222450,10+ LPA,9,0,3,2,3,2,3,6,5.0,No,No,Yes
HRA241982,Female,Pooja Singh,pooja.singh@hrhub.co.in,pooja.singh,1,Y,80,HRHub Solutions Pvt. Ltd.,Information Technology & Business Services,India,39,36-45,1987-07-31,Married,Master,Business Administration,West Bengal,Howrah,9081064395,Marketing,Digital Marketing Specialist,Travel_Rarely,Hybrid,7.4,2,0,1,1,2021-08-10,56900,6-10 LPA,6,3,3,3,3,4,3,5,7.0,Yes,No,No
HRA241983,Female,Priya Agarwal,priya.agarwal@hrhub.co.in,priya.agarwal,1,Y,80,HRHub Solutions Pvt. Ltd.,Information Technology & Business Services,India,58,55+,1968-08-04,Married,Master,Business Administration,Delhi,New Delhi,9174126831,Marketing,Content Strategist,Non-Travel,Hybrid,8.8,5,0,0,5,2020-03-17,72200,6-10 LPA,16,1,2,3,3,4,4,2,1.0,No,No,No
HRA241984,Male,Raj Sinha,raj.sinha@hrhub.co.in,raj.sinha,1,Y,80,HRHub Solutions Pvt. Ltd.,Information Technology & Business Services,India,59,55+,1967-08-05,Married,Bachelor,Business Administration,Rajasthan,Udaipur,9358072317,Human Resources,HR Executive,Travel_Rarely,Work From Office,25.5,21,20,2,16,2003-07-10,126800,10+ LPA,14,3,3,2,3,2,1,2,1.0,No,No,No
HRA241985,Male,Mohit Gupta,mohit.gupta@hrhub.co.in,mohit.gupta,1,Y,80,HRHub Solutions Pvt. Ltd.,Information Technology & Business Services,India,47,46-55,1979-08-02,Single,Diploma,Electrical,Gujarat,Surat,9337231570,Finance,Finance Executive,Travel_Rarely,Work From Office,20.1,18,3,2,13,2008-12-01,132200,10+ LPA,12,1,3,2,1,1,4,0,1.0,No,Yes,No
HRA241986,Male,Gaurav Joshi,gaurav.joshi@hrhub.co.in,gaurav.joshi,1,Y,80,HRHub Solutions Pvt. Ltd.,Information Technology & Business Services,India,40,36-45,1986-07-31,Married,Master,Marketing,West Bengal,Kolkata,9232609173,Administration,Office Administrator,Non-Travel,Work From Office,11.2,5,0,0,2,2017-10-24,97400,10+ LPA,22,1,3,4,3,4,1,2,5.0,No,No,No
HRA241987,Male,Aditya Jain,aditya.jain@hrhub.co.in,aditya.jain,1,Y,80,HRHub Solutions Pvt. Ltd.,Information Technology & Business Services,India,18,18-25,2008-07-25,Single,PhD,Finance,Karnataka,Hubballi,9359922715,Marketing,Digital Marketing Specialist,Travel_Rarely,Work From Office,0.0,0,0,0,0,2029-01-01,28000,3-6 LPA,10,2,1,4,2,2,1,1,0.0,No,No,No
HRA241988,Female,Ishita Chatterjee,ishita.chatterjee@hrhub.co.in,ishita.chatterjee,1,Y,80,HRHub Solutions Pvt. Ltd.,Information Technology & Business Services,India,20,18-25,2006-07-26,Single,Diploma,Electrical,Tamil Nadu,Coimbatore,9025912987,Operations,Operations Executive,Travel_Rarely,Work From Office,0.0,0,0,0,0,2029-01-01,24600,0-3 LPA,24,3,3,2,3,3,3,1,0.0,No,No,No
HRA241989,Female,Shreya Ghosh,shreya.ghosh@hrhub.co.in,shreya.ghosh,1,Y,80,HRHub Solutions Pvt. Ltd.,Information Technology & Business Services,India,60,55+,1966-08-05,Single,Master,Computer Science,Gujarat,Vadodara,9829611850,Finance,Accountant,Travel_Rarely,Work From Office,27.3,24,7,0,11,2001-09-21,144550,10+ LPA,16,2,1,3,3,1,2,2,8.0,Yes,No,No
HRA241990,Male,Arjun Banerjee,arjun.banerjee@hrhub.co.in,arjun.banerjee,1,Y,80,HRHub Solutions Pvt. Ltd.,Information Technology & Business Services,India,33,26-35,1993-07-29,Single,High School,General Education,Maharashtra,Mumbai,9134997622,Human Resources,HR Business Partner,Non-Travel,Work From Office,9.0,8,1,0,5,2020-01-04,64250,6-10 LPA,5,2,3,3,2,2,2,6,9.0,Yes,No,No
HRA241991,Male,Raj Nair,raj.nair@hrhub.co.in,raj.nair,1,Y,80,HRHub Solutions Pvt. Ltd.,Information Technology & Business Services,India,18,18-25,2008-07-25,Single,Bachelor,Computer Science,Uttar Pradesh,Noida,9279908810,Marketing,Marketing Executive,Travel_Rarely,Work From Office,0.0,0,0,0,0,2029-01-01,31550,3-6 LPA,6,0,3,1,3,1,2,6,0.0,No,No,Yes
HRA241992,Female,Sonali Rao,sonali.rao@hrhub.co.in,sonali.rao,1,Y,80,HRHub Solutions Pvt. Ltd.,Information Technology & Business Services,India,28,26-35,1998-07-28,Married,Bachelor,Marketing,West Bengal,Durgapur,9944643994,Human Resources,Talent Acquisition Specialist,Travel_Frequently,Work From Office,4.6,4,0,1,4,2024-05-29,38750,3-6 LPA,5,0,4,4,3,3,4,1,4.6,No,No,No
HRA241993,Female,Pooja Saha,pooja.saha@hrhub.co.in,pooja.saha,1,Y,80,HRHub Solutions Pvt. Ltd.,Information Technology & Business Services,India,36,36-45,1990-07-30,Married,Bachelor,Human Resources,Tamil Nadu,Madurai,9367107701,IT,Network Engineer,Travel_Rarely,Work From Office,10.9,3,2,1,3,2018-02-10,115500,10+ LPA,22,0,2,4,1,4,2,3,6.0,No,No,No
HRA241994,Female,Anusha Sen,anusha.sen@hrhub.co.in,anusha.sen,1,Y,80,HRHub Solutions Pvt. Ltd.,Information Technology & Business Services,India,27,26-35,1999-07-28,Married,High School,General Education,Telangana,Hyderabad,9193348463,Sales,Sales Manager,Travel_Rarely,Hybrid,1.6,1,1,0,0,2027-05-28,86400,10+ LPA,5,0,4,4,3,2,2,0,1.0,No,Yes,No
HRA241995,Male,Vivek Roy,vivek.roy@hrhub.co.in,vivek.roy,1,Y,80,HRHub Solutions Pvt. Ltd.,Information Technology & Business Services,India,21,18-25,2005-07-26,Single,Master,Human Resources,Telangana,Hyderabad,9390756113,Marketing,Content Strategist,Non-Travel,Work From Office,0.0,0,0,0,0,2029-01-01,31850,3-6 LPA,14,0,3,3,3,3,4,4,0.0,No,No,No
HRA241996,Female,Nikita Roy,nikita.roy@hrhub.co.in,nikita.roy,1,Y,80,HRHub Solutions Pvt. Ltd.,Information Technology & Business Services,India,44,36-45,1982-08-01,Married,Diploma,Civil,Rajasthan,Udaipur,9663049661,Marketing,Content Strategist,Non-Travel,Remote,5.2,1,0,0,0,2023-10-22,77200,6-10 LPA,17,2,3,3,4,3,1,6,4.0,No,Yes,No
HRA241997,Male,Vikas Saha,vikas.saha@hrhub.co.in,vikas.saha,1,Y,80,HRHub Solutions Pvt. Ltd.,Information Technology & Business Services,India,35,26-35,1991-07-30,Married,PhD,Finance,Uttar Pradesh,Noida,9461132988,Finance,Accountant,Travel_Rarely,Remote,12.4,6,3,0,0,2016-08-11,121200,10+ LPA,7,0,3,4,4,3,1,6,2.0,No,No,No
HRA241998,Male,Gaurav Ghosh,gaurav.ghosh@hrhub.co.in,gaurav.ghosh,1,Y,80,HRHub Solutions Pvt. Ltd.,Information Technology & Business Services,India,60,55+,1966-08-05,Married,High School,General Education,Rajasthan,Jaipur,9695131911,IT,Network Engineer,Travel_Frequently,Work From Office,34.0,2,0,0,2,1995-01-10,126250,10+ LPA,10,3,3,2,3,4,1,0,10.0,No,No,No
HRA241999,Male,Sumit Reddy,sumit.reddy@hrhub.co.in,sumit.reddy,1,Y,80,HRHub Solutions Pvt. Ltd.,Information Technology & Business Services,India,48,46-55,1978-08-02,Divorced,High School,General Education,Rajasthan,Udaipur,9906017429,Administration,Facility Coordinator,Non-Travel,Work From Office,14.4,4,2,0,0,2014-08-12,100850,10+ LPA,23,3,4,3,3,3,1,4,10.0,No,Yes,No
HRA242000,Female,Shreya Agarwal,shreya.agarwal@hrhub.co.in,shreya.agarwal,1,Y,80,HRHub Solutions Pvt. Ltd.,Information Technology & Business Services,India,24,18-25,2002-07-27,Single,MBA,Finance,Kerala,Kozhikode,9125037545,Administration,Administrative Executive,Travel_Rarely,Hybrid,0.2,0,0,0,0,2028-10-20,28400,3-6 LPA,7,2,3,2,3,4,3,3,0.2,No,No,No
HRA242001,Female,Deepika Das,deepika.das@hrhub.co.in,deepika.das,1,Y,80,HRHub Solutions Pvt. Ltd.,Information Technology & Business Services,India,49,46-55,1977-08-02,Married,Bachelor,Business Administration,Karnataka,Hubballi,9776304931,Human Resources,HR Executive,Travel_Rarely,Work From Office,3.8,1,0,0,1,2025-03-16,42200,3-6 LPA,25,1,3,3,2,3,3,6,1.0,No,No,Yes
HRA242002,Female,Harini Gupta,harini.gupta@hrhub.co.in,harini.gupta,1,Y,80,HRHub Solutions Pvt. Ltd.,Information Technology & Business Services,India,48,46-55,1978-08-02,Married,High School,General Education,Kerala,Kochi,9328138403,Marketing,Marketing Executive,Non-Travel,Work From Office,4.3,0,0,0,0,2024-09-15,55950,6-10 LPA,15,3,3,4,4,3,3,3,2.0,No,No,No
HRA242003,Male,Akash Agarwal,akash.agarwal@hrhub.co.in,akash.agarwal,1,Y,80,HRHub Solutions Pvt. Ltd.,Information Technology & Business Services,India,21,18-25,2005-07-26,Married,MBA,Human Resources,Rajasthan,Udaipur,9091153227,IT,Software Engineer,Travel_Rarely,Work From Office,0.0,0,0,0,0,2029-01-01,30050,3-6 LPA,16,3,2,4,4,4,2,4,0.0,No,No,Yes
HRA242004,Male,Sandeep Banerjee,sandeep.banerjee@hrhub.co.in,sandeep.banerjee,1,Y,80,HRHub Solutions Pvt. Ltd.,Information Technology & Business Services,India,22,18-25,2004-07-26,Single,Bachelor,Finance,Telangana,Hyderabad,9797842553,Sales,Business Development Executive,Travel_Frequently,Work From Office,0.4,0,0,0,0,2028-08-08,24000,0-3 LPA,20,1,4,3,4,3,1,4,0.4,No,No,No
HRA242005,Female,Harini Roy,harini.roy@hrhub.co.in,harini.roy,1,Y,80,HRHub Solutions Pvt. Ltd.,Information Technology & Business Services,India,34,26-35,1992-07-29,Single,Master,Marketing,Karnataka,Bengaluru,9995833053,Marketing,Content Strategist,Travel_Rarely,Hybrid,12.0,7,1,3,5,2017-01-04,122000,10+ LPA,20,0,3,3,4,2,3,2,2.0,No,Yes,No
HRA242006,Female,Vaishnavi Sharma,vaishnavi.sharma@hrhub.co.in,vaishnavi.sharma,1,Y,80,HRHub Solutions Pvt. Ltd.,Information Technology & Business Services,India,60,55+,1966-08-05,Married,Diploma,Electrical,West Bengal,Kolkata,9617896141,Marketing,Digital Marketing Specialist,Travel_Rarely,Hybrid,16.9,9,5,1,7,2012-02-12,128650,10+ LPA,16,1,2,3,1,2,2,0,6.0,No,No,No
HRA242007,Female,Ishita Sinha,ishita.sinha@hrhub.co.in,ishita.sinha,1,Y,80,HRHub Solutions Pvt. Ltd.,Information Technology & Business Services,India,49,46-55,1977-08-02,Married,High School,General Education,Kerala,Kozhikode,9812917999,Marketing,Content Strategist,Travel_Rarely,Hybrid,14.3,10,10,4,0,2014-09-18,114450,10+ LPA,25,3,3,2,4,1,4,1,1.0,No,No,No
HRA242008,Female,Anjali Banerjee,anjali.banerjee@hrhub.co.in,anjali.banerjee,1,Y,80,HRHub Solutions Pvt. Ltd.,Information Technology & Business Services,India,26,26-35,2000-07-27,Single,Bachelor,Human Resources,Gujarat,Vadodara,9051499228,Marketing,Content Strategist,Travel_Rarely,Work From Office,1.8,1,0,0,0,2027-03-16,26500,3-6 LPA,13,3,4,3,1,3,4,2,1.0,No,No,No
HRA242009,Female,Neha Rao,neha.rao@hrhub.co.in,neha.rao,1,Y,80,HRHub Solutions Pvt. Ltd.,Information Technology & Business Services,India,35,26-35,1991-07-30,Married,High School,General Education,West Bengal,Kolkata,9021299075,Sales,Sales Manager,Travel_Rarely,Work From Office,5.0,3,3,0,1,2024-01-03,131650,10+ LPA,6,3,4,1,1,2,3,6,5.0,No,Yes,No
HRA242010,Male,Raj Khan,raj.khan@hrhub.co.in,raj.khan,1,Y,80,HRHub Solutions Pvt. Ltd.,Information Technology & Business Services,India,25,18-25,2001-07-27,Married,High School,General Education,Kerala,Kochi,9332717666,Human Resources,HR Executive,Non-Travel,Work From Office,0.6,0,0,0,0,2028-05-27,24750,0-3 LPA,23,2,3,3,1,4,2,5,0.6,Yes,No,No
HRA242011,Male,Arjun Sharma,arjun.sharma@hrhub.co.in,arjun.sharma,1,Y,80,HRHub Solutions Pvt. Ltd.,Information Technology & Business Services,India,43,36-45,1983-08-01,Married,MBA,Marketing,Delhi,New Delhi,9049367776,Finance,Finance Executive,Non-Travel,Work From Office,10.4,2,1,0,1,2018-08-11,91150,10+ LPA,18,0,3,2,2,3,1,5,1.0,Yes,No,No
HRA242012,Male,Sahil Shah,sahil.shah@hrhub.co.in,sahil.shah,1,Y,80,HRHub Solutions Pvt. Ltd.,Information Technology & Business Services,India,55,46-55,1971-08-04,Single,PhD,Management,West Bengal,Howrah,9087639719,Operations,Operations Executive,Travel_Rarely,Hybrid,17.0,5,4,0,3,2012-01-06,165900,10+ LPA,13,0,3,1,1,2,3,6,5.0,No,No,No
HRA242013,Female,Ishita Roy,ishita.roy@hrhub.co.in,ishita.roy,1,Y,80,HRHub Solutions Pvt. Ltd.,Information Technology & Business Services,India,33,26-35,1993-07-29,Single,MBA,Operations,Tamil Nadu,Madurai,9627988779,Administration,Facility Coordinator,Travel_Frequently,Work From Office,6.0,1,1,0,1,2023-01-03,64850,6-10 LPA,17,2,3,4,2,2,1,0,6.0,No,No,No
HRA242014,Female,Divya Kapoor,divya.kapoor@hrhub.co.in,divya.kapoor,1,Y,80,HRHub Solutions Pvt. Ltd.,Information Technology & Business Services,India,44,36-45,1982-08-01,Married,Master,Human Resources,Telangana,Warangal,9016261481,Human Resources,HR Executive,Travel_Frequently,Work From Office,11.9,0,0,0,0,2017-02-10,87600,10+ LPA,16,0,3,3,2,2,1,2,0.0,No,No,No
HRA242015,Female,Megha Khan,megha.khan@hrhub.co.in,megha.khan,1,Y,80,HRHub Solutions Pvt. Ltd.,Information Technology & Business Services,India,19,18-25,2007-07-26,Married,MBA,Operations,Karnataka,Hubballi,9188025405,IT,Network Engineer,Non-Travel,Hybrid,0.0,0,0,0,0,2029-01-01,39550,3-6 LPA,6,0,3,2,4,1,3,6,0.0,No,No,No
HRA242016,Male,Ayush Kumar,ayush.kumar@hrhub.co.in,ayush.kumar,1,Y,80,HRHub Solutions Pvt. Ltd.,Information Technology & Business Services,India,44,36-45,1982-08-01,Single,Bachelor,Marketing,Tamil Nadu,Madurai,9884755541,Finance,Finance Executive,Travel_Frequently,Hybrid,18.8,9,9,2,3,2010-03-20,189100,10+ LPA,15,1,3,2,1,3,4,0,10.0,No,No,No
HRA242017,Male,Rahul Das,rahul.das@hrhub.co.in,rahul.das,1,Y,80,HRHub Solutions Pvt. Ltd.,Information Technology & Business Services,India,49,46-55,1977-08-02,Married,Master,Finance,Rajasthan,Jaipur,9026407655,Sales,Business Development Executive,Travel_Frequently,Work From Office,27.3,16,10,8,14,2001-09-21,139200,10+ LPA,5,0,1,2,2,3,1,2,3.0,Yes,No,No
HRA242018,Female,Neha Saha,neha.saha@hrhub.co.in,neha.saha,1,Y,80,HRHub Solutions Pvt. Ltd.,Information Technology & Business Services,India,46,46-55,1980-08-01,Single,High School,General Education,West Bengal,Durgapur,9033833790,Marketing,Digital Marketing Specialist,Travel_Rarely,Work From Office,22.2,7,6,3,5,2006-10-26,185650,10+ LPA,14,2,3,4,4,3,1,6,5.0,No,No,No
HRA242019,Female,Anusha Chatterjee,anusha.chatterjee@hrhub.co.in,anusha.chatterjee,1,Y,80,HRHub Solutions Pvt. Ltd.,Information Technology & Business Services,India,58,55+,1968-08-04,Single,Master,Computer Science,Karnataka,Hubballi,9129871694,Human Resources,HR Business Partner,Travel_Rarely,Hybrid,19.7,4,2,1,1,2009-04-26,130850,10+ LPA,10,0,3,4,4,3,3,3,10.0,No,No,No
HRA242020,Male,Harsh Mukherjee,harsh.mukherjee@hrhub.co.in,harsh.mukherjee,1,Y,80,HRHub Solutions Pvt. Ltd.,Information Technology & Business Services,India,29,26-35,1997-07-28,Single,Bachelor,Business Administration,Maharashtra,Nagpur,9421451009,IT,Data Analyst,Travel_Rarely,Work From Office,0.3,0,0,0,0,2028-09-14,24050,0-3 LPA,6,3,4,1,1,2,1,4,0.3,No,No,No
HRA242021,Female,Neha Das,neha.das@hrhub.co.in,neha.das,1,Y,80,HRHub Solutions Pvt. Ltd.,Information Technology & Business Services,India,19,18-25,2007-07-26,Married,PhD,Finance,Telangana,Hyderabad,9874185195,Human Resources,HR Business Partner,Travel_Rarely,Work From Office,0.0,0,0,0,0,2029-01-01,32650,3-6 LPA,21,3,4,1,1,3,2,4,0.0,No,Yes,Yes
HRA242022,Female,Khushi Mukherjee,khushi.mukherjee@hrhub.co.in,khushi.mukherjee,1,Y,80,HRHub Solutions Pvt. Ltd.,Information Technology & Business Services,India,59,55+,1967-08-05,Married,PhD,Computer Science,Maharashtra,Nagpur,9334828991,Administration,Facility Coordinator,Non-Travel,Work From Office,6.1,3,3,0,1,2022-11-28,77350,6-10 LPA,13,3,4,1,2,1,3,2,6.1,No,No,No
HRA242023,Female,Deepika Singh,deepika.singh@hrhub.co.in,deepika.singh,1,Y,80,HRHub Solutions Pvt. Ltd.,Information Technology & Business Services,India,27,26-35,1999-07-28,Married,Diploma,Computer,Karnataka,Hubballi,9476842838,Marketing,Content Strategist,Travel_Rarely,Hybrid,5.9,2,0,0,1,2023-02-09,68250,6-10 LPA,15,1,3,3,3,2,2,3,5.9,No,No,Yes
HRA242024,Male,Vivek Patel,vivek.patel@hrhub.co.in,vivek.patel,1,Y,80,HRHub Solutions Pvt. Ltd.,Information Technology & Business Services,India,39,36-45,1987-07-31,Single,PhD,Computer Science,Delhi,New Delhi,9983437845,Finance,Financial Analyst,Travel_Rarely,Remote,3.9,2,1,0,1,2025-02-08,54000,6-10 LPA,24,3,2,3,1,2,4,5,3.0,Yes,No,No
HRA242025,Male,Aditya Ghosh,aditya.ghosh@hrhub.co.in,aditya.ghosh,1,Y,80,HRHub Solutions Pvt. Ltd.,Information Technology & Business Services,India,45,36-45,1981-08-01,Married,MBA,Human Resources,Gujarat,Ahmedabad,9675505768,Sales,Sales Manager,Travel_Rarely,Work From Office,4.9,2,1,1,1,2024-02-09,89050,10+ LPA,9,1,2,4,2,3,4,0,4.0,No,No,No
HRA242026,Male,Gaurav Reddy,gaurav.reddy@hrhub.co.in,gaurav.reddy,1,Y,80,HRHub Solutions Pvt. Ltd.,Information Technology & Business Services,India,52,46-55,1974-08-03,Single,Master,Marketing,Gujarat,Ahmedabad,9939300344,IT,System Administrator,Travel_Rarely,Remote,3.5,0,0,0,0,2025-07-04,55450,6-10 LPA,19,2,1,1,3,4,1,3,1.0,No,No,No
HRA242027,Female,Aditi Sinha,aditi.sinha@hrhub.co.in,aditi.sinha,1,Y,80,HRHub Solutions Pvt. Ltd.,Information Technology & Business Services,India,60,55+,1966-08-05,Married,High School,General Education,Rajasthan,Jodhpur,9960852232,Marketing,Digital Marketing Specialist,Travel_Frequently,Work From Office,10.3,0,0,0,0,2018-09-17,110500,10+ LPA,11,2,3,4,3,1,3,1,1.0,Yes,No,No
HRA242028,Male,Gaurav Rao,gaurav.rao@hrhub.co.in,gaurav.rao,1,Y,80,HRHub Solutions Pvt. Ltd.,Information Technology & Business Services,India,43,36-45,1983-08-01,Married,Bachelor,Finance,West Bengal,Kolkata,9479646900,Sales,Business Development Executive,Travel_Rarely,Work From Office,21.3,18,3,1,6,2007-09-20,183450,10+ LPA,23,3,3,4,1,2,2,1,1.0,No,No,No
HRA242029,Male,Ayush Nair,ayush.nair@hrhub.co.in,ayush.nair,1,Y,80,HRHub Solutions Pvt. Ltd.,Information Technology & Business Services,India,46,46-55,1980-08-01,Married,Bachelor,Business Administration,Telangana,Hyderabad,9872249795,Marketing,Digital Marketing Specialist,Travel_Rarely,Work From Office,19.8,16,5,3,13,2009-03-20,182000,10+ LPA,17,3,3,3,3,2,1,6,0.0,No,Yes,No
HRA242030,Female,Neha Chatterjee,neha.chatterjee@hrhub.co.in,neha.chatterjee,1,Y,80,HRHub Solutions Pvt. Ltd.,Information Technology & Business Services,India,29,26-35,1997-07-28,Married,MBA,Operations,Uttar Pradesh,Lucknow,9483037597,Human Resources,HR Business Partner,Travel_Rarely,Work From Office,1.2,0,0,0,0,2027-10-21,20600,0-3 LPA,19,1,2,1,3,4,4,0,1.2,No,No,No
HRA242031,Male,Gaurav Mehta,gaurav.mehta@hrhub.co.in,gaurav.mehta,1,Y,80,HRHub Solutions Pvt. Ltd.,Information Technology & Business Services,India,56,55+,1970-08-04,Married,PhD,Computer Science,Rajasthan,Jodhpur,9828136833,Operations,Operations Manager,Non-Travel,Work From Office,18.0,16,8,7,11,2011-01-06,174250,10+ LPA,20,1,3,4,1,2,4,5,3.0,No,Yes,No
HRA242032,Male,Deepak Mukherjee,deepak.mukherjee@hrhub.co.in,deepak.mukherjee,1,Y,80,HRHub Solutions Pvt. Ltd.,Information Technology & Business Services,India,37,36-45,1989-07-30,Married,MBA,Operations,Telangana,Hyderabad,9432449959,IT,Network Engineer,Travel_Rarely,Work From Office,1.8,1,0,0,0,2027-03-16,28350,3-6 LPA,16,1,3,4,2,3,3,3,1.8,No,No,No
HRA242033,Male,Manish Banerjee,manish.banerjee@hrhub.co.in,manish.banerjee,1,Y,80,HRHub Solutions Pvt. Ltd.,Information Technology & Business Services,India,50,46-55,1976-08-02,Married,Diploma,Mechanical,Uttar Pradesh,Kanpur,9907091604,Operations,Supply Chain Coordinator,Travel_Rarely,Remote,14.1,6,0,0,4,2014-11-30,96300,10+ LPA,25,0,3,1,1,2,4,4,2.0,No,No,No
HRA242034,Male,Sandeep Kumar,sandeep.kumar@hrhub.co.in,sandeep.kumar,1,Y,80,HRHub Solutions Pvt. Ltd.,Information Technology & Business Services,India,19,18-25,2007-07-26,Married,Diploma,Electrical,Maharashtra,Mumbai,9284431320,Human Resources,HR Business Partner,Travel_Frequently,Work From Office,0.0,0,0,0,0,2029-01-01,32750,3-6 LPA,12,3,3,4,2,4,1,6,0.0,Yes,Yes,Yes
HRA242035,Female,Nikita Bose,nikita.bose@hrhub.co.in,nikita.bose,1,Y,80,HRHub Solutions Pvt. Ltd.,Information Technology & Business Services,India,28,26-35,1998-07-28,Single,Master,Computer Science,Uttar Pradesh,Noida,9970339445,Human Resources,HR Executive,Travel_Rarely,Work From Office,1.1,0,0,0,0,2027-11-27,22900,0-3 LPA,22,0,2,3,2,4,2,3,1.1,No,No,No
HRA242036,Male,Varun Patel,varun.patel@hrhub.co.in,varun.patel,1,Y,80,HRHub Solutions Pvt. Ltd.,Information Technology & Business Services,India,53,46-55,1973-08-03,Single,High School,General Education,Kerala,Thiruvananthapuram,9763801368,Human Resources,Talent Acquisition Specialist,Travel_Frequently,Work From Office,21.3,16,8,1,1,2007-09-20,149500,10+ LPA,9,1,3,3,1,1,1,4,0.0,No,No,No
HRA242037,Male,Pranav Sen,pranav.sen@hrhub.co.in,pranav.sen,1,Y,80,HRHub Solutions Pvt. Ltd.,Information Technology & Business Services,India,24,18-25,2002-07-27,Single,MBA,Operations,Delhi,New Delhi,9511496078,Finance,Financial Analyst,Travel_Frequently,Hybrid,0.9,0,0,0,0,2028-02-08,33850,3-6 LPA,8,1,3,2,3,4,1,2,0.9,No,Yes,Yes
HRA242038,Male,Varun Joshi,varun.joshi@hrhub.co.in,varun.joshi,1,Y,80,HRHub Solutions Pvt. Ltd.,Information Technology & Business Services,India,35,26-35,1991-07-30,Single,PhD,Management,Telangana,Warangal,9394197703,Administration,Office Administrator,Travel_Rarely,Work From Office,0.7,0,0,0,0,2028-04-21,30450,3-6 LPA,20,3,2,2,3,1,1,0,0.0,No,Yes,No
HRA242039,Female,Nikita Mehta,nikita.mehta@hrhub.co.in,nikita.mehta,1,Y,80,HRHub Solutions Pvt. Ltd.,Information Technology & Business Services,India,46,46-55,1980-08-01,Married,MBA,Human Resources,Gujarat,Ahmedabad,9811595767,Finance,Accountant,Travel_Rarely,Work From Office,10.7,0,0,0,0,2018-04-24,128700,10+ LPA,20,0,4,3,4,3,1,2,4.0,No,No,Yes
HRA242040,Female,Vidya Mishra,vidya.mishra@hrhub.co.in,vidya.mishra,1,Y,80,HRHub Solutions Pvt. Ltd.,Information Technology & Business Services,India,36,36-45,1990-07-30,Married,MBA,Finance,Uttar Pradesh,Noida,9316306274,Operations,Operations Executive,Travel_Rarely,Work From Office,11.2,0,0,0,0,2017-10-24,99000,10+ LPA,13,2,4,1,2,3,3,1,6.0,No,No,No
HRA242041,Female,Shreya Sen,shreya.sen@hrhub.co.in,shreya.sen,1,Y,80,HRHub Solutions Pvt. Ltd.,Information Technology & Business Services,India,56,55+,1970-08-04,Divorced,Diploma,Civil,Uttar Pradesh,Kanpur,9530209264,Human Resources,Talent Acquisition Specialist,Travel_Rarely,Work From Office,3.6,2,1,1,1,2025-05-28,41550,3-6 LPA,5,1,1,3,3,1,3,6,3.6,No,Yes,No
HRA242042,Male,Sandeep Singh,sandeep.singh@hrhub.co.in,sandeep.singh,1,Y,80,HRHub Solutions Pvt. Ltd.,Information Technology & Business Services,India,25,18-25,2001-07-27,Married,Master,Human Resources,West Bengal,Kolkata,9090490766,IT,Software Engineer,Travel_Rarely,Work From Office,3.3,3,0,1,3,2025-09-15,53800,6-10 LPA,17,3,3,1,1,2,1,5,3.3,No,No,No
HRA242043,Female,Divya Gupta,divya.gupta@hrhub.co.in,divya.gupta,1,Y,80,HRHub Solutions Pvt. Ltd.,Information Technology & Business Services,India,44,36-45,1982-08-01,Single,Bachelor,Commerce,Telangana,Hyderabad,9542265063,Administration,Administrative Executive,Travel_Rarely,Remote,19.3,14,14,2,8,2009-09-19,139100,10+ LPA,23,2,3,3,2,3,4,5,10.0,Yes,No,No
HRA242044,Male,Varun Mehta,varun.mehta@hrhub.co.in,varun.mehta,1,Y,80,HRHub Solutions Pvt. Ltd.,Information Technology & Business Services,India,26,26-35,2000-07-27,Married,MBA,Operations,Gujarat,Ahmedabad,9865062985,Operations,Supply Chain Coordinator,Travel_Rarely,Work From Office,4.8,4,3,1,0,2024-03-16,43250,3-6 LPA,25,0,1,4,3,2,4,2,4.8,No,No,No
HRA242045,Male,Karan Roy,karan.roy@hrhub.co.in,karan.roy,1,Y,80,HRHub Solutions Pvt. Ltd.,Information Technology & Business Services,India,44,36-45,1982-08-01,Married,Diploma,Electrical,Tamil Nadu,Chennai,9821813151,Human Resources,HR Executive,Travel_Frequently,Work From Office,11.4,11,2,4,8,2017-08-11,89000,10+ LPA,6,3,3,2,2,1,1,1,10.0,No,No,No
HRA242046,Male,Ayush Joshi,ayush.joshi@hrhub.co.in,ayush.joshi,1,Y,80,HRHub Solutions Pvt. Ltd.,Information Technology & Business Services,India,33,26-35,1993-07-29,Married,Bachelor,Finance,Gujarat,Vadodara,9451134360,Operations,Supply Chain Coordinator,Travel_Rarely,Work From Office,8.5,1,0,0,0,2020-07-05,56700,6-10 LPA,11,3,3,2,3,4,2,6,3.0,No,No,No
HRA242047,Female,Vidya Roy,vidya.roy@hrhub.co.in,vidya.roy,1,Y,80,HRHub Solutions Pvt. Ltd.,Information Technology & Business Services,India,29,26-35,1997-07-28,Married,Master,Marketing,Uttar Pradesh,Noida,9031510300,Operations,Operations Manager,Travel_Rarely,Work From Office,6.4,0,0,0,0,2022-08-10,107550,10+ LPA,13,1,3,1,2,1,3,5,1.0,Yes,No,No
HRA242048,Male,Rahul Khan,rahul.khan@hrhub.co.in,rahul.khan,1,Y,80,HRHub Solutions Pvt. Ltd.,Information Technology & Business Services,India,34,26-35,1992-07-29,Single,Bachelor,Human Resources,Tamil Nadu,Chennai,9699984508,Sales,Sales Executive,Travel_Rarely,Work From Office,8.6,6,4,2,3,2020-05-29,58300,6-10 LPA,10,2,3,1,1,1,1,2,2.0,Yes,Yes,No
HRA242049,Female,Ishita Mishra,ishita.mishra@hrhub.co.in,ishita.mishra,1,Y,80,HRHub Solutions Pvt. Ltd.,Information Technology & Business Services,India,39,36-45,1987-07-31,Married,Bachelor,Commerce,Delhi,New Delhi,9929653976,Human Resources,HR Executive,Travel_Rarely,Work From Office,5.0,5,3,1,1,2024-01-03,71400,6-10 LPA,8,0,3,1,1,3,2,1,5.0,No,Yes,No
HRA242050,Male,Harsh Gupta,harsh.gupta@hrhub.co.in,harsh.gupta,1,Y,80,HRHub Solutions Pvt. Ltd.,Information Technology & Business Services,India,55,46-55,1971-08-04,Married,MBA,Marketing,Rajasthan,Jodhpur,9534263015,IT,Network Engineer,Travel_Rarely,Work From Office,25.8,23,0,5,20,2003-03-22,168600,10+ LPA,24,0,3,4,1,2,1,3,6.0,No,No,No
HRA242051,Male,Mohit Chatterjee,mohit.chatterjee@hrhub.co.in,mohit.chatterjee,1,Y,80,HRHub Solutions Pvt. Ltd.,Information Technology & Business Services,India,59,55+,1967-08-05,Single,Diploma,Computer,Kerala,Kozhikode,9793806190,Administration,Facility Coordinator,Travel_Rarely,Work From Office,5.1,3,2,1,3,2023-11-28,65650,6-10 LPA,14,2,3,2,1,2,1,3,0.0,No,No,No
HRA242052,Male,Mohit Mishra,mohit.mishra@hrhub.co.in,mohit.mishra,1,Y,80,HRHub Solutions Pvt. Ltd.,Information Technology & Business Services,India,37,36-45,1989-07-30,Single,Master,Marketing,Telangana,Hyderabad,9305030510,Administration,Facility Coordinator,Travel_Rarely,Work From Office,13.0,2,1,0,0,2016-01-05,103300,10+ LPA,22,0,3,4,2,2,1,3,7.0,No,Yes,Yes
HRA242053,Female,Vidya Chatterjee,vidya.chatterjee@hrhub.co.in,vidya.chatterjee,1,Y,80,HRHub Solutions Pvt. Ltd.,Information Technology & Business Services,India,60,55+,1966-08-05,Single,MBA,Marketing,Rajasthan,Jodhpur,9819025448,Finance,Accountant,Travel_Rarely,Hybrid,35.2,29,7,10,19,1993-10-29,174050,10+ LPA,10,1,1,3,1,4,4,4,2.0,No,No,No
HRA242054,Male,Rahul Banerjee,rahul.banerjee@hrhub.co.in,rahul.banerjee,1,Y,80,HRHub Solutions Pvt. Ltd.,Information Technology & Business Services,India,32,26-35,1994-07-29,Married,PhD,Management,Rajasthan,Udaipur,9817479145,Finance,Financial Analyst,Non-Travel,Hybrid,7.3,1,0,0,0,2021-09-16,88550,10+ LPA,12,2,4,1,1,1,4,3,4.0,No,Yes,No
HRA242055,Female,Sonali Sinha,sonali.sinha@hrhub.co.in,sonali.sinha,1,Y,80,HRHub Solutions Pvt. Ltd.,Information Technology & Business Services,India,58,55+,1968-08-04,Married,Bachelor,Computer Science,Gujarat,Vadodara,9149873555,Finance,Accountant,Travel_Frequently,Work From Office,16.2,4,2,0,1,2012-10-24,144800,10+ LPA,25,1,4,2,1,4,1,3,8.0,No,Yes,Yes
HRA242056,Female,Ananya Verma,ananya.verma@hrhub.co.in,ananya.verma,1,Y,80,HRHub Solutions Pvt. Ltd.,Information Technology & Business Services,India,57,55+,1969-08-04,Single,Diploma,Mechanical,Karnataka,Hubballi,9620284185,Sales,Sales Manager,Travel_Rarely,Work From Office,3.2,3,1,1,1,2025-10-21,106200,10+ LPA,19,1,3,3,1,2,4,4,3.2,No,Yes,No
HRA242057,Female,Khushi Chatterjee,khushi.chatterjee@hrhub.co.in,khushi.chatterjee,1,Y,80,HRHub Solutions Pvt. Ltd.,Information Technology & Business Services,India,23,18-25,2003-07-27,Married,MBA,Human Resources,Telangana,Warangal,9930052338,Human Resources,Talent Acquisition Specialist,Travel_Rarely,Work From Office,1.2,1,0,0,1,2027-10-21,35350,3-6 LPA,22,0,4,3,1,4,4,3,1.2,No,Yes,No
HRA242058,Female,Kavya Banerjee,kavya.banerjee@hrhub.co.in,kavya.banerjee,1,Y,80,HRHub Solutions Pvt. Ltd.,Information Technology & Business Services,India,56,55+,1970-08-04,Married,Master,Marketing,Uttar Pradesh,Noida,9714227244,Marketing,Marketing Executive,Travel_Rarely,Work From Office,13.3,12,3,0,8,2015-09-18,92200,10+ LPA,17,2,4,3,4,4,3,3,3.0,No,No,No
HRA242059,Female,Ananya Verma,ananya.verma@hrhub.co.in,ananya.verma,1,Y,80,HRHub Solutions Pvt. Ltd.,Information Technology & Business Services,India,54,46-55,1972-08-03,Married,Diploma,Computer,Maharashtra,Pune,9141716132,Human Resources,Talent Acquisition Specialist,Non-Travel,Work From Office,19.7,15,1,0,4,2009-04-26,141300,10+ LPA,10,2,3,3,4,3,1,5,6.0,No,Yes,No
HRA242060,Female,Deepika Patel,deepika.patel@hrhub.co.in,deepika.patel,1,Y,80,HRHub Solutions Pvt. Ltd.,Information Technology & Business Services,India,40,36-45,1986-07-31,Married,Diploma,Electrical,Delhi,New Delhi,9916446776,Marketing,Content Strategist,Travel_Rarely,Remote,4.8,3,2,1,1,2024-03-16,39950,3-6 LPA,6,1,3,2,2,2,1,1,4.8,No,Yes,No
HRA242061,Male,Karan Kapoor,karan.kapoor@hrhub.co.in,karan.kapoor,1,Y,80,HRHub Solutions Pvt. Ltd.,Information Technology & Business Services,India,59,55+,1967-08-05,Single,Diploma,Computer,Rajasthan,Jodhpur,9316622458,Operations,Operations Manager,Non-Travel,Hybrid,10.3,8,5,3,7,2018-09-17,177650,10+ LPA,5,2,3,3,1,1,1,4,10.0,No,Yes,No
HRA242062,Female,Nikita Singh,nikita.singh@hrhub.co.in,nikita.singh,1,Y,80,HRHub Solutions Pvt. Ltd.,Information Technology & Business Services,India,49,46-55,1977-08-02,Married,Diploma,Electrical,Uttar Pradesh,Kanpur,9090866005,Operations,Operations Manager,Non-Travel,Remote,10.2,7,6,1,7,2018-10-24,173950,10+ LPA,8,0,2,4,2,2,2,1,0.0,No,Yes,No
HRA242063,Female,Riya Nair,riya.nair@hrhub.co.in,riya.nair,1,Y,80,HRHub Solutions Pvt. Ltd.,Information Technology & Business Services,India,53,46-55,1973-08-03,Married,Diploma,Computer,Telangana,Warangal,9707406817,Human Resources,HR Executive,Travel_Frequently,Work From Office,17.1,10,2,2,5,2011-12-01,178300,10+ LPA,14,0,4,1,1,4,4,5,10.0,No,No,No
HRA242064,Male,Vikas Mishra,vikas.mishra@hrhub.co.in,vikas.mishra,1,Y,80,HRHub Solutions Pvt. Ltd.,Information Technology & Business Services,India,25,18-25,2001-07-27,Married,Bachelor,Finance,West Bengal,Kolkata,9186114516,Sales,Sales Manager,Travel_Rarely,Work From Office,0.5,0,0,0,0,2028-07-03,58600,6-10 LPA,10,1,2,1,3,2,2,1,0.5,No,Yes,No
HRA242065,Male,Gaurav Roy,gaurav.roy@hrhub.co.in,gaurav.roy,1,Y,80,HRHub Solutions Pvt. Ltd.,Information Technology & Business Services,India,43,36-45,1983-08-01,Single,High School,General Education,Tamil Nadu,Coimbatore,9853805794,Administration,Facility Coordinator,Travel_Rarely,Remote,5.0,4,1,1,4,2024-01-03,59300,6-10 LPA,8,0,3,2,4,1,3,4,2.0,No,Yes,No
HRA242066,Female,Pooja Khan,pooja.khan@hrhub.co.in,pooja.khan,1,Y,80,HRHub Solutions Pvt. Ltd.,Information Technology & Business Services,India,34,26-35,1992-07-29,Single,Bachelor,Information Technology,Telangana,Hyderabad,9570346282,Human Resources,HR Business Partner,Travel_Rarely,Work From Office,2.7,2,0,0,0,2026-04-22,43750,3-6 LPA,17,1,2,2,4,4,2,5,2.7,No,Yes,No
HRA242067,Male,Harsh Ghosh,harsh.ghosh@hrhub.co.in,harsh.ghosh,1,Y,80,HRHub Solutions Pvt. Ltd.,Information Technology & Business Services,India,23,18-25,2003-07-27,Single,PhD,Finance,Kerala,Thiruvananthapuram,9267934681,Human Resources,Talent Acquisition Specialist,Non-Travel,Hybrid,1.2,0,0,0,0,2027-10-21,24500,0-3 LPA,22,1,3,4,1,4,3,6,1.0,No,Yes,No
HRA242068,Male,Shubham Joshi,shubham.joshi@hrhub.co.in,shubham.joshi,1,Y,80,HRHub Solutions Pvt. Ltd.,Information Technology & Business Services,India,35,26-35,1991-07-30,Married,Diploma,Civil,Tamil Nadu,Madurai,9249198463,Sales,Sales Manager,Non-Travel,Work From Office,4.5,1,1,0,0,2024-07-04,103000,10+ LPA,12,3,4,1,1,4,4,2,4.5,No,Yes,No
HRA242069,Male,Rohan Saha,rohan.saha@hrhub.co.in,rohan.saha,1,Y,80,HRHub Solutions Pvt. Ltd.,Information Technology & Business Services,India,47,46-55,1979-08-02,Divorced,PhD,Finance,Gujarat,Vadodara,9228736379,Finance,Finance Executive,Travel_Rarely,Work From Office,3.2,3,3,1,1,2025-10-21,48900,3-6 LPA,10,2,3,2,2,4,3,6,3.2,No,No,Yes
HRA242070,Male,Akash Jain,akash.jain@hrhub.co.in,akash.jain,1,Y,80,HRHub Solutions Pvt. Ltd.,Information Technology & Business Services,India,58,55+,1968-08-04,Single,Diploma,Civil,Maharashtra,Mumbai,9135124859,Sales,Business Development Executive,Travel_Frequently,Work From Office,16.9,7,6,3,6,2012-02-12,162200,10+ LPA,5,3,4,3,2,1,4,4,0.0,Yes,No,No
HRA242071,Male,Aarav Khan,aarav.khan@hrhub.co.in,aarav.khan,1,Y,80,HRHub Solutions Pvt. Ltd.,Information Technology & Business Services,India,32,26-35,1994-07-29,Single,PhD,Computer Science,Telangana,Warangal,9393312169,Administration,Office Administrator,Travel_Frequently,Hybrid,7.3,5,1,0,0,2021-09-16,66600,6-10 LPA,21,2,4,4,3,4,1,3,7.0,Yes,No,Yes
HRA242072,Female,Vaishnavi Singh,vaishnavi.singh@hrhub.co.in,vaishnavi.singh,1,Y,80,HRHub Solutions Pvt. Ltd.,Information Technology & Business Services,India,29,26-35,1997-07-28,Married,Master,Human Resources,West Bengal,Kolkata,9906413679,Operations,Operations Manager,Travel_Rarely,Remote,0.5,0,0,0,0,2028-07-03,68850,6-10 LPA,23,2,3,3,2,4,2,2,0.5,No,No,No
HRA242073,Male,Amit Patel,amit.patel@hrhub.co.in,amit.patel,1,Y,80,HRHub Solutions Pvt. Ltd.,Information Technology & Business Services,India,18,18-25,2008-07-25,Single,PhD,Finance,Delhi,New Delhi,9925666317,Operations,Operations Manager,Travel_Rarely,Work From Office,0.0,0,0,0,0,2029-01-01,83700,10+ LPA,18,1,4,3,1,1,4,0,0.0,No,Yes,Yes
HRA242074,Male,Aditya Nair,aditya.nair@hrhub.co.in,aditya.nair,1,Y,80,HRHub Solutions Pvt. Ltd.,Information Technology & Business Services,India,52,46-55,1974-08-03,Single,High School,General Education,Telangana,Warangal,9335672243,Marketing,Marketing Executive,Travel_Frequently,Remote,17.9,8,0,4,1,2011-02-12,131850,10+ LPA,17,0,3,3,3,2,1,4,9.0,No,Yes,Yes
HRA242075,Female,Megha Jain,megha.jain@hrhub.co.in,megha.jain,1,Y,80,HRHub Solutions Pvt. Ltd.,Information Technology & Business Services,India,20,18-25,2006-07-26,Single,Master,Marketing,Telangana,Warangal,9000735900,IT,System Administrator,Travel_Rarely,Work From Office,0.0,0,0,0,0,2029-01-01,46450,3-6 LPA,9,3,3,2,1,4,2,3,0.0,Yes,No,No
HRA242076,Female,Nikita Kumar,nikita.kumar@hrhub.co.in,nikita.kumar,1,Y,80,HRHub Solutions Pvt. Ltd.,Information Technology & Business Services,India,28,26-35,1998-07-28,Married,MBA,Finance,Tamil Nadu,Chennai,9678206175,IT,Network Engineer,Travel_Rarely,Work From Office,5.4,5,1,1,3,2023-08-10,63850,6-10 LPA,9,2,2,2,3,3,3,1,5.4,No,No,No
HRA242077,Female,Deepika Ghosh,deepika.ghosh@hrhub.co.in,deepika.ghosh,1,Y,80,HRHub Solutions Pvt. Ltd.,Information Technology & Business Services,India,57,55+,1969-08-04,Single,Master,Human Resources,West Bengal,Howrah,9797588706,Human Resources,HR Business Partner,Travel_Frequently,Hybrid,8.4,0,0,0,0,2020-08-10,77150,6-10 LPA,15,2,4,4,4,4,4,0,1.0,No,No,No
HRA242078,Male,Sandeep Rao,sandeep.rao@hrhub.co.in,sandeep.rao,1,Y,80,HRHub Solutions Pvt. Ltd.,Information Technology & Business Services,India,27,26-35,1999-07-28,Single,MBA,Marketing,Kerala,Thiruvananthapuram,9216576889,Marketing,Content Strategist,Travel_Frequently,Hybrid,4.1,1,1,0,1,2024-11-27,48600,3-6 LPA,8,1,3,1,3,4,1,2,3.0,No,No,No
HRA242079,Female,Megha Jain,megha.jain@hrhub.co.in,megha.jain,1,Y,80,HRHub Solutions Pvt. Ltd.,Information Technology & Business Services,India,34,26-35,1992-07-29,Married,High School,General Education,Kerala,Thiruvananthapuram,9005402520,Human Resources,HR Business Partner,Travel_Rarely,Work From Office,8.6,8,1,3,3,2020-05-29,64350,6-10 LPA,19,1,4,4,4,1,4,6,8.0,No,No,No
HRA242080,Female,Sonali Gupta,sonali.gupta@hrhub.co.in,sonali.gupta,1,Y,80,HRHub Solutions Pvt. Ltd.,Information Technology & Business Services,India,57,55+,1969-08-04,Married,PhD,Management,Tamil Nadu,Coimbatore,9772433544,Marketing,Digital Marketing Specialist,Non-Travel,Hybrid,8.3,0,0,0,0,2020-09-16,61500,6-10 LPA,20,1,3,2,3,2,4,0,3.0,No,No,No
HRA242081,Male,Manish Roy,manish.roy@hrhub.co.in,manish.roy,1,Y,80,HRHub Solutions Pvt. Ltd.,Information Technology & Business Services,India,49,46-55,1977-08-02,Married,MBA,Marketing,Kerala,Kozhikode,9427557184,Sales,Business Development Executive,Travel_Rarely,Work From Office,25.5,19,19,2,10,2003-07-10,164350,10+ LPA,12,2,3,4,3,3,1,5,3.0,No,Yes,No
HRA242082,Male,Pranav Shah,pranav.shah@hrhub.co.in,pranav.shah,1,Y,80,HRHub Solutions Pvt. Ltd.,Information Technology & Business Services,India,29,26-35,1997-07-28,Married,High School,General Education,Uttar Pradesh,Noida,9305463999,Marketing,Content Strategist,Travel_Frequently,Work From Office,4.7,0,0,0,0,2024-04-22,43250,3-6 LPA,20,3,3,1,1,1,3,1,1.0,No,No,No
HRA242083,Male,Ankit Banerjee,ankit.banerjee@hrhub.co.in,ankit.banerjee,1,Y,80,HRHub Solutions Pvt. Ltd.,Information Technology & Business Services,India,18,18-25,2008-07-25,Married,High School,General Education,Uttar Pradesh,Kanpur,9597026353,IT,Software Engineer,Travel_Rarely,Work From Office,0.0,0,0,0,0,2029-01-01,42850,3-6 LPA,9,2,3,4,3,1,4,1,0.0,No,Yes,No
HRA242084,Male,Pranav Ghosh,pranav.ghosh@hrhub.co.in,pranav.ghosh,1,Y,80,HRHub Solutions Pvt. Ltd.,Information Technology & Business Services,India,38,36-45,1988-07-30,Single,Bachelor,Business Administration,Maharashtra,Nagpur,9824169951,Sales,Sales Manager,Travel_Rarely,Work From Office,11.8,4,2,1,2,2017-03-18,145950,10+ LPA,22,2,2,4,3,1,1,4,4.0,Yes,No,No
HRA242085,Female,Ishita Rao,ishita.rao@hrhub.co.in,ishita.rao,1,Y,80,HRHub Solutions Pvt. Ltd.,Information Technology & Business Services,India,29,26-35,1997-07-28,Single,Master,Marketing,Gujarat,Ahmedabad,9209007197,Marketing,Marketing Executive,Non-Travel,Work From Office,1.0,1,0,0,1,2028-01-02,26650,3-6 LPA,23,0,2,3,1,4,2,3,1.0,No,Yes,No
HRA242086,Female,Aditi Khan,aditi.khan@hrhub.co.in,aditi.khan,1,Y,80,HRHub Solutions Pvt. Ltd.,Information Technology & Business Services,India,58,55+,1968-08-04,Single,Bachelor,Human Resources,Tamil Nadu,Coimbatore,9537313322,Sales,Business Development Executive,Travel_Frequently,Work From Office,5.8,4,3,2,3,2023-03-17,84000,10+ LPA,25,1,3,4,3,3,4,5,0.0,No,No,No
HRA242087,Female,Riya Mishra,riya.mishra@hrhub.co.in,riya.mishra,1,Y,80,HRHub Solutions Pvt. Ltd.,Information Technology & Business Services,India,26,26-35,2000-07-27,Married,PhD,Management,Karnataka,Mysuru,9811127710,IT,Software Engineer,Travel_Rarely,Work From Office,3.7,0,0,0,0,2025-04-22,55300,6-10 LPA,7,0,3,4,1,2,1,4,3.7,No,Yes,Yes
HRA242088,Female,Tanvi Kapoor,tanvi.kapoor@hrhub.co.in,tanvi.kapoor,1,Y,80,HRHub Solutions Pvt. Ltd.,Information Technology & Business Services,India,31,26-35,1995-07-29,Married,Bachelor,Finance,Gujarat,Ahmedabad,9870797748,Sales,Sales Manager,Travel_Rarely,Hybrid,9.5,1,1,0,1,2019-07-06,120250,10+ LPA,23,1,3,3,4,2,4,3,6.0,No,Yes,No
HRA242089,Male,Vivek Patel,vivek.patel@hrhub.co.in,vivek.patel,1,Y,80,HRHub Solutions Pvt. Ltd.,Information Technology & Business Services,India,32,26-35,1994-07-29,Single,Master,Business Administration,Delhi,New Delhi,9512799485,Operations,Operations Manager,Travel_Rarely,Remote,1.6,1,1,0,0,2027-05-28,69750,6-10 LPA,16,1,3,1,3,2,1,4,1.6,No,Yes,No
HRA242090,Female,Ishita Gupta,ishita.gupta@hrhub.co.in,ishita.gupta,1,Y,80,HRHub Solutions Pvt. Ltd.,Information Technology & Business Services,India,51,46-55,1975-08-03,Married,Diploma,Mechanical,Karnataka,Bengaluru,9556915344,Human Resources,HR Business Partner,Travel_Rarely,Hybrid,7.3,3,3,0,0,2021-09-16,62200,6-10 LPA,10,1,3,2,3,1,2,2,0.0,No,No,No
HRA242091,Male,Nikhil Saha,nikhil.saha@hrhub.co.in,nikhil.saha,1,Y,80,HRHub Solutions Pvt. Ltd.,Information Technology & Business Services,India,30,26-35,1996-07-28,Married,Diploma,Electrical,Maharashtra,Pune,9067200078,Administration,Administrative Executive,Travel_Frequently,Work From Office,6.0,5,0,2,4,2023-01-03,71300,6-10 LPA,14,1,3,2,3,2,1,1,2.0,No,No,No
HRA242092,Male,Gaurav Mehta,gaurav.mehta@hrhub.co.in,gaurav.mehta,1,Y,80,HRHub Solutions Pvt. Ltd.,Information Technology & Business Services,India,38,36-45,1988-07-30,Married,MBA,Marketing,Telangana,Warangal,9299470313,Finance,Finance Executive,Non-Travel,Remote,10.8,9,2,2,0,2018-03-18,129850,10+ LPA,21,2,3,3,2,1,4,2,9.0,Yes,No,No
HRA242093,Female,Aditi Kapoor,aditi.kapoor@hrhub.co.in,aditi.kapoor,1,Y,80,HRHub Solutions Pvt. Ltd.,Information Technology & Business Services,India,56,55+,1970-08-04,Married,Diploma,Civil,Karnataka,Hubballi,9869866763,Human Resources,HR Business Partner,Travel_Rarely,Work From Office,23.6,10,7,2,1,2005-06-02,169700,10+ LPA,14,3,3,4,1,2,1,2,9.0,Yes,No,No
HRA242094,Female,Vidya Das,vidya.das@hrhub.co.in,vidya.das,1,Y,80,HRHub Solutions Pvt. Ltd.,Information Technology & Business Services,India,57,55+,1969-08-04,Married,Master,Finance,Telangana,Warangal,9727229264,Marketing,Content Strategist,Non-Travel,Hybrid,7.7,5,5,0,3,2021-04-23,68700,6-10 LPA,25,0,3,1,1,1,2,5,3.0,No,Yes,No
HRA242095,Male,Vikas Joshi,vikas.joshi@hrhub.co.in,vikas.joshi,1,Y,80,HRHub Solutions Pvt. Ltd.,Information Technology & Business Services,India,50,46-55,1976-08-02,Single,High School,General Education,Karnataka,Bengaluru,9878704485,Human Resources,Talent Acquisition Specialist,Travel_Frequently,Hybrid,24.0,7,3,3,4,2005-01-07,151800,10+ LPA,24,0,3,2,1,2,1,2,8.0,No,No,No
HRA242096,Male,Gaurav Das,gaurav.das@hrhub.co.in,gaurav.das,1,Y,80,HRHub Solutions Pvt. Ltd.,Information Technology & Business Services,India,56,55+,1970-08-04,Single,Diploma,Mechanical,Karnataka,Mysuru,9924701598,Administration,Facility Coordinator,Non-Travel,Remote,6.5,2,2,1,1,2022-07-05,67100,6-10 LPA,24,2,2,4,4,2,4,0,3.0,Yes,No,No
HRA242097,Female,Pooja Mukherjee,pooja.mukherjee@hrhub.co.in,pooja.mukherjee,1,Y,80,HRHub Solutions Pvt. Ltd.,Information Technology & Business Services,India,54,46-55,1972-08-03,Married,PhD,Computer Science,West Bengal,Howrah,9759988229,IT,Software Engineer,Non-Travel,Remote,24.4,16,14,7,12,2004-08-14,167450,10+ LPA,15,2,3,4,2,1,1,2,8.0,No,No,No
HRA242098,Male,Harsh Gupta,harsh.gupta@hrhub.co.in,harsh.gupta,1,Y,80,HRHub Solutions Pvt. Ltd.,Information Technology & Business Services,India,56,55+,1970-08-04,Married,Diploma,Civil,Kerala,Thiruvananthapuram,9109083777,Human Resources,HR Business Partner,Non-Travel,Work From Office,21.7,7,6,1,3,2007-04-27,126000,10+ LPA,23,1,3,2,2,4,1,6,0.0,No,No,No
HRA242099,Female,Swati Kumar,swati.kumar@hrhub.co.in,swati.kumar,1,Y,80,HRHub Solutions Pvt. Ltd.,Information Technology & Business Services,India,60,55+,1966-08-05,Single,Master,Finance,Rajasthan,Jodhpur,9993082764,Sales,Business Development Executive,Travel_Rarely,Remote,19.4,16,2,5,14,2009-08-14,172100,10+ LPA,23,1,2,3,2,1,2,3,9.0,Yes,Yes,No
HRA242100,Female,Anusha Das,anusha.das@hrhub.co.in,anusha.das,1,Y,80,HRHub Solutions Pvt. Ltd.,Information Technology & Business Services,India,38,36-45,1988-07-30,Single,Diploma,Mechanical,Telangana,Warangal,9086189078,IT,Network Engineer,Travel_Rarely,Remote,9.2,8,8,3,6,2019-10-24,63600,6-10 LPA,13,2,3,3,3,3,1,0,7.0,No,No,No
HRA242101,Female,Tanvi Reddy,tanvi.reddy@hrhub.co.in,tanvi.reddy,1,Y,80,HRHub Solutions Pvt. Ltd.,Information Technology & Business Services,India,55,46-55,1971-08-04,Married,PhD,Computer Science,Telangana,Warangal,9287887464,Sales,Sales Executive,Travel_Frequently,Work From Office,33.9,31,5,8,0,1995-02-16,148400,10+ LPA,20,3,3,4,4,1,4,0,5.0,Yes,No,No
HRA242102,Male,Manish Roy,manish.roy@hrhub.co.in,manish.roy,1,Y,80,HRHub Solutions Pvt. Ltd.,Information Technology & Business Services,India,35,26-35,1991-07-30,Married,Master,Human Resources,Telangana,Hyderabad,9552875287,Marketing,Digital Marketing Specialist,Travel_Rarely,Work From Office,2.1,1,1,0,1,2026-11-27,45050,3-6 LPA,20,0,4,2,4,1,3,0,2.1,Yes,No,No
HRA242103,Male,Amit Joshi,amit.joshi@hrhub.co.in,amit.joshi,1,Y,80,HRHub Solutions Pvt. Ltd.,Information Technology & Business Services,India,49,46-55,1977-08-02,Single,Bachelor,Information Technology,Tamil Nadu,Madurai,9931780013,Finance,Finance Executive,Travel_Rarely,Work From Office,22.3,0,0,0,0,2006-09-20,149600,10+ LPA,22,0,2,1,4,2,1,1,9.0,Yes,No,No
HRA242104,Female,Sneha Sinha,sneha.sinha@hrhub.co.in,sneha.sinha,1,Y,80,HRHub Solutions Pvt. Ltd.,Information Technology & Business Services,India,44,36-45,1982-08-01,Single,Bachelor,Commerce,Maharashtra,Mumbai,9895207812,IT,System Administrator,Travel_Rarely,Hybrid,22.7,15,1,5,3,2006-04-27,171650,10+ LPA,7,2,3,2,2,1,2,3,2.0,No,No,No
HRA242105,Male,Aditya Sen,aditya.sen@hrhub.co.in,aditya.sen,1,Y,80,HRHub Solutions Pvt. Ltd.,Information Technology & Business Services,India,19,18-25,2007-07-26,Married,Bachelor,Computer Science,Rajasthan,Udaipur,9903320237,Marketing,Digital Marketing Specialist,Travel_Rarely,Work From Office,0.0,0,0,0,0,2029-01-01,34300,3-6 LPA,13,2,3,3,3,1,1,3,0.0,No,Yes,Yes
HRA242106,Female,Ananya Joshi,ananya.joshi@hrhub.co.in,ananya.joshi,1,Y,80,HRHub Solutions Pvt. Ltd.,Information Technology & Business Services,India,46,46-55,1980-08-01,Married,Bachelor,Business Administration,Karnataka,Bengaluru,9750920686,Administration,Administrative Executive,Travel_Rarely,Work From Office,22.5,20,12,2,0,2006-07-09,123800,10+ LPA,23,0,4,2,4,4,1,1,7.0,No,No,No
HRA242107,Female,Sneha Bose,sneha.bose@hrhub.co.in,sneha.bose,1,Y,80,HRHub Solutions Pvt. Ltd.,Information Technology & Business Services,India,51,46-55,1975-08-03,Married,Diploma,Computer,Gujarat,Surat,9183844637,Sales,Sales Manager,Travel_Rarely,Work From Office,25.9,12,3,4,1,2003-02-14,163600,10+ LPA,13,2,3,3,2,1,3,3,10.0,No,No,No
HRA242108,Male,Arjun Kapoor,arjun.kapoor@hrhub.co.in,arjun.kapoor,1,Y,80,HRHub Solutions Pvt. Ltd.,Information Technology & Business Services,India,26,26-35,2000-07-27,Married,PhD,Finance,Tamil Nadu,Madurai,9876964768,Finance,Financial Analyst,Travel_Rarely,Work From Office,4.5,2,0,1,0,2024-07-04,44950,3-6 LPA,18,3,3,3,2,3,2,4,4.5,No,Yes,Yes
HRA242109,Female,Ananya Joshi,ananya.joshi@hrhub.co.in,ananya.joshi,1,Y,80,HRHub Solutions Pvt. Ltd.,Information Technology & Business Services,India,31,26-35,1995-07-29,Married,MBA,Human Resources,West Bengal,Kolkata,9760497836,Finance,Financial Analyst,Travel_Rarely,Work From Office,8.9,5,5,0,3,2020-02-10,68850,6-10 LPA,8,1,3,2,3,1,3,2,2.0,No,Yes,No
HRA242110,Male,Sandeep Nair,sandeep.nair@hrhub.co.in,sandeep.nair,1,Y,80,HRHub Solutions Pvt. Ltd.,Information Technology & Business Services,India,28,26-35,1998-07-28,Divorced,Bachelor,Commerce,West Bengal,Durgapur,9906069725,Marketing,Marketing Executive,Non-Travel,Work From Office,5.7,0,0,0,0,2023-04-23,58350,6-10 LPA,6,0,3,1,2,1,1,6,3.0,No,No,No
HRA242111,Female,Nikita Khan,nikita.khan@hrhub.co.in,nikita.khan,1,Y,80,HRHub Solutions Pvt. Ltd.,Information Technology & Business Services,India,35,26-35,1991-07-30,Single,Master,Business Administration,Gujarat,Surat,9565759649,Human Resources,Talent Acquisition Specialist,Non-Travel,Work From Office,7.5,3,3,0,3,2021-07-05,82100,6-10 LPA,11,3,3,3,4,2,3,1,7.0,No,Yes,No
HRA242112,Female,Swati Agarwal,swati.agarwal@hrhub.co.in,swati.agarwal,1,Y,80,HRHub Solutions Pvt. Ltd.,Information Technology & Business Services,India,57,55+,1969-08-04,Married,MBA,Marketing,Telangana,Hyderabad,9754345397,Finance,Financial Analyst,Travel_Rarely,Hybrid,31.5,23,17,8,7,1997-07-11,146450,10+ LPA,19,1,3,3,4,4,1,6,4.0,No,Yes,No
HRA242113,Female,Vaishnavi Sen,vaishnavi.sen@hrhub.co.in,vaishnavi.sen,1,Y,80,HRHub Solutions Pvt. Ltd.,Information Technology & Business Services,India,32,26-35,1994-07-29,Married,Bachelor,Computer Science,Telangana,Hyderabad,9820908924,Sales,Sales Executive,Travel_Rarely,Work From Office,10.6,10,1,0,7,2018-05-30,101950,10+ LPA,20,0,3,2,2,2,1,6,8.0,Yes,Yes,No
HRA242114,Male,Sandeep Saha,sandeep.saha@hrhub.co.in,sandeep.saha,1,Y,80,HRHub Solutions Pvt. Ltd.,Information Technology & Business Services,India,55,46-55,1971-08-04,Single,PhD,Finance,Maharashtra,Pune,9366427742,Administration,Administrative Executive,Travel_Frequently,Hybrid,19.7,10,7,1,1,2009-04-26,170850,10+ LPA,17,0,2,1,2,1,1,4,10.0,No,Yes,No
HRA242115,Male,Shubham Gupta,shubham.gupta@hrhub.co.in,shubham.gupta,1,Y,80,HRHub Solutions Pvt. Ltd.,Information Technology & Business Services,India,44,36-45,1982-08-01,Married,High School,General Education,Kerala,Thiruvananthapuram,9425983942,IT,Network Engineer,Non-Travel,Work From Office,16.2,10,4,0,6,2012-10-24,161300,10+ LPA,13,3,3,3,3,3,4,2,1.0,No,No,No
HRA242116,Female,Megha Patel,megha.patel@hrhub.co.in,megha.patel,1,Y,80,HRHub Solutions Pvt. Ltd.,Information Technology & Business Services,India,40,36-45,1986-07-31,Married,Diploma,Electrical,Tamil Nadu,Coimbatore,9125779119,Operations,Supply Chain Coordinator,Travel_Frequently,Work From Office,0.4,0,0,0,0,2028-08-08,34550,3-6 LPA,23,3,4,1,4,3,1,4,0.4,No,No,No
HRA242117,Female,Tanvi Roy,tanvi.roy@hrhub.co.in,tanvi.roy,1,Y,80,HRHub Solutions Pvt. Ltd.,Information Technology & Business Services,India,37,36-45,1989-07-30,Single,High School,General Education,Gujarat,Ahmedabad,9731824383,Operations,Operations Manager,Travel_Rarely,Work From Office,1.5,1,1,0,1,2027-07-04,87850,10+ LPA,18,1,3,2,1,2,4,2,1.5,No,No,No
HRA242118,Male,Arjun Singh,arjun.singh@hrhub.co.in,arjun.singh,1,Y,80,HRHub Solutions Pvt. Ltd.,Information Technology & Business Services,India,37,36-45,1989-07-30,Single,High School,General Education,Uttar Pradesh,Lucknow,9487292761,Marketing,Content Strategist,Travel_Rarely,Hybrid,5.1,4,4,2,3,2023-11-28,64200,6-10 LPA,10,1,2,2,4,4,3,3,5.1,No,No,No
HRA242119,Male,Amit Mehta,amit.mehta@hrhub.co.in,amit.mehta,1,Y,80,HRHub Solutions Pvt. Ltd.,Information Technology & Business Services,India,31,26-35,1995-07-29,Married,High School,General Education,Maharashtra,Mumbai,9278410467,Operations,Supply Chain Coordinator,Travel_Frequently,Remote,3.7,1,0,0,1,2025-04-22,41050,3-6 LPA,7,1,2,4,3,2,1,6,3.7,No,No,Yes
HRA242120,Male,Shubham Mehta,shubham.mehta@hrhub.co.in,shubham.mehta,1,Y,80,HRHub Solutions Pvt. Ltd.,Information Technology & Business Services,India,34,26-35,1992-07-29,Married,Master,Marketing,Tamil Nadu,Coimbatore,9731171251,Operations,Supply Chain Coordinator,Travel_Rarely,Work From Office,7.7,7,6,0,6,2021-04-23,58900,6-10 LPA,12,0,2,4,2,1,4,3,7.0,Yes,No,No
HRA242121,Male,Sumit Bose,sumit.bose@hrhub.co.in,sumit.bose,1,Y,80,HRHub Solutions Pvt. Ltd.,Information Technology & Business Services,India,22,18-25,2004-07-26,Single,High School,General Education,Rajasthan,Jaipur,9944238967,Administration,Administrative Executive,Travel_Rarely,Remote,0.3,0,0,0,0,2028-09-14,24300,0-3 LPA,6,3,3,1,1,1,4,1,0.3,No,No,No
HRA242122,Male,Arjun Joshi,arjun.joshi@hrhub.co.in,arjun.joshi,1,Y,80,HRHub Solutions Pvt. Ltd.,Information Technology & Business Services,India,39,36-45,1987-07-31,Divorced,PhD,Finance,Telangana,Hyderabad,9862879563,Sales,Sales Executive,Travel_Frequently,Work From Office,0.2,0,0,0,0,2028-10-20,30650,3-6 LPA,9,1,3,1,1,3,3,0,0.2,No,No,No
HRA242123,Female,Divya Agarwal,divya.agarwal@hrhub.co.in,divya.agarwal,1,Y,80,HRHub Solutions Pvt. Ltd.,Information Technology & Business Services,India,45,36-45,1981-08-01,Single,Bachelor,Human Resources,West Bengal,Howrah,9174446368,Operations,Supply Chain Coordinator,Non-Travel,Work From Office,7.5,2,1,1,2,2021-07-05,83250,6-10 LPA,23,2,3,2,2,3,2,1,5.0,No,Yes,No
HRA242124,Female,Anjali Nair,anjali.nair@hrhub.co.in,anjali.nair,1,Y,80,HRHub Solutions Pvt. Ltd.,Information Technology & Business Services,India,52,46-55,1974-08-03,Married,High School,General Education,Gujarat,Vadodara,9249043947,Marketing,Content Strategist,Non-Travel,Work From Office,29.1,17,12,8,9,1999-12-04,150050,10+ LPA,21,3,3,2,1,1,3,6,8.0,No,Yes,Yes
HRA242125,Male,Varun Das,varun.das@hrhub.co.in,varun.das,1,Y,80,HRHub Solutions Pvt. Ltd.,Information Technology & Business Services,India,54,46-55,1972-08-03,Single,PhD,Management,West Bengal,Kolkata,9378703139,Operations,Supply Chain Coordinator,Travel_Rarely,Work From Office,27.4,7,4,1,5,2001-08-15,168900,10+ LPA,22,0,3,3,3,4,3,0,8.0,No,No,No
HRA242126,Male,Aditya Patel,aditya.patel@hrhub.co.in,aditya.patel,1,Y,80,HRHub Solutions Pvt. Ltd.,Information Technology & Business Services,India,60,55+,1966-08-05,Single,MBA,Finance,Kerala,Kochi,9226880848,Human Resources,HR Executive,Non-Travel,Remote,0.9,0,0,0,0,2028-02-08,26650,3-6 LPA,21,1,3,2,3,4,4,5,0.9,No,Yes,No
HRA242127,Male,Sahil Khan,sahil.khan@hrhub.co.in,sahil.khan,1,Y,80,HRHub Solutions Pvt. Ltd.,Information Technology & Business Services,India,53,46-55,1973-08-03,Married,Master,Marketing,Telangana,Warangal,9641367726,Operations,Supply Chain Coordinator,Non-Travel,Remote,18.2,7,7,1,4,2010-10-25,127750,10+ LPA,15,2,3,4,2,4,4,4,1.0,No,No,No
HRA242128,Female,Kavya Ghosh,kavya.ghosh@hrhub.co.in,kavya.ghosh,1,Y,80,HRHub Solutions Pvt. Ltd.,Information Technology & Business Services,India,53,46-55,1973-08-03,Married,MBA,Marketing,Uttar Pradesh,Kanpur,9785455092,Finance,Accountant,Travel_Rarely,Work From Office,7.8,0,0,0,0,2021-03-17,90200,10+ LPA,14,1,4,1,1,3,2,5,5.0,No,No,No
HRA242129,Male,Varun Mishra,varun.mishra@hrhub.co.in,varun.mishra,1,Y,80,HRHub Solutions Pvt. Ltd.,Information Technology & Business Services,India,59,55+,1967-08-05,Married,MBA,Marketing,West Bengal,Durgapur,9628858534,Marketing,Content Strategist,Travel_Rarely,Work From Office,10.5,3,2,0,3,2018-07-06,112750,10+ LPA,25,0,3,4,3,1,1,4,1.0,No,No,No
HRA242130,Female,Anusha Khan,anusha.khan@hrhub.co.in,anusha.khan,1,Y,80,HRHub Solutions Pvt. Ltd.,Information Technology & Business Services,India,60,55+,1966-08-05,Single,PhD,Management,Karnataka,Hubballi,9439972935,IT,Network Engineer,Travel_Rarely,Remote,1.7,1,0,0,0,2027-04-22,42600,3-6 LPA,23,0,3,3,4,2,2,1,1.7,No,No,No
HRA242131,Female,Ananya Kapoor,ananya.kapoor@hrhub.co.in,ananya.kapoor,1,Y,80,HRHub Solutions Pvt. Ltd.,Information Technology & Business Services,India,21,18-25,2005-07-26,Married,High School,General Education,Kerala,Kozhikode,9821777695,IT,System Administrator,Travel_Frequently,Work From Office,0.0,0,0,0,0,2029-01-01,32900,3-6 LPA,17,3,1,3,1,3,1,6,0.0,No,No,No
HRA242132,Male,Harsh Roy,harsh.roy@hrhub.co.in,harsh.roy,1,Y,80,HRHub Solutions Pvt. Ltd.,Information Technology & Business Services,India,19,18-25,2007-07-26,Married,PhD,Computer Science,Gujarat,Surat,9251897149,IT,Network Engineer,Travel_Frequently,Work From Office,0.0,0,0,0,0,2029-01-01,35050,3-6 LPA,7,0,3,1,1,4,3,3,0.0,Yes,Yes,No
HRA242133,Male,Harsh Reddy,harsh.reddy@hrhub.co.in,harsh.reddy,1,Y,80,HRHub Solutions Pvt. Ltd.,Information Technology & Business Services,India,52,46-55,1974-08-03,Married,Diploma,Mechanical,Rajasthan,Udaipur,9827934656,Human Resources,HR Executive,Travel_Rarely,Work From Office,12.6,3,1,1,1,2016-05-30,86750,10+ LPA,15,3,3,3,1,2,4,0,3.0,Yes,No,No
HRA242134,Male,Deepak Rao,deepak.rao@hrhub.co.in,deepak.rao,1,Y,80,HRHub Solutions Pvt. Ltd.,Information Technology & Business Services,India,54,46-55,1972-08-03,Single,Diploma,Mechanical,Maharashtra,Pune,9940324890,Administration,Administrative Executive,Travel_Rarely,Work From Office,11.4,6,0,1,0,2017-08-11,110750,10+ LPA,11,1,2,1,4,3,1,3,5.0,No,No,Yes
HRA242135,Female,Riya Gupta,riya.gupta@hrhub.co.in,riya.gupta,1,Y,80,HRHub Solutions Pvt. Ltd.,Information Technology & Business Services,India,26,26-35,2000-07-27,Single,Master,Computer Science,Gujarat,Surat,9841130233,Finance,Finance Executive,Travel_Rarely,Work From Office,4.7,3,0,0,0,2024-04-22,50800,6-10 LPA,8,1,4,1,1,4,1,2,4.7,No,No,No
HRA242136,Female,Sonali Ghosh,sonali.ghosh@hrhub.co.in,sonali.ghosh,1,Y,80,HRHub Solutions Pvt. Ltd.,Information Technology & Business Services,India,47,46-55,1979-08-02,Single,Master,Finance,Karnataka,Bengaluru,9095503490,Finance,Finance Executive,Travel_Rarely,Work From Office,10.7,3,3,0,3,2018-04-24,95400,10+ LPA,7,1,2,3,1,4,4,2,0.0,No,Yes,No
HRA242137,Male,Ayush Mishra,ayush.mishra@hrhub.co.in,ayush.mishra,1,Y,80,HRHub Solutions Pvt. Ltd.,Information Technology & Business Services,India,48,46-55,1978-08-02,Married,PhD,Management,West Bengal,Durgapur,9743511319,Administration,Facility Coordinator,Travel_Rarely,Work From Office,0.0,0,0,0,0,2029-01-01,26850,3-6 LPA,8,3,3,2,4,2,4,5,0.0,No,No,No
HRA242138,Male,Aarav Sharma,aarav.sharma@hrhub.co.in,aarav.sharma,1,Y,80,HRHub Solutions Pvt. Ltd.,Information Technology & Business Services,India,23,18-25,2003-07-27,Divorced,MBA,Marketing,Rajasthan,Jaipur,9089066065,Sales,Sales Manager,Travel_Frequently,Work From Office,1.6,0,0,0,0,2027-05-28,75150,6-10 LPA,25,0,2,1,2,3,1,0,1.6,No,No,No
HRA242139,Female,Pooja Nair,pooja.nair@hrhub.co.in,pooja.nair,1,Y,80,HRHub Solutions Pvt. Ltd.,Information Technology & Business Services,India,54,46-55,1972-08-03,Single,Bachelor,Computer Science,Telangana,Hyderabad,9789525276,Marketing,Digital Marketing Specialist,Travel_Rarely,Work From Office,0.6,0,0,0,0,2028-05-27,26150,3-6 LPA,20,1,3,3,1,3,1,0,0.6,Yes,No,No
HRA242140,Male,Varun Jain,varun.jain@hrhub.co.in,varun.jain,1,Y,80,HRHub Solutions Pvt. Ltd.,Information Technology & Business Services,India,31,26-35,1995-07-29,Single,PhD,Finance,Karnataka,Hubballi,9768735035,Sales,Business Development Executive,Non-Travel,Work From Office,2.0,1,1,0,1,2027-01-02,50050,6-10 LPA,6,2,3,4,3,2,2,2,2.0,No,No,No
HRA242141,Male,Sahil Banerjee,sahil.banerjee@hrhub.co.in,sahil.banerjee,1,Y,80,HRHub Solutions Pvt. Ltd.,Information Technology & Business Services,India,52,46-55,1974-08-03,Married,PhD,Finance,Telangana,Warangal,9901258160,Human Resources,HR Business Partner,Travel_Frequently,Hybrid,11.5,4,3,1,2,2017-07-06,118150,10+ LPA,17,3,4,4,4,3,2,2,9.0,No,Yes,No
HRA242142,Male,Gaurav Roy,gaurav.roy@hrhub.co.in,gaurav.roy,1,Y,80,HRHub Solutions Pvt. Ltd.,Information Technology & Business Services,India,21,18-25,2005-07-26,Single,Diploma,Civil,Kerala,Kochi,9502280964,Administration,Facility Coordinator,Travel_Rarely,Work From Office,0.0,0,0,0,0,2029-01-01,23750,0-3 LPA,14,1,1,1,1,1,3,4,0.0,Yes,Yes,No
HRA242143,Male,Gaurav Rao,gaurav.rao@hrhub.co.in,gaurav.rao,1,Y,80,HRHub Solutions Pvt. Ltd.,Information Technology & Business Services,India,59,55+,1967-08-05,Married,Bachelor,Finance,Rajasthan,Jaipur,9169792230,Sales,Sales Manager,Travel_Rarely,Hybrid,12.9,8,2,1,8,2016-02-11,142550,10+ LPA,14,1,1,2,2,4,2,1,1.0,No,No,No
HRA242144,Female,Ananya Mishra,ananya.mishra@hrhub.co.in,ananya.mishra,1,Y,80,HRHub Solutions Pvt. Ltd.,Information Technology & Business Services,India,55,46-55,1971-08-04,Married,MBA,Marketing,Gujarat,Ahmedabad,9007868720,Finance,Accountant,Non-Travel,Work From Office,28.2,21,11,10,10,2000-10-27,185100,10+ LPA,7,1,2,4,4,2,4,1,10.0,Yes,No,No
HRA242145,Male,Karan Agarwal,karan.agarwal@hrhub.co.in,karan.agarwal,1,Y,80,HRHub Solutions Pvt. Ltd.,Information Technology & Business Services,India,49,46-55,1977-08-02,Single,Master,Computer Science,Rajasthan,Jaipur,9984699793,Marketing,Content Strategist,Travel_Frequently,Hybrid,20.0,1,0,0,1,2009-01-06,135100,10+ LPA,9,1,3,4,4,2,4,6,5.0,No,No,No
HRA242146,Female,Vaishnavi Verma,vaishnavi.verma@hrhub.co.in,vaishnavi.verma,1,Y,80,HRHub Solutions Pvt. Ltd.,Information Technology & Business Services,India,27,26-35,1999-07-28,Married,PhD,Management,Karnataka,Mysuru,9586344783,Finance,Financial Analyst,Travel_Frequently,Work From Office,3.6,2,1,0,0,2025-05-28,42050,3-6 LPA,11,3,4,2,4,3,4,3,3.6,No,No,Yes
HRA242147,Female,Khushi Saha,khushi.saha@hrhub.co.in,khushi.saha,1,Y,80,HRHub Solutions Pvt. Ltd.,Information Technology & Business Services,India,58,55+,1968-08-04,Single,MBA,Marketing,Delhi,New Delhi,9364190937,Administration,Office Administrator,Travel_Rarely,Remote,3.1,0,0,0,0,2025-11-27,37800,3-6 LPA,22,2,4,4,4,1,4,4,3.1,No,Yes,No
HRA242148,Male,Pranav Das,pranav.das@hrhub.co.in,pranav.das,1,Y,80,HRHub Solutions Pvt. Ltd.,Information Technology & Business Services,India,26,26-35,2000-07-27,Married,Diploma,Mechanical,Gujarat,Vadodara,9687423281,Finance,Finance Executive,Travel_Rarely,Work From Office,2.5,1,1,0,1,2026-07-04,48100,3-6 LPA,16,1,2,4,3,4,1,6,0.0,No,No,No
HRA242149,Male,Harsh Ghosh,harsh.ghosh@hrhub.co.in,harsh.ghosh,1,Y,80,HRHub Solutions Pvt. Ltd.,Information Technology & Business Services,India,25,18-25,2001-07-27,Married,High School,General Education,Gujarat,Ahmedabad,9094181847,Marketing,Digital Marketing Specialist,Travel_Rarely,Work From Office,0.1,0,0,0,0,2028-11-26,31350,3-6 LPA,16,3,3,2,2,4,3,5,0.1,No,No,No
HRA242150,Female,Vaishnavi Das,vaishnavi.das@hrhub.co.in,vaishnavi.das,1,Y,80,HRHub Solutions Pvt. Ltd.,Information Technology & Business Services,India,25,18-25,2001-07-27,Married,High School,General Education,Tamil Nadu,Chennai,9747999637,IT,Software Engineer,Travel_Frequently,Work From Office,2.3,2,2,0,2,2026-09-15,50350,6-10 LPA,24,0,4,3,4,3,3,1,0.0,No,Yes,No
HRA242151,Female,Ananya Patel,ananya.patel@hrhub.co.in,ananya.patel,1,Y,80,HRHub Solutions Pvt. Ltd.,Information Technology & Business Services,India,46,46-55,1980-08-01,Single,Master,Human Resources,Gujarat,Ahmedabad,9441045242,IT,System Administrator,Travel_Rarely,Work From Office,12.8,5,5,1,2,2016-03-18,110650,10+ LPA,13,3,2,2,4,4,3,6,4.0,Yes,Yes,No
HRA242152,Female,Sonali Kumar,sonali.kumar@hrhub.co.in,sonali.kumar,1,Y,80,HRHub Solutions Pvt. Ltd.,Information Technology & Business Services,India,40,36-45,1986-07-31,Married,Diploma,Electrical,West Bengal,Howrah,9509753242,Human Resources,Talent Acquisition Specialist,Travel_Frequently,Work From Office,5.6,1,0,0,0,2023-05-30,63600,6-10 LPA,20,1,3,2,3,1,2,5,5.6,No,No,No
HRA242153,Female,Nikita Mishra,nikita.mishra@hrhub.co.in,nikita.mishra,1,Y,80,HRHub Solutions Pvt. Ltd.,Information Technology & Business Services,India,46,46-55,1980-08-01,Single,MBA,Finance,Kerala,Thiruvananthapuram,9637328886,Finance,Financial Analyst,Travel_Rarely,Work From Office,0.1,0,0,0,0,2028-11-26,34900,3-6 LPA,14,1,2,1,4,2,3,6,0.1,Yes,No,No
HRA242154,Female,Deepika Saha,deepika.saha@hrhub.co.in,deepika.saha,1,Y,80,HRHub Solutions Pvt. Ltd.,Information Technology & Business Services,India,27,26-35,1999-07-28,Married,Diploma,Civil,Kerala,Kochi,9045981815,Administration,Facility Coordinator,Travel_Rarely,Remote,2.9,2,0,0,1,2026-02-08,44650,3-6 LPA,25,0,3,4,2,3,4,1,2.9,No,No,No
HRA242155,Female,Divya Sinha,divya.sinha@hrhub.co.in,divya.sinha,1,Y,80,HRHub Solutions Pvt. Ltd.,Information Technology & Business Services,India,19,18-25,2007-07-26,Single,Diploma,Mechanical,Gujarat,Vadodara,9910065381,IT,Network Engineer,Travel_Frequently,Work From Office,0.0,0,0,0,0,2029-01-01,30350,3-6 LPA,5,0,3,3,4,1,4,6,0.0,No,No,No
HRA242156,Male,Harsh Das,harsh.das@hrhub.co.in,harsh.das,1,Y,80,HRHub Solutions Pvt. Ltd.,Information Technology & Business Services,India,37,36-45,1989-07-30,Married,MBA,Marketing,Kerala,Thiruvananthapuram,9619677559,Operations,Operations Manager,Travel_Rarely,Work From Office,3.5,0,0,0,0,2025-07-04,89850,10+ LPA,19,2,3,4,1,2,2,3,3.5,No,No,No
HRA242157,Female,Harini Kapoor,harini.kapoor@hrhub.co.in,harini.kapoor,1,Y,80,HRHub Solutions Pvt. Ltd.,Information Technology & Business Services,India,46,46-55,1980-08-01,Single,Master,Marketing,Tamil Nadu,Coimbatore,9169568601,IT,Network Engineer,Travel_Rarely,Work From Office,22.3,15,8,2,3,2006-09-20,153750,10+ LPA,19,1,4,3,2,4,1,4,2.0,No,No,No
HRA242158,Female,Vidya Das,vidya.das@hrhub.co.in,vidya.das,1,Y,80,HRHub Solutions Pvt. Ltd.,Information Technology & Business Services,India,56,55+,1970-08-04,Single,Bachelor,Computer Science,Telangana,Hyderabad,9424214665,Sales,Sales Executive,Non-Travel,Remote,28.3,4,1,2,1,2000-09-21,174550,10+ LPA,18,0,3,4,4,4,1,2,9.0,No,No,No
HRA242159,Female,Kavya Chatterjee,kavya.chatterjee@hrhub.co.in,kavya.chatterjee,1,Y,80,HRHub Solutions Pvt. Ltd.,Information Technology & Business Services,India,47,46-55,1979-08-02,Married,MBA,Human Resources,Maharashtra,Nagpur,9432375231,Marketing,Digital Marketing Specialist,Non-Travel,Work From Office,22.9,19,5,1,1,2006-02-13,155100,10+ LPA,14,1,4,4,3,1,4,0,10.0,No,No,No
HRA242160,Female,Vaishnavi Gupta,vaishnavi.gupta@hrhub.co.in,vaishnavi.gupta,1,Y,80,HRHub Solutions Pvt. Ltd.,Information Technology & Business Services,India,20,18-25,2006-07-26,Single,Diploma,Mechanical,Maharashtra,Pune,9119569580,IT,System Administrator,Travel_Rarely,Work From Office,0.0,0,0,0,0,2029-01-01,38850,3-6 LPA,8,3,3,4,2,1,1,3,0.0,No,No,No
HRA242161,Male,Varun Chatterjee,varun.chatterjee@hrhub.co.in,varun.chatterjee,1,Y,80,HRHub Solutions Pvt. Ltd.,Information Technology & Business Services,India,46,46-55,1980-08-01,Single,High School,General Education,West Bengal,Durgapur,9856307134,IT,Data Analyst,Non-Travel,Work From Office,1.4,0,0,0,0,2027-08-10,40800,3-6 LPA,19,3,4,2,1,3,2,6,1.4,Yes,Yes,No
HRA242162,Female,Nikita Chatterjee,nikita.chatterjee@hrhub.co.in,nikita.chatterjee,1,Y,80,HRHub Solutions Pvt. Ltd.,Information Technology & Business Services,India,23,18-25,2003-07-27,Married,Master,Marketing,Gujarat,Surat,9630448384,IT,Software Engineer,Travel_Rarely,Hybrid,1.7,1,1,0,0,2027-04-22,41250,3-6 LPA,15,3,3,1,2,2,3,1,1.7,Yes,No,No
HRA242163,Female,Pooja Kumar,pooja.kumar@hrhub.co.in,pooja.kumar,1,Y,80,HRHub Solutions Pvt. Ltd.,Information Technology & Business Services,India,53,46-55,1973-08-03,Married,Bachelor,Business Administration,Maharashtra,Nagpur,9405222462,Marketing,Content Strategist,Non-Travel,Hybrid,10.5,6,3,2,1,2018-07-06,103850,10+ LPA,21,3,1,2,4,3,2,6,8.0,No,Yes,Yes
HRA242164,Female,Anusha Reddy,anusha.reddy@hrhub.co.in,anusha.reddy,1,Y,80,HRHub Solutions Pvt. Ltd.,Information Technology & Business Services,India,19,18-25,2007-07-26,Married,MBA,Operations,Kerala,Kozhikode,9140843645,Human Resources,HR Executive,Travel_Rarely,Work From Office,0.0,0,0,0,0,2029-01-01,27350,3-6 LPA,8,1,3,2,1,1,1,5,0.0,Yes,Yes,No
HRA242165,Male,Aditya Bose,aditya.bose@hrhub.co.in,aditya.bose,1,Y,80,HRHub Solutions Pvt. Ltd.,Information Technology & Business Services,India,24,18-25,2002-07-27,Single,MBA,Human Resources,West Bengal,Howrah,9690130393,Finance,Financial Analyst,Travel_Frequently,Work From Office,0.3,0,0,0,0,2028-09-14,36900,3-6 LPA,11,1,3,3,2,4,3,1,0.0,No,No,No
HRA242166,Female,Sonali Das,sonali.das@hrhub.co.in,sonali.das,1,Y,80,HRHub Solutions Pvt. Ltd.,Information Technology & Business Services,India,19,18-25,2007-07-26,Divorced,MBA,Marketing,Uttar Pradesh,Noida,9348134048,Sales,Sales Manager,Non-Travel,Work From Office,0.0,0,0,0,0,2029-01-01,80050,6-10 LPA,17,0,2,3,4,2,1,2,0.0,No,No,No
HRA242167,Male,Karan Sharma,karan.sharma@hrhub.co.in,karan.sharma,1,Y,80,HRHub Solutions Pvt. Ltd.,Information Technology & Business Services,India,58,55+,1968-08-04,Married,High School,General Education,Maharashtra,Pune,9928679500,IT,Data Analyst,Travel_Rarely,Work From Office,13.1,3,0,0,0,2015-11-30,124250,10+ LPA,7,3,3,2,4,1,2,4,1.0,No,No,No
HRA242168,Male,Harsh Kumar,harsh.kumar@hrhub.co.in,harsh.kumar,1,Y,80,HRHub Solutions Pvt. Ltd.,Information Technology & Business Services,India,36,36-45,1990-07-30,Married,MBA,Marketing,Maharashtra,Nagpur,9818467449,Sales,Business Development Executive,Non-Travel,Hybrid,9.1,4,0,0,3,2019-11-29,70400,6-10 LPA,18,0,3,4,1,4,4,5,6.0,No,Yes,No
HRA242169,Female,Nikita Khan,nikita.khan@hrhub.co.in,nikita.khan,1,Y,80,HRHub Solutions Pvt. Ltd.,Information Technology & Business Services,India,55,46-55,1971-08-04,Single,Master,Business Administration,Maharashtra,Pune,9527538363,Human Resources,HR Business Partner,Travel_Rarely,Remote,18.6,12,11,3,12,2010-06-01,170100,10+ LPA,25,3,4,2,4,1,1,0,1.0,No,Yes,Yes
HRA242170,Female,Vaishnavi Agarwal,vaishnavi.agarwal@hrhub.co.in,vaishnavi.agarwal,1,Y,80,HRHub Solutions Pvt. Ltd.,Information Technology & Business Services,India,49,46-55,1977-08-02,Single,Master,Human Resources,Uttar Pradesh,Noida,9483044396,Human Resources,Talent Acquisition Specialist,Travel_Rarely,Work From Office,2.1,2,1,0,1,2026-11-27,49750,3-6 LPA,9,0,3,2,3,3,2,6,2.1,No,No,No
HRA242171,Female,Deepika Rao,deepika.rao@hrhub.co.in,deepika.rao,1,Y,80,HRHub Solutions Pvt. Ltd.,Information Technology & Business Services,India,50,46-55,1976-08-02,Single,Master,Computer Science,Delhi,New Delhi,9750908006,Administration,Office Administrator,Travel_Rarely,Work From Office,5.4,3,2,0,1,2023-08-10,52900,6-10 LPA,11,1,2,3,3,4,1,5,5.4,No,No,No
HRA242172,Female,Tanvi Agarwal,tanvi.agarwal@hrhub.co.in,tanvi.agarwal,1,Y,80,HRHub Solutions Pvt. Ltd.,Information Technology & Business Services,India,57,55+,1969-08-04,Married,PhD,Finance,Kerala,Thiruvananthapuram,9479264483,Marketing,Marketing Executive,Travel_Rarely,Work From Office,3.3,1,1,0,0,2025-09-15,53500,6-10 LPA,17,2,3,1,4,2,3,4,2.0,No,No,Yes
HRA242173,Male,Aarav Verma,aarav.verma@hrhub.co.in,aarav.verma,1,Y,80,HRHub Solutions Pvt. Ltd.,Information Technology & Business Services,India,52,46-55,1974-08-03,Single,Diploma,Electrical,Tamil Nadu,Coimbatore,9493399349,Sales,Sales Executive,Non-Travel,Hybrid,16.7,14,11,0,1,2012-04-25,139850,10+ LPA,19,1,3,4,1,4,1,1,1.0,No,Yes,No
HRA242174,Male,Harsh Patel,harsh.patel@hrhub.co.in,harsh.patel,1,Y,80,HRHub Solutions Pvt. Ltd.,Information Technology & Business Services,India,42,36-45,1984-07-31,Married,Master,Computer Science,Maharashtra,Pune,9194617326,Marketing,Content Strategist,Travel_Rarely,Remote,20.0,12,6,5,10,2009-01-06,170200,10+ LPA,23,0,3,2,4,1,3,2,3.0,No,No,No
HRA242175,Female,Khushi Nair,khushi.nair@hrhub.co.in,khushi.nair,1,Y,80,HRHub Solutions Pvt. Ltd.,Information Technology & Business Services,India,19,18-25,2007-07-26,Married,Diploma,Computer,Gujarat,Vadodara,9800144762,Operations,Operations Executive,Travel_Rarely,Work From Office,0.0,0,0,0,0,2029-01-01,35600,3-6 LPA,6,0,3,3,3,3,1,4,0.0,No,No,No
HRA242176,Male,Rohan Khan,rohan.khan@hrhub.co.in,rohan.khan,1,Y,80,HRHub Solutions Pvt. Ltd.,Information Technology & Business Services,India,36,36-45,1990-07-30,Single,Master,Business Administration,West Bengal,Howrah,9373527343,Finance,Financial Analyst,Travel_Rarely,Hybrid,5.5,3,0,0,0,2023-07-05,59200,6-10 LPA,22,0,3,1,2,3,2,2,5.5,No,No,No
HRA242177,Female,Sonali Bose,sonali.bose@hrhub.co.in,sonali.bose,1,Y,80,HRHub Solutions Pvt. Ltd.,Information Technology & Business Services,India,28,26-35,1998-07-28,Married,MBA,Human Resources,Maharashtra,Pune,9061880471,IT,Network Engineer,Travel_Rarely,Work From Office,1.6,1,1,0,1,2027-05-28,39150,3-6 LPA,5,3,1,2,4,2,2,6,1.0,No,No,No
HRA242178,Female,Vidya Ghosh,vidya.ghosh@hrhub.co.in,vidya.ghosh,1,Y,80,HRHub Solutions Pvt. Ltd.,Information Technology & Business Services,India,25,18-25,2001-07-27,Married,High School,General Education,Kerala,Kochi,9675925667,Finance,Financial Analyst,Non-Travel,Hybrid,2.4,0,0,0,0,2026-08-09,58050,6-10 LPA,14,0,3,4,4,4,4,4,1.0,No,No,No
HRA242179,Female,Pooja Singh,pooja.singh@hrhub.co.in,pooja.singh,1,Y,80,HRHub Solutions Pvt. Ltd.,Information Technology & Business Services,India,46,46-55,1980-08-01,Married,Master,Marketing,Rajasthan,Jaipur,9436736333,Finance,Financial Analyst,Travel_Rarely,Work From Office,4.6,4,0,1,2,2024-05-29,60200,6-10 LPA,24,3,3,4,1,1,3,0,0.0,Yes,No,No
HRA242180,Male,Vivek Singh,vivek.singh@hrhub.co.in,vivek.singh,1,Y,80,HRHub Solutions Pvt. Ltd.,Information Technology & Business Services,India,60,55+,1966-08-05,Married,Master,Finance,Maharashtra,Nagpur,9558465286,Human Resources,HR Executive,Travel_Rarely,Work From Office,4.7,4,2,1,0,2024-04-22,47850,3-6 LPA,8,3,4,1,1,2,3,1,0.0,No,No,No
HRA242181,Male,Amit Jain,amit.jain@hrhub.co.in,amit.jain,1,Y,80,HRHub Solutions Pvt. Ltd.,Information Technology & Business Services,India,18,18-25,2008-07-25,Married,Bachelor,Finance,Kerala,Kochi,9696201202,Marketing,Marketing Executive,Travel_Rarely,Work From Office,0.0,0,0,0,0,2029-01-01,34250,3-6 LPA,11,3,3,2,1,4,4,5,0.0,No,Yes,No
HRA242182,Female,Pooja Shah,pooja.shah@hrhub.co.in,pooja.shah,1,Y,80,HRHub Solutions Pvt. Ltd.,Information Technology & Business Services,India,23,18-25,2003-07-27,Single,Master,Finance,Gujarat,Ahmedabad,9614055684,Operations,Supply Chain Coordinator,Travel_Frequently,Work From Office,0.8,0,0,0,0,2028-03-15,28950,3-6 LPA,15,1,4,3,2,4,4,3,0.8,No,Yes,No
HRA242183,Female,Anjali Rao,anjali.rao@hrhub.co.in,anjali.rao,1,Y,80,HRHub Solutions Pvt. Ltd.,Information Technology & Business Services,India,60,55+,1966-08-05,Single,Diploma,Civil,Uttar Pradesh,Kanpur,9002539468,Operations,Supply Chain Coordinator,Non-Travel,Work From Office,14.4,9,6,0,8,2014-08-12,104700,10+ LPA,22,3,3,2,2,3,2,4,8.0,No,No,No
HRA242184,Female,Ananya Patel,ananya.patel@hrhub.co.in,ananya.patel,1,Y,80,HRHub Solutions Pvt. Ltd.,Information Technology & Business Services,India,19,18-25,2007-07-26,Single,Bachelor,Marketing,Uttar Pradesh,Kanpur,9615072589,Sales,Sales Manager,Travel_Rarely,Hybrid,0.0,0,0,0,0,2029-01-01,77200,6-10 LPA,25,3,2,1,1,1,2,0,0.0,No,Yes,No
HRA242185,Female,Anjali Joshi,anjali.joshi@hrhub.co.in,anjali.joshi,1,Y,80,HRHub Solutions Pvt. Ltd.,Information Technology & Business Services,India,31,26-35,1995-07-29,Single,MBA,Finance,West Bengal,Durgapur,9869287614,Human Resources,HR Executive,Travel_Rarely,Work From Office,3.6,2,2,0,1,2025-05-28,38950,3-6 LPA,17,0,3,2,4,4,1,1,3.6,No,No,No
HRA242186,Female,Priya Das,priya.das@hrhub.co.in,priya.das,1,Y,80,HRHub Solutions Pvt. Ltd.,Information Technology & Business Services,India,30,26-35,1996-07-28,Married,Master,Business Administration,Tamil Nadu,Madurai,9327267015,Marketing,Content Strategist,Travel_Rarely,Work From Office,0.0,0,0,0,0,2029-01-01,37400,3-6 LPA,14,1,3,3,1,3,4,1,0.0,No,No,No
HRA242187,Female,Anjali Gupta,anjali.gupta@hrhub.co.in,anjali.gupta,1,Y,80,HRHub Solutions Pvt. Ltd.,Information Technology & Business Services,India,41,36-45,1985-07-31,Married,High School,General Education,Gujarat,Ahmedabad,9070300548,Sales,Sales Executive,Travel_Frequently,Hybrid,15.6,1,1,0,0,2013-05-31,136400,10+ LPA,11,2,3,3,2,2,4,3,1.0,Yes,Yes,No
HRA242188,Female,Tanvi Bose,tanvi.bose@hrhub.co.in,tanvi.bose,1,Y,80,HRHub Solutions Pvt. Ltd.,Information Technology & Business Services,India,36,36-45,1990-07-30,Single,Bachelor,Marketing,Karnataka,Bengaluru,9431275575,IT,Network Engineer,Travel_Frequently,Hybrid,3.6,3,3,0,3,2025-05-28,57000,6-10 LPA,8,1,3,4,4,3,2,1,3.6,No,No,No
HRA242189,Female,Megha Shah,megha.shah@hrhub.co.in,megha.shah,1,Y,80,HRHub Solutions Pvt. Ltd.,Information Technology & Business Services,India,47,46-55,1979-08-02,Married,Bachelor,Human Resources,Karnataka,Mysuru,9946801046,Sales,Sales Manager,Travel_Rarely,Work From Office,2.0,0,0,0,0,2027-01-02,90000,10+ LPA,12,2,4,3,4,4,2,6,2.0,No,No,No
HRA242190,Male,Karan Agarwal,karan.agarwal@hrhub.co.in,karan.agarwal,1,Y,80,HRHub Solutions Pvt. Ltd.,Information Technology & Business Services,India,31,26-35,1995-07-29,Married,MBA,Human Resources,Rajasthan,Udaipur,9738454310,Human Resources,HR Business Partner,Non-Travel,Work From Office,3.0,1,0,0,1,2026-01-02,38650,3-6 LPA,25,3,3,2,1,1,2,0,3.0,No,No,No
HRA242191,Male,Arjun Das,arjun.das@hrhub.co.in,arjun.das,1,Y,80,HRHub Solutions Pvt. Ltd.,Information Technology & Business Services,India,36,36-45,1990-07-30,Married,Bachelor,Computer Science,Karnataka,Hubballi,9349876322,Marketing,Digital Marketing Specialist,Travel_Frequently,Work From Office,12.0,1,0,0,1,2017-01-04,123750,10+ LPA,6,1,3,3,1,1,3,0,9.0,No,No,No
HRA242192,Male,Manish Kapoor,manish.kapoor@hrhub.co.in,manish.kapoor,1,Y,80,HRHub Solutions Pvt. Ltd.,Information Technology & Business Services,India,21,18-25,2005-07-26,Single,MBA,Marketing,Kerala,Kochi,9823204145,Marketing,Marketing Executive,Travel_Rarely,Hybrid,0.0,0,0,0,0,2029-01-01,27850,3-6 LPA,8,3,3,4,2,1,4,4,0.0,No,Yes,No
HRA242193,Male,Sumit Reddy,sumit.reddy@hrhub.co.in,sumit.reddy,1,Y,80,HRHub Solutions Pvt. Ltd.,Information Technology & Business Services,India,54,46-55,1972-08-03,Married,Master,Business Administration,Telangana,Hyderabad,9792213017,Finance,Accountant,Travel_Rarely,Work From Office,20.2,7,4,1,1,2008-10-25,174150,10+ LPA,6,3,4,2,3,3,2,4,0.0,Yes,No,No
HRA242194,Female,Anjali Shah,anjali.shah@hrhub.co.in,anjali.shah,1,Y,80,HRHub Solutions Pvt. Ltd.,Information Technology & Business Services,India,21,18-25,2005-07-26,Married,PhD,Computer Science,Gujarat,Vadodara,9544914137,Marketing,Content Strategist,Travel_Rarely,Work From Office,0.0,0,0,0,0,2029-01-01,36550,3-6 LPA,12,0,3,3,4,4,1,5,0.0,No,No,No
HRA242195,Female,Neha Mishra,neha.mishra@hrhub.co.in,neha.mishra,1,Y,80,HRHub Solutions Pvt. Ltd.,Information Technology & Business Services,India,22,18-25,2004-07-26,Married,Diploma,Mechanical,Gujarat,Vadodara,9390459927,Marketing,Content Strategist,Travel_Rarely,Hybrid,0.9,0,0,0,0,2028-02-08,26150,3-6 LPA,13,3,3,1,1,4,4,4,0.9,No,No,No
HRA242196,Male,Varun Ghosh,varun.ghosh@hrhub.co.in,varun.ghosh,1,Y,80,HRHub Solutions Pvt. Ltd.,Information Technology & Business Services,India,42,36-45,1984-07-31,Single,Bachelor,Human Resources,Delhi,New Delhi,9674013428,Sales,Sales Manager,Non-Travel,Remote,3.7,1,0,0,0,2025-04-22,77450,6-10 LPA,21,2,3,4,1,1,2,5,3.7,No,No,No
HRA242197,Male,Karan Ghosh,karan.ghosh@hrhub.co.in,karan.ghosh,1,Y,80,HRHub Solutions Pvt. Ltd.,Information Technology & Business Services,India,32,26-35,1994-07-29,Married,PhD,Finance,Telangana,Hyderabad,9977347492,Marketing,Digital Marketing Specialist,Travel_Rarely,Work From Office,0.1,0,0,0,0,2028-11-26,28150,3-6 LPA,10,1,3,4,4,4,1,3,0.1,No,No,No
HRA242198,Female,Harini Verma,harini.verma@hrhub.co.in,harini.verma,1,Y,80,HRHub Solutions Pvt. Ltd.,Information Technology & Business Services,India,30,26-35,1996-07-28,Single,Diploma,Mechanical,Delhi,New Delhi,9199428870,Finance,Finance Executive,Travel_Rarely,Work From Office,5.9,2,1,1,0,2023-02-09,75950,6-10 LPA,20,2,3,4,1,3,1,2,5.0,Yes,Yes,No
HRA242199,Female,Priya Kumar,priya.kumar@hrhub.co.in,priya.kumar,1,Y,80,HRHub Solutions Pvt. Ltd.,Information Technology & Business Services,India,36,36-45,1990-07-30,Married,MBA,Marketing,Maharashtra,Pune,9125324074,Finance,Financial Analyst,Travel_Rarely,Work From Office,7.6,5,3,1,3,2021-05-29,68550,6-10 LPA,20,0,3,2,4,4,4,6,0.0,No,No,No
HRA242200,Male,Vivek Nair,vivek.nair@hrhub.co.in,vivek.nair,1,Y,80,HRHub Solutions Pvt. Ltd.,Information Technology & Business Services,India,18,18-25,2008-07-25,Single,PhD,Finance,Delhi,New Delhi,9662747685,Sales,Sales Manager,Travel_Rarely,Remote,0.0,0,0,0,0,2029-01-01,80400,6-10 LPA,21,1,3,3,4,2,3,0,0.0,Yes,No,No
HRA242201,Male,Manish Nair,manish.nair@hrhub.co.in,manish.nair,1,Y,80,HRHub Solutions Pvt. Ltd.,Information Technology & Business Services,India,53,46-55,1973-08-03,Married,Bachelor,Computer Science,Kerala,Kochi,9263800113,IT,Software Engineer,Travel_Rarely,Work From Office,25.1,20,16,1,18,2003-12-03,167800,10+ LPA,25,0,2,2,3,2,1,3,3.0,No,No,No
HRA242202,Male,Sandeep Sinha,sandeep.sinha@hrhub.co.in,sandeep.sinha,1,Y,80,HRHub Solutions Pvt. Ltd.,Information Technology & Business Services,India,48,46-55,1978-08-02,Single,MBA,Finance,Rajasthan,Udaipur,9744821474,Operations,Supply Chain Coordinator,Travel_Rarely,Work From Office,5.5,0,0,0,0,2023-07-05,57900,6-10 LPA,15,0,3,1,3,2,2,1,5.5,No,Yes,No
HRA242203,Male,Nikhil Joshi,nikhil.joshi@hrhub.co.in,nikhil.joshi,1,Y,80,HRHub Solutions Pvt. Ltd.,Information Technology & Business Services,India,33,26-35,1993-07-29,Single,Bachelor,Information Technology,Telangana,Hyderabad,9211520827,Human Resources,Talent Acquisition Specialist,Travel_Rarely,Work From Office,3.5,0,0,0,0,2025-07-04,45450,3-6 LPA,23,2,3,3,3,2,4,2,3.5,Yes,Yes,Yes
HRA242204,Female,Vidya Bose,vidya.bose@hrhub.co.in,vidya.bose,1,Y,80,HRHub Solutions Pvt. Ltd.,Information Technology & Business Services,India,38,36-45,1988-07-30,Married,MBA,Marketing,Rajasthan,Jodhpur,9864663662,Sales,Sales Executive,Travel_Rarely,Work From Office,10.8,0,0,0,0,2018-03-18,102700,10+ LPA,18,1,4,1,2,2,4,0,7.0,No,No,No
HRA242205,Male,Pranav Kapoor,pranav.kapoor@hrhub.co.in,pranav.kapoor,1,Y,80,HRHub Solutions Pvt. Ltd.,Information Technology & Business Services,India,40,36-45,1986-07-31,Single,High School,General Education,Gujarat,Ahmedabad,9215808148,Sales,Sales Executive,Travel_Rarely,Work From Office,10.9,6,4,3,4,2018-02-10,104750,10+ LPA,18,0,3,4,2,1,1,6,3.0,No,No,No
HRA242206,Female,Megha Banerjee,megha.banerjee@hrhub.co.in,megha.banerjee,1,Y,80,HRHub Solutions Pvt. Ltd.,Information Technology & Business Services,India,23,18-25,2003-07-27,Single,MBA,Marketing,Telangana,Hyderabad,9926852343,Operations,Operations Executive,Travel_Rarely,Hybrid,1.8,0,0,0,0,2027-03-16,28900,3-6 LPA,20,0,3,4,2,3,1,1,1.8,No,No,No
HRA242207,Male,Vivek Kapoor,vivek.kapoor@hrhub.co.in,vivek.kapoor,1,Y,80,HRHub Solutions Pvt. Ltd.,Information Technology & Business Services,India,34,26-35,1992-07-29,Married,PhD,Finance,Gujarat,Vadodara,9505617056,Sales,Sales Manager,Non-Travel,Hybrid,5.2,4,1,2,3,2023-10-22,100050,10+ LPA,17,1,3,2,3,4,1,0,3.0,Yes,No,No
HRA242208,Female,Priya Rao,priya.rao@hrhub.co.in,priya.rao,1,Y,80,HRHub Solutions Pvt. Ltd.,Information Technology & Business Services,India,50,46-55,1976-08-02,Married,Diploma,Electrical,Tamil Nadu,Chennai,9425348669,Operations,Operations Manager,Travel_Rarely,Remote,3.1,3,2,0,0,2025-11-27,96000,10+ LPA,24,2,2,2,2,2,3,6,3.1,No,No,No
HRA242209,Female,Harini Gupta,harini.gupta@hrhub.co.in,harini.gupta,1,Y,80,HRHub Solutions Pvt. Ltd.,Information Technology & Business Services,India,28,26-35,1998-07-28,Single,MBA,Finance,Kerala,Kozhikode,9813852551,Sales,Sales Executive,Non-Travel,Hybrid,0.3,0,0,0,0,2028-09-14,29900,3-6 LPA,12,1,4,4,3,1,3,0,0.3,No,No,No
HRA242210,Male,Aditya Joshi,aditya.joshi@hrhub.co.in,aditya.joshi,1,Y,80,HRHub Solutions Pvt. Ltd.,Information Technology & Business Services,India,57,55+,1969-08-04,Married,High School,General Education,Karnataka,Bengaluru,9447683858,Administration,Administrative Executive,Travel_Rarely,Work From Office,25.4,7,4,1,7,2003-08-15,124750,10+ LPA,5,2,1,1,4,1,4,0,3.0,No,No,No
HRA242211,Female,Megha Kapoor,megha.kapoor@hrhub.co.in,megha.kapoor,1,Y,80,HRHub Solutions Pvt. Ltd.,Information Technology & Business Services,India,28,26-35,1998-07-28,Single,Diploma,Mechanical,Telangana,Hyderabad,9254043651,Administration,Facility Coordinator,Travel_Rarely,Work From Office,3.2,0,0,0,0,2025-10-21,40300,3-6 LPA,12,2,4,4,4,4,1,4,3.2,No,No,No
HRA242212,Male,Sumit Kumar,sumit.kumar@hrhub.co.in,sumit.kumar,1,Y,80,HRHub Solutions Pvt. Ltd.,Information Technology & Business Services,India,19,18-25,2007-07-26,Married,PhD,Computer Science,Maharashtra,Nagpur,9914189652,Finance,Financial Analyst,Travel_Frequently,Work From Office,0.0,0,0,0,0,2029-01-01,35400,3-6 LPA,24,2,3,3,1,4,3,3,0.0,Yes,Yes,No
HRA242213,Male,Ayush Nair,ayush.nair@hrhub.co.in,ayush.nair,1,Y,80,HRHub Solutions Pvt. Ltd.,Information Technology & Business Services,India,51,46-55,1975-08-03,Married,Diploma,Electrical,Telangana,Hyderabad,9034292861,Human Resources,Talent Acquisition Specialist,Travel_Rarely,Work From Office,27.7,24,14,5,5,2001-04-28,165750,10+ LPA,22,3,3,1,3,1,2,4,8.0,No,Yes,No
HRA242214,Female,Harini Mishra,harini.mishra@hrhub.co.in,harini.mishra,1,Y,80,HRHub Solutions Pvt. Ltd.,Information Technology & Business Services,India,30,26-35,1996-07-28,Single,Diploma,Civil,Kerala,Thiruvananthapuram,9696033140,Marketing,Content Strategist,Non-Travel,Remote,6.2,5,2,0,1,2022-10-22,69750,6-10 LPA,13,0,3,2,3,2,3,3,6.2,No,No,No
HRA242215,Male,Vikas Sinha,vikas.sinha@hrhub.co.in,vikas.sinha,1,Y,80,HRHub Solutions Pvt. Ltd.,Information Technology & Business Services,India,47,46-55,1979-08-02,Single,PhD,Computer Science,Gujarat,Ahmedabad,9377765850,Operations,Operations Executive,Travel_Rarely,Work From Office,8.2,8,4,2,2,2020-10-23,76650,6-10 LPA,25,1,3,3,3,2,3,1,0.0,No,No,No
HRA242216,Female,Anjali Chatterjee,anjali.chatterjee@hrhub.co.in,anjali.chatterjee,1,Y,80,HRHub Solutions Pvt. Ltd.,Information Technology & Business Services,India,60,55+,1966-08-05,Married,High School,General Education,Delhi,New Delhi,9921853703,Administration,Administrative Executive,Travel_Rarely,Work From Office,30.9,21,21,2,17,1998-02-15,153350,10+ LPA,5,3,4,1,4,3,2,4,3.0,No,No,No
HRA242217,Female,Aditi Sen,aditi.sen@hrhub.co.in,aditi.sen,1,Y,80,HRHub Solutions Pvt. Ltd.,Information Technology & Business Services,India,33,26-35,1993-07-29,Married,Master,Business Administration,West Bengal,Howrah,9609398034,Marketing,Content Strategist,Travel_Rarely,Work From Office,4.5,1,1,0,1,2024-07-04,51150,6-10 LPA,16,0,2,4,2,2,2,1,4.0,No,No,No
HRA242218,Female,Shreya Chatterjee,shreya.chatterjee@hrhub.co.in,shreya.chatterjee,1,Y,80,HRHub Solutions Pvt. Ltd.,Information Technology & Business Services,India,19,18-25,2007-07-26,Married,MBA,Human Resources,Rajasthan,Udaipur,9825394788,Administration,Facility Coordinator,Travel_Rarely,Work From Office,0.0,0,0,0,0,2029-01-01,25050,3-6 LPA,10,3,4,1,4,4,3,4,0.0,No,No,No
HRA242219,Male,Sahil Banerjee,sahil.banerjee@hrhub.co.in,sahil.banerjee,1,Y,80,HRHub Solutions Pvt. Ltd.,Information Technology & Business Services,India,28,26-35,1998-07-28,Married,Master,Computer Science,Kerala,Kozhikode,9485454149,Administration,Office Administrator,Travel_Rarely,Work From Office,3.4,1,0,0,0,2025-08-09,40600,3-6 LPA,25,2,3,3,2,1,2,4,2.0,No,No,Yes
HRA242220,Male,Sandeep Joshi,sandeep.joshi@hrhub.co.in,sandeep.joshi,1,Y,80,HRHub Solutions Pvt. Ltd.,Information Technology & Business Services,India,39,36-45,1987-07-31,Married,Bachelor,Marketing,Delhi,New Delhi,9942165931,Human Resources,Talent Acquisition Specialist,Travel_Frequently,Work From Office,0.3,0,0,0,0,2028-09-14,29900,3-6 LPA,17,2,1,1,4,3,4,6,0.3,Yes,No,No
HRA242221,Male,Vivek Reddy,vivek.reddy@hrhub.co.in,vivek.reddy,1,Y,80,HRHub Solutions Pvt. Ltd.,Information Technology & Business Services,India,26,26-35,2000-07-27,Single,Master,Human Resources,Kerala,Kochi,9390138412,Marketing,Content Strategist,Non-Travel,Hybrid,3.7,1,1,0,0,2025-04-22,50200,6-10 LPA,20,3,3,2,1,2,3,2,3.7,No,No,No
HRA242222,Female,Riya Verma,riya.verma@hrhub.co.in,riya.verma,1,Y,80,HRHub Solutions Pvt. Ltd.,Information Technology & Business Services,India,39,36-45,1987-07-31,Married,PhD,Management,Tamil Nadu,Madurai,9370695459,Operations,Operations Manager,Travel_Rarely,Hybrid,2.1,1,1,0,0,2026-11-27,78650,6-10 LPA,6,1,2,3,4,4,3,6,2.1,Yes,Yes,No
HRA242223,Female,Aditi Khan,aditi.khan@hrhub.co.in,aditi.khan,1,Y,80,HRHub Solutions Pvt. Ltd.,Information Technology & Business Services,India,44,36-45,1982-08-01,Married,Bachelor,Human Resources,Gujarat,Ahmedabad,9967824984,Operations,Operations Executive,Travel_Rarely,Hybrid,2.0,1,1,0,0,2027-01-02,52750,6-10 LPA,12,2,4,1,2,1,2,2,2.0,Yes,No,Yes
HRA242224,Male,Manish Roy,manish.roy@hrhub.co.in,manish.roy,1,Y,80,HRHub Solutions Pvt. Ltd.,Information Technology & Business Services,India,31,26-35,1995-07-29,Married,MBA,Human Resources,Tamil Nadu,Chennai,9972794684,Marketing,Digital Marketing Specialist,Travel_Rarely,Work From Office,9.1,0,0,0,0,2019-11-29,72250,6-10 LPA,17,0,3,3,2,2,2,3,7.0,No,No,No
HRA242225,Female,Vidya Jain,vidya.jain@hrhub.co.in,vidya.jain,1,Y,80,HRHub Solutions Pvt. Ltd.,Information Technology & Business Services,India,42,36-45,1984-07-31,Married,High School,General Education,West Bengal,Durgapur,9812961357,Sales,Business Development Executive,Travel_Rarely,Work From Office,5.9,5,5,0,3,2023-02-09,67450,6-10 LPA,12,2,3,3,1,2,3,2,5.9,No,No,No
HRA242226,Male,Aditya Das,aditya.das@hrhub.co.in,aditya.das,1,Y,80,HRHub Solutions Pvt. Ltd.,Information Technology & Business Services,India,41,36-45,1985-07-31,Married,MBA,Human Resources,Uttar Pradesh,Noida,9227185186,Operations,Operations Executive,Travel_Rarely,Work From Office,12.7,7,1,2,1,2016-04-24,105800,10+ LPA,23,2,3,3,2,1,2,1,0.0,No,Yes,No
HRA242227,Female,Anusha Mukherjee,anusha.mukherjee@hrhub.co.in,anusha.mukherjee,1,Y,80,HRHub Solutions Pvt. Ltd.,Information Technology & Business Services,India,40,36-45,1986-07-31,Married,High School,General Education,Gujarat,Vadodara,9246812095,Finance,Accountant,Travel_Rarely,Hybrid,14.0,10,7,4,4,2015-01-05,101150,10+ LPA,24,2,3,4,3,3,3,4,4.0,No,Yes,No
HRA242228,Male,Deepak Roy,deepak.roy@hrhub.co.in,deepak.roy,1,Y,80,HRHub Solutions Pvt. Ltd.,Information Technology & Business Services,India,23,18-25,2003-07-27,Single,Bachelor,Commerce,Uttar Pradesh,Noida,9306570326,Administration,Facility Coordinator,Travel_Rarely,Work From Office,0.9,0,0,0,0,2028-02-08,24750,0-3 LPA,24,1,3,1,4,2,2,1,0.9,No,Yes,Yes
HRA242229,Female,Vaishnavi Shah,vaishnavi.shah@hrhub.co.in,vaishnavi.shah,1,Y,80,HRHub Solutions Pvt. Ltd.,Information Technology & Business Services,India,58,55+,1968-08-04,Married,Bachelor,Commerce,Maharashtra,Pune,9353604855,Sales,Sales Manager,Travel_Rarely,Work From Office,13.4,8,7,2,6,2015-08-12,133800,10+ LPA,7,1,3,2,4,2,4,4,1.0,No,No,No
HRA242230,Female,Priya Sen,priya.sen@hrhub.co.in,priya.sen,1,Y,80,HRHub Solutions Pvt. Ltd.,Information Technology & Business Services,India,34,26-35,1992-07-29,Single,High School,General Education,Delhi,New Delhi,9806864035,IT,Data Analyst,Travel_Rarely,Work From Office,12.5,9,2,2,7,2016-07-06,117700,10+ LPA,10,2,2,4,2,1,4,1,1.0,No,No,No
HRA242231,Male,Shubham Chatterjee,shubham.chatterjee@hrhub.co.in,shubham.chatterjee,1,Y,80,HRHub Solutions Pvt. Ltd.,Information Technology & Business Services,India,19,18-25,2007-07-26,Married,MBA,Operations,Delhi,New Delhi,9915748825,Operations,Supply Chain Coordinator,Non-Travel,Hybrid,0.0,0,0,0,0,2029-01-01,32200,3-6 LPA,16,3,2,2,2,3,1,6,0.0,No,Yes,No
HRA242232,Female,Vaishnavi Jain,vaishnavi.jain@hrhub.co.in,vaishnavi.jain,1,Y,80,HRHub Solutions Pvt. Ltd.,Information Technology & Business Services,India,32,26-35,1994-07-29,Married,Master,Finance,Rajasthan,Udaipur,9712772323,Finance,Accountant,Non-Travel,Hybrid,5.9,3,3,1,0,2023-02-09,67100,6-10 LPA,7,0,3,3,3,1,3,1,5.9,No,No,No
HRA242233,Female,Vaishnavi Kapoor,vaishnavi.kapoor@hrhub.co.in,vaishnavi.kapoor,1,Y,80,HRHub Solutions Pvt. Ltd.,Information Technology & Business Services,India,45,36-45,1981-08-01,Single,Master,Finance,Kerala,Kochi,9992016582,Sales,Sales Manager,Travel_Rarely,Hybrid,0.3,0,0,0,0,2028-09-14,62100,6-10 LPA,12,2,3,3,3,1,4,0,0.3,Yes,Yes,No
HRA242234,Male,Karan Singh,karan.singh@hrhub.co.in,karan.singh,1,Y,80,HRHub Solutions Pvt. Ltd.,Information Technology & Business Services,India,29,26-35,1997-07-28,Married,PhD,Computer Science,Gujarat,Ahmedabad,9831044238,Human Resources,Talent Acquisition Specialist,Travel_Rarely,Hybrid,2.2,1,0,0,1,2026-10-21,37150,3-6 LPA,11,2,3,4,4,2,1,5,2.0,No,No,No
HRA242235,Female,Sneha Agarwal,sneha.agarwal@hrhub.co.in,sneha.agarwal,1,Y,80,HRHub Solutions Pvt. Ltd.,Information Technology & Business Services,India,24,18-25,2002-07-27,Married,High School,General Education,Delhi,New Delhi,9971586984,Operations,Supply Chain Coordinator,Travel_Rarely,Work From Office,0.3,0,0,0,0,2028-09-14,34500,3-6 LPA,5,1,3,3,3,2,2,5,0.3,No,No,No
HRA242236,Male,Shubham Rao,shubham.rao@hrhub.co.in,shubham.rao,1,Y,80,HRHub Solutions Pvt. Ltd.,Information Technology & Business Services,India,21,18-25,2005-07-26,Single,Bachelor,Human Resources,West Bengal,Durgapur,9903723210,Finance,Finance Executive,Travel_Frequently,Hybrid,0.0,0,0,0,0,2029-01-01,40050,3-6 LPA,18,2,3,3,3,1,4,5,0.0,No,No,No
HRA242237,Male,Mohit Patel,mohit.patel@hrhub.co.in,mohit.patel,1,Y,80,HRHub Solutions Pvt. Ltd.,Information Technology & Business Services,India,46,46-55,1980-08-01,Divorced,High School,General Education,Karnataka,Bengaluru,9292257555,Operations,Operations Executive,Travel_Rarely,Work From Office,24.6,14,8,3,8,2004-06-02,147400,10+ LPA,16,0,3,2,4,4,4,4,6.0,No,No,Yes
HRA242238,Male,Sandeep Sinha,sandeep.sinha@hrhub.co.in,sandeep.sinha,1,Y,80,HRHub Solutions Pvt. Ltd.,Information Technology & Business Services,India,32,26-35,1994-07-29,Married,MBA,Marketing,Rajasthan,Jaipur,9380220749,Sales,Sales Executive,Travel_Rarely,Hybrid,0.2,0,0,0,0,2028-10-20,35250,3-6 LPA,13,1,4,1,1,1,2,5,0.2,Yes,No,No
HRA242239,Female,Ritika Gupta,ritika.gupta@hrhub.co.in,ritika.gupta,1,Y,80,HRHub Solutions Pvt. Ltd.,Information Technology & Business Services,India,35,26-35,1991-07-30,Married,Diploma,Computer,Tamil Nadu,Coimbatore,9257693222,Sales,Business Development Executive,Travel_Rarely,Work From Office,11.7,10,2,2,6,2017-04-24,111650,10+ LPA,9,3,3,2,2,3,4,4,7.0,No,No,No
HRA242240,Female,Neha Joshi,neha.joshi@hrhub.co.in,neha.joshi,1,Y,80,HRHub Solutions Pvt. Ltd.,Information Technology & Business Services,India,55,46-55,1971-08-04,Married,Diploma,Civil,Kerala,Thiruvananthapuram,9002592675,Operations,Operations Manager,Travel_Rarely,Work From Office,7.8,4,4,2,1,2021-03-17,124600,10+ LPA,16,1,3,2,4,1,2,3,7.8,No,Yes,No
HRA242241,Female,Swati Reddy,swati.reddy@hrhub.co.in,swati.reddy,1,Y,80,HRHub Solutions Pvt. Ltd.,Information Technology & Business Services,India,24,18-25,2002-07-27,Single,Bachelor,Information Technology,Delhi,New Delhi,9796122751,Finance,Finance Executive,Travel_Rarely,Work From Office,2.9,2,0,1,2,2026-02-08,43000,3-6 LPA,17,0,3,3,1,4,4,5,1.0,No,No,No
HRA242242,Female,Ishita Nair,ishita.nair@hrhub.co.in,ishita.nair,1,Y,80,HRHub Solutions Pvt. Ltd.,Information Technology & Business Services,India,32,26-35,1994-07-29,Single,Bachelor,Finance,Karnataka,Mysuru,9216998336,Sales,Sales Executive,Travel_Rarely,Remote,2.9,2,0,0,1,2026-02-08,38750,3-6 LPA,14,3,3,2,1,2,4,5,1.0,No,Yes,No
HRA242243,Female,Anusha Shah,anusha.shah@hrhub.co.in,anusha.shah,1,Y,80,HRHub Solutions Pvt. Ltd.,Information Technology & Business Services,India,27,26-35,1999-07-28,Married,Diploma,Mechanical,Delhi,New Delhi,9431122918,Human Resources,HR Business Partner,Travel_Rarely,Work From Office,1.5,1,0,0,0,2027-07-04,28500,3-6 LPA,19,0,4,2,1,4,3,0,1.5,No,No,No
HRA242244,Female,Vidya Das,vidya.das@hrhub.co.in,vidya.das,1,Y,80,HRHub Solutions Pvt. Ltd.,Information Technology & Business Services,India,48,46-55,1978-08-02,Single,High School,General Education,Telangana,Hyderabad,9613365507,Human Resources,HR Executive,Travel_Frequently,Hybrid,24.7,9,3,3,2,2004-04-27,142600,10+ LPA,10,1,2,4,1,2,2,6,10.0,No,No,No
HRA242245,Male,Rohan Khan,rohan.khan@hrhub.co.in,rohan.khan,1,Y,80,HRHub Solutions Pvt. Ltd.,Information Technology & Business Services,India,55,46-55,1971-08-04,Married,Master,Marketing,West Bengal,Durgapur,9989857562,Marketing,Marketing Executive,Travel_Rarely,Work From Office,2.3,0,0,0,0,2026-09-15,45200,3-6 LPA,17,1,3,1,3,2,1,0,2.3,No,Yes,No
HRA242246,Female,Anusha Saha,anusha.saha@hrhub.co.in,anusha.saha,1,Y,80,HRHub Solutions Pvt. Ltd.,Information Technology & Business Services,India,57,55+,1969-08-04,Divorced,Diploma,Mechanical,Kerala,Thiruvananthapuram,9481200033,Marketing,Content Strategist,Travel_Rarely,Work From Office,14.6,13,8,6,7,2014-05-31,106250,10+ LPA,12,1,2,3,1,2,1,0,9.0,No,No,No
HRA242247,Female,Nikita Sen,nikita.sen@hrhub.co.in,nikita.sen,1,Y,80,HRHub Solutions Pvt. Ltd.,Information Technology & Business Services,India,42,36-45,1984-07-31,Married,Bachelor,Marketing,Karnataka,Hubballi,9975993851,IT,Data Analyst,Travel_Rarely,Remote,2.4,1,0,0,0,2026-08-09,48150,3-6 LPA,8,0,3,3,3,4,2,1,2.4,No,Yes,No
HRA242248,Female,Nikita Kumar,nikita.kumar@hrhub.co.in,nikita.kumar,1,Y,80,HRHub Solutions Pvt. Ltd.,Information Technology & Business Services,India,60,55+,1966-08-05,Married,Diploma,Mechanical,Kerala,Kozhikode,9973841319,IT,System Administrator,Travel_Rarely,Hybrid,16.9,15,0,1,2,2012-02-12,192850,10+ LPA,21,2,4,1,1,1,3,5,6.0,No,No,No
HRA242249,Female,Ananya Sharma,ananya.sharma@hrhub.co.in,ananya.sharma,1,Y,80,HRHub Solutions Pvt. Ltd.,Information Technology & Business Services,India,47,46-55,1979-08-02,Single,Master,Marketing,Delhi,New Delhi,9893633344,Finance,Finance Executive,Travel_Rarely,Work From Office,22.5,6,4,1,6,2006-07-09,163450,10+ LPA,14,1,3,3,4,3,4,1,5.0,No,No,No
HRA242250,Male,Aditya Shah,aditya.shah@hrhub.co.in,aditya.shah,1,Y,80,HRHub Solutions Pvt. Ltd.,Information Technology & Business Services,India,18,18-25,2008-07-25,Single,Diploma,Civil,Maharashtra,Pune,9912581070,IT,Data Analyst,Travel_Rarely,Hybrid,0.0,0,0,0,0,2029-01-01,36000,3-6 LPA,20,3,4,1,2,1,3,1,0.0,Yes,Yes,Yes
HRA242251,Female,Divya Saha,divya.saha@hrhub.co.in,divya.saha,1,Y,80,HRHub Solutions Pvt. Ltd.,Information Technology & Business Services,India,36,36-45,1990-07-30,Single,Diploma,Computer,West Bengal,Howrah,9748435091,Finance,Financial Analyst,Non-Travel,Work From Office,0.9,0,0,0,0,2028-02-08,41100,3-6 LPA,18,3,3,2,1,2,4,4,0.9,No,Yes,No
HRA242252,Male,Deepak Mishra,deepak.mishra@hrhub.co.in,deepak.mishra,1,Y,80,HRHub Solutions Pvt. Ltd.,Information Technology & Business Services,India,36,36-45,1990-07-30,Married,PhD,Management,Telangana,Warangal,9622082098,Human Resources,HR Business Partner,Non-Travel,Work From Office,11.5,8,6,0,4,2017-07-06,106000,10+ LPA,19,1,4,2,2,3,4,4,9.0,No,No,No
HRA242253,Female,Ritika Agarwal,ritika.agarwal@hrhub.co.in,ritika.agarwal,1,Y,80,HRHub Solutions Pvt. Ltd.,Information Technology & Business Services,India,21,18-25,2005-07-26,Single,High School,General Education,Karnataka,Hubballi,9023661540,Administration,Administrative Executive,Travel_Rarely,Remote,0.0,0,0,0,0,2029-01-01,26150,3-6 LPA,23,3,3,2,4,3,2,4,0.0,No,No,No
HRA242254,Male,Arjun Sharma,arjun.sharma@hrhub.co.in,arjun.sharma,1,Y,80,HRHub Solutions Pvt. Ltd.,Information Technology & Business Services,India,56,55+,1970-08-04,Single,Bachelor,Marketing,Delhi,New Delhi,9152845456,Operations,Supply Chain Coordinator,Travel_Rarely,Work From Office,30.9,25,22,11,4,1998-02-15,123250,10+ LPA,18,1,3,2,2,3,4,1,10.0,No,No,No
HRA242255,Male,Ankit Mishra,ankit.mishra@hrhub.co.in,ankit.mishra,1,Y,80,HRHub Solutions Pvt. Ltd.,Information Technology & Business Services,India,60,55+,1966-08-05,Married,Master,Human Resources,Karnataka,Bengaluru,9745005119,Administration,Facility Coordinator,Travel_Rarely,Remote,5.4,2,2,1,0,2023-08-10,58850,6-10 LPA,13,1,2,1,3,1,3,2,0.0,No,No,No
HRA242256,Male,Aditya Banerjee,aditya.banerjee@hrhub.co.in,aditya.banerjee,1,Y,80,HRHub Solutions Pvt. Ltd.,Information Technology & Business Services,India,30,26-35,1996-07-28,Married,High School,General Education,Gujarat,Ahmedabad,9244142551,Human Resources,HR Executive,Travel_Rarely,Work From Office,4.4,0,0,0,0,2024-08-09,50200,6-10 LPA,19,3,3,4,4,1,1,2,4.4,No,No,No
HRA242257,Male,Amit Rao,amit.rao@hrhub.co.in,amit.rao,1,Y,80,HRHub Solutions Pvt. Ltd.,Information Technology & Business Services,India,37,36-45,1989-07-30,Single,High School,General Education,Telangana,Warangal,9641961772,IT,Data Analyst,Travel_Rarely,Hybrid,4.5,0,0,0,0,2024-07-04,49050,3-6 LPA,13,3,3,1,3,1,1,4,4.5,No,No,No
HRA242258,Male,Aarav Ghosh,aarav.ghosh@hrhub.co.in,aarav.ghosh,1,Y,80,HRHub Solutions Pvt. Ltd.,Information Technology & Business Services,India,24,18-25,2002-07-27,Single,MBA,Finance,Tamil Nadu,Madurai,9589821713,IT,Network Engineer,Non-Travel,Work From Office,0.8,0,0,0,0,2028-03-15,26100,3-6 LPA,24,1,2,3,3,1,1,3,0.8,No,No,Yes
HRA242259,Female,Ishita Das,ishita.das@hrhub.co.in,ishita.das,1,Y,80,HRHub Solutions Pvt. Ltd.,Information Technology & Business Services,India,23,18-25,2003-07-27,Single,Diploma,Computer,Uttar Pradesh,Lucknow,9535521396,Sales,Sales Executive,Non-Travel,Work From Office,1.3,0,0,0,0,2027-09-15,39100,3-6 LPA,15,1,3,2,2,4,2,4,1.3,Yes,Yes,Yes
HRA242260,Male,Varun Kapoor,varun.kapoor@hrhub.co.in,varun.kapoor,1,Y,80,HRHub Solutions Pvt. Ltd.,Information Technology & Business Services,India,23,18-25,2003-07-27,Single,Bachelor,Business Administration,Tamil Nadu,Chennai,9512923919,Administration,Facility Coordinator,Travel_Rarely,Work From Office,1.2,1,0,0,0,2027-10-21,24800,0-3 LPA,6,2,4,4,3,4,4,4,1.2,No,Yes,No
HRA242261,Male,Rahul Rao,rahul.rao@hrhub.co.in,rahul.rao,1,Y,80,HRHub Solutions Pvt. Ltd.,Information Technology & Business Services,India,29,26-35,1997-07-28,Married,High School,General Education,Rajasthan,Jodhpur,9616268482,Human Resources,HR Executive,Travel_Rarely,Work From Office,6.7,2,0,1,2,2022-04-23,78700,6-10 LPA,15,3,2,4,1,4,4,0,6.7,No,No,Yes
HRA242262,Male,Aarav Mukherjee,aarav.mukherjee@hrhub.co.in,aarav.mukherjee,1,Y,80,HRHub Solutions Pvt. Ltd.,Information Technology & Business Services,India,20,18-25,2006-07-26,Married,High School,General Education,Maharashtra,Mumbai,9120285874,IT,Software Engineer,Travel_Rarely,Work From Office,0.0,0,0,0,0,2029-01-01,43100,3-6 LPA,19,1,3,2,1,2,4,1,0.0,No,Yes,No
HRA242263,Male,Amit Kumar,amit.kumar@hrhub.co.in,amit.kumar,1,Y,80,HRHub Solutions Pvt. Ltd.,Information Technology & Business Services,India,36,36-45,1990-07-30,Single,Diploma,Mechanical,Telangana,Warangal,9665246510,Operations,Supply Chain Coordinator,Travel_Frequently,Hybrid,11.7,0,0,0,0,2017-04-24,96800,10+ LPA,15,3,3,4,3,1,2,5,2.0,No,No,No
HRA242264,Female,Priya Ghosh,priya.ghosh@hrhub.co.in,priya.ghosh,1,Y,80,HRHub Solutions Pvt. Ltd.,Information Technology & Business Services,India,44,36-45,1982-08-01,Married,Master,Finance,Maharashtra,Pune,9762755458,Human Resources,Talent Acquisition Specialist,Non-Travel,Hybrid,11.0,6,4,2,1,2018-01-04,120200,10+ LPA,21,0,2,3,4,2,1,1,6.0,Yes,Yes,No
HRA242265,Female,Sonali Bose,sonali.bose@hrhub.co.in,sonali.bose,1,Y,80,HRHub Solutions Pvt. Ltd.,Information Technology & Business Services,India,35,26-35,1991-07-30,Single,Diploma,Computer,Delhi,New Delhi,9778533343,IT,Software Engineer,Non-Travel,Work From Office,11.6,0,0,0,0,2017-05-30,105700,10+ LPA,23,2,2,1,3,4,1,4,9.0,No,Yes,No
HRA242266,Female,Nikita Jain,nikita.jain@hrhub.co.in,nikita.jain,1,Y,80,HRHub Solutions Pvt. Ltd.,Information Technology & Business Services,India,45,36-45,1981-08-01,Single,Master,Finance,Gujarat,Vadodara,9166006429,Finance,Financial Analyst,Travel_Rarely,Work From Office,9.3,7,4,1,0,2019-09-17,80750,6-10 LPA,17,2,4,1,1,1,1,4,3.0,No,Yes,No
HRA242267,Female,Swati Mukherjee,swati.mukherjee@hrhub.co.in,swati.mukherjee,1,Y,80,HRHub Solutions Pvt. Ltd.,Information Technology & Business Services,India,42,36-45,1984-07-31,Married,Master,Finance,Rajasthan,Udaipur,9394470448,Finance,Finance Executive,Travel_Rarely,Work From Office,5.2,1,0,0,0,2023-10-22,66950,6-10 LPA,14,3,3,2,2,4,2,0,2.0,No,No,No
HRA242268,Male,Pranav Agarwal,pranav.agarwal@hrhub.co.in,pranav.agarwal,1,Y,80,HRHub Solutions Pvt. Ltd.,Information Technology & Business Services,India,20,18-25,2006-07-26,Married,PhD,Management,Telangana,Warangal,9332842221,IT,Data Analyst,Travel_Frequently,Hybrid,0.0,0,0,0,0,2029-01-01,37900,3-6 LPA,12,2,3,1,4,2,1,2,0.0,No,No,No
HRA242269,Male,Deepak Ghosh,deepak.ghosh@hrhub.co.in,deepak.ghosh,1,Y,80,HRHub Solutions Pvt. Ltd.,Information Technology & Business Services,India,46,46-55,1980-08-01,Married,Bachelor,Human Resources,Telangana,Hyderabad,9673336592,Finance,Finance Executive,Travel_Rarely,Work From Office,13.0,11,1,5,8,2016-01-05,91500,10+ LPA,19,2,2,1,2,1,3,1,5.0,No,No,No
HRA242270,Female,Deepika Agarwal,deepika.agarwal@hrhub.co.in,deepika.agarwal,1,Y,80,HRHub Solutions Pvt. Ltd.,Information Technology & Business Services,India,39,36-45,1987-07-31,Married,Diploma,Civil,Uttar Pradesh,Lucknow,9827686214,Administration,Office Administrator,Travel_Frequently,Hybrid,13.4,10,0,4,1,2015-08-12,111150,10+ LPA,18,1,3,3,3,3,4,4,6.0,No,No,No
HRA242271,Female,Riya Chatterjee,riya.chatterjee@hrhub.co.in,riya.chatterjee,1,Y,80,HRHub Solutions Pvt. Ltd.,Information Technology & Business Services,India,22,18-25,2004-07-26,Married,PhD,Management,Maharashtra,Nagpur,9877029891,Marketing,Digital Marketing Specialist,Travel_Rarely,Work From Office,0.3,0,0,0,0,2028-09-14,38900,3-6 LPA,8,2,1,2,1,3,4,1,0.3,No,No,No
HRA242272,Male,Vivek Verma,vivek.verma@hrhub.co.in,vivek.verma,1,Y,80,HRHub Solutions Pvt. Ltd.,Information Technology & Business Services,India,52,46-55,1974-08-03,Married,MBA,Human Resources,Uttar Pradesh,Lucknow,9219742442,Operations,Operations Executive,Travel_Frequently,Work From Office,4.3,3,2,1,1,2024-09-15,36550,3-6 LPA,5,1,4,3,1,2,4,6,4.3,No,No,No
HRA242273,Female,Tanvi Kumar,tanvi.kumar@hrhub.co.in,tanvi.kumar,1,Y,80,HRHub Solutions Pvt. Ltd.,Information Technology & Business Services,India,58,55+,1968-08-04,Single,Bachelor,Business Administration,Tamil Nadu,Chennai,9474941567,Finance,Finance Executive,Travel_Rarely,Work From Office,16.8,7,3,1,5,2012-03-19,141150,10+ LPA,5,1,3,3,3,1,3,3,9.0,No,No,No
HRA242274,Female,Vaishnavi Das,vaishnavi.das@hrhub.co.in,vaishnavi.das,1,Y,80,HRHub Solutions Pvt. Ltd.,Information Technology & Business Services,India,43,36-45,1983-08-01,Married,Diploma,Civil,Delhi,New Delhi,9032824343,Human Resources,Talent Acquisition Specialist,Travel_Rarely,Work From Office,2.8,2,1,0,1,2026-03-17,39850,3-6 LPA,24,3,3,2,3,3,4,0,0.0,No,No,No
HRA242275,Female,Khushi Mukherjee,khushi.mukherjee@hrhub.co.in,khushi.mukherjee,1,Y,80,HRHub Solutions Pvt. Ltd.,Information Technology & Business Services,India,18,18-25,2008-07-25,Married,High School,General Education,Maharashtra,Mumbai,9749015062,Administration,Administrative Executive,Travel_Frequently,Work From Office,0.0,0,0,0,0,2029-01-01,30700,3-6 LPA,5,3,3,2,2,3,2,3,0.0,Yes,Yes,No
HRA242276,Female,Ishita Patel,ishita.patel@hrhub.co.in,ishita.patel,1,Y,80,HRHub Solutions Pvt. Ltd.,Information Technology & Business Services,India,38,36-45,1988-07-30,Married,MBA,Operations,Rajasthan,Udaipur,9836300059,Administration,Facility Coordinator,Travel_Rarely,Hybrid,5.4,5,3,2,3,2023-08-10,68500,6-10 LPA,18,1,4,1,1,4,2,5,5.0,No,No,No
HRA242277,Male,Karan Kumar,karan.kumar@hrhub.co.in,karan.kumar,1,Y,80,HRHub Solutions Pvt. Ltd.,Information Technology & Business Services,India,36,36-45,1990-07-30,Married,Master,Human Resources,Maharashtra,Nagpur,9116308234,Human Resources,Talent Acquisition Specialist,Non-Travel,Hybrid,13.1,13,3,0,1,2015-11-30,104000,10+ LPA,5,0,3,1,1,3,1,0,7.0,Yes,Yes,No
HRA242278,Female,Kavya Kapoor,kavya.kapoor@hrhub.co.in,kavya.kapoor,1,Y,80,HRHub Solutions Pvt. Ltd.,Information Technology & Business Services,India,30,26-35,1996-07-28,Married,PhD,Management,West Bengal,Howrah,9119103889,Administration,Office Administrator,Travel_Frequently,Hybrid,5.4,3,2,0,1,2023-08-10,71450,6-10 LPA,6,1,4,1,2,3,2,4,5.4,No,No,Yes
HRA242279,Female,Priya Nair,priya.nair@hrhub.co.in,priya.nair,1,Y,80,HRHub Solutions Pvt. Ltd.,Information Technology & Business Services,India,53,46-55,1973-08-03,Single,Diploma,Mechanical,Tamil Nadu,Madurai,9931470422,Human Resources,HR Business Partner,Travel_Rarely,Work From Office,24.6,1,0,0,0,2004-06-02,166950,10+ LPA,8,3,3,1,1,4,4,6,10.0,No,No,No
HRA242280,Female,Kavya Mukherjee,kavya.mukherjee@hrhub.co.in,kavya.mukherjee,1,Y,80,HRHub Solutions Pvt. Ltd.,Information Technology & Business Services,India,41,36-45,1985-07-31,Single,MBA,Human Resources,Delhi,New Delhi,9723614653,Marketing,Content Strategist,Travel_Rarely,Work From Office,19.5,19,5,8,6,2009-07-08,153450,10+ LPA,8,2,1,1,4,2,2,0,0.0,No,No,No
HRA242281,Female,Neha Reddy,neha.reddy@hrhub.co.in,neha.reddy,1,Y,80,HRHub Solutions Pvt. Ltd.,Information Technology & Business Services,India,49,46-55,1977-08-02,Single,Master,Marketing,Delhi,New Delhi,9867803276,IT,System Administrator,Non-Travel,Work From Office,10.0,2,1,0,0,2019-01-04,98900,10+ LPA,11,3,3,3,3,2,1,0,5.0,No,No,Yes
HRA242282,Female,Khushi Chatterjee,khushi.chatterjee@hrhub.co.in,khushi.chatterjee,1,Y,80,HRHub Solutions Pvt. Ltd.,Information Technology & Business Services,India,22,18-25,2004-07-26,Married,PhD,Computer Science,Tamil Nadu,Coimbatore,9603171376,Administration,Office Administrator,Non-Travel,Work From Office,0.9,0,0,0,0,2028-02-08,22950,0-3 LPA,25,3,4,2,2,2,3,4,0.9,No,No,No
HRA242283,Male,Akash Agarwal,akash.agarwal@hrhub.co.in,akash.agarwal,1,Y,80,HRHub Solutions Pvt. Ltd.,Information Technology & Business Services,India,59,55+,1967-08-05,Single,High School,General Education,Gujarat,Ahmedabad,9865635204,Operations,Operations Manager,Travel_Frequently,Work From Office,1.2,1,0,0,0,2027-10-21,86250,10+ LPA,14,2,3,3,4,2,4,1,1.2,No,No,No
HRA242284,Female,Neha Roy,neha.roy@hrhub.co.in,neha.roy,1,Y,80,HRHub Solutions Pvt. Ltd.,Information Technology & Business Services,India,37,36-45,1989-07-30,Single,Master,Business Administration,Gujarat,Surat,9139000774,Marketing,Marketing Executive,Travel_Rarely,Work From Office,10.2,8,3,2,5,2018-10-24,90500,10+ LPA,22,1,2,4,3,2,2,6,2.0,No,No,Yes
HRA242285,Female,Pooja Gupta,pooja.gupta@hrhub.co.in,pooja.gupta,1,Y,80,HRHub Solutions Pvt. Ltd.,Information Technology & Business Services,India,22,18-25,2004-07-26,Single,Bachelor,Commerce,Delhi,New Delhi,9711176021,Sales,Sales Manager,Non-Travel,Work From Office,1.0,0,0,0,0,2028-01-02,86950,10+ LPA,22,2,2,3,3,4,1,3,1.0,No,No,No
HRA242286,Male,Manish Ghosh,manish.ghosh@hrhub.co.in,manish.ghosh,1,Y,80,HRHub Solutions Pvt. Ltd.,Information Technology & Business Services,India,36,36-45,1990-07-30,Married,Master,Business Administration,Tamil Nadu,Coimbatore,9043949142,Marketing,Marketing Executive,Non-Travel,Work From Office,12.2,3,1,1,2,2016-10-23,103650,10+ LPA,21,2,4,3,4,4,1,3,9.0,No,No,No
HRA242287,Male,Arjun Patel,arjun.patel@hrhub.co.in,arjun.patel,1,Y,80,HRHub Solutions Pvt. Ltd.,Information Technology & Business Services,India,34,26-35,1992-07-29,Single,Master,Computer Science,Maharashtra,Pune,9052620698,Human Resources,HR Executive,Non-Travel,Remote,11.1,6,4,2,3,2017-11-29,97850,10+ LPA,19,0,3,1,4,2,1,1,2.0,No,No,No
HRA242288,Male,Amit Sinha,amit.sinha@hrhub.co.in,amit.sinha,1,Y,80,HRHub Solutions Pvt. Ltd.,Information Technology & Business Services,India,25,18-25,2001-07-27,Married,High School,General Education,West Bengal,Kolkata,9874167886,Finance,Finance Executive,Non-Travel,Work From Office,0.3,0,0,0,0,2028-09-14,34400,3-6 LPA,23,3,3,1,2,1,2,2,0.3,No,No,No
HRA242289,Female,Ishita Shah,ishita.shah@hrhub.co.in,ishita.shah,1,Y,80,HRHub Solutions Pvt. Ltd.,Information Technology & Business Services,India,58,55+,1968-08-04,Married,MBA,Finance,Gujarat,Ahmedabad,9968770179,Operations,Operations Executive,Travel_Rarely,Hybrid,30.3,8,6,1,0,1998-09-22,152900,10+ LPA,20,2,3,4,2,4,2,4,6.0,No,Yes,No
HRA242290,Female,Vaishnavi Sharma,vaishnavi.sharma@hrhub.co.in,vaishnavi.sharma,1,Y,80,HRHub Solutions Pvt. Ltd.,Information Technology & Business Services,India,59,55+,1967-08-05,Married,MBA,Finance,Kerala,Kochi,9393190043,IT,Network Engineer,Non-Travel,Work From Office,0.6,0,0,0,0,2028-05-27,45150,3-6 LPA,18,3,3,3,3,2,3,3,0.6,No,No,No
HRA242291,Female,Pooja Sinha,pooja.sinha@hrhub.co.in,pooja.sinha,1,Y,80,HRHub Solutions Pvt. Ltd.,Information Technology & Business Services,India,58,55+,1968-08-04,Married,MBA,Human Resources,Gujarat,Vadodara,9997625292,Administration,Office Administrator,Non-Travel,Work From Office,28.6,15,5,0,14,2000-06-03,132150,10+ LPA,7,3,3,3,4,3,2,2,5.0,No,Yes,No
HRA242292,Female,Ritika Gupta,ritika.gupta@hrhub.co.in,ritika.gupta,1,Y,80,HRHub Solutions Pvt. Ltd.,Information Technology & Business Services,India,18,18-25,2008-07-25,Single,Diploma,Electrical,Gujarat,Ahmedabad,9682853424,Operations,Supply Chain Coordinator,Travel_Rarely,Work From Office,0.0,0,0,0,0,2029-01-01,33000,3-6 LPA,18,0,4,4,4,3,1,0,0.0,No,No,No
HRA242293,Male,Vivek Chatterjee,vivek.chatterjee@hrhub.co.in,vivek.chatterjee,1,Y,80,HRHub Solutions Pvt. Ltd.,Information Technology & Business Services,India,41,36-45,1985-07-31,Single,PhD,Finance,Tamil Nadu,Chennai,9454818847,Sales,Sales Manager,Non-Travel,Work From Office,8.9,8,4,4,5,2020-02-10,117550,10+ LPA,20,0,3,4,2,4,1,1,0.0,No,No,Yes
HRA242294,Female,Nikita Agarwal,nikita.agarwal@hrhub.co.in,nikita.agarwal,1,Y,80,HRHub Solutions Pvt. Ltd.,Information Technology & Business Services,India,52,46-55,1974-08-03,Married,High School,General Education,Telangana,Hyderabad,9663346883,Operations,Supply Chain Coordinator,Travel_Rarely,Work From Office,27.9,11,2,1,5,2001-02-14,179600,10+ LPA,15,2,3,4,3,3,2,5,6.0,No,Yes,No
HRA242295,Male,Sumit Singh,sumit.singh@hrhub.co.in,sumit.singh,1,Y,80,HRHub Solutions Pvt. Ltd.,Information Technology & Business Services,India,44,36-45,1982-08-01,Divorced,Master,Marketing,Telangana,Hyderabad,9542925773,Human Resources,HR Executive,Travel_Rarely,Work From Office,8.5,2,1,1,0,2020-07-05,71750,6-10 LPA,14,0,3,4,3,4,4,1,5.0,No,No,No
HRA242296,Male,Ayush Reddy,ayush.reddy@hrhub.co.in,ayush.reddy,1,Y,80,HRHub Solutions Pvt. Ltd.,Information Technology & Business Services,India,56,55+,1970-08-04,Married,MBA,Operations,Rajasthan,Udaipur,9556380416,Human Resources,Talent Acquisition Specialist,Travel_Rarely,Remote,3.6,2,2,1,1,2025-05-28,44300,3-6 LPA,23,1,2,4,2,1,2,0,3.6,No,No,No
HRA242297,Female,Pooja Singh,pooja.singh@hrhub.co.in,pooja.singh,1,Y,80,HRHub Solutions Pvt. Ltd.,Information Technology & Business Services,India,42,36-45,1984-07-31,Married,Bachelor,Finance,Karnataka,Mysuru,9960705018,Marketing,Marketing Executive,Travel_Rarely,Remote,7.1,7,3,3,6,2021-11-28,74100,6-10 LPA,16,2,3,4,4,1,1,5,7.1,No,Yes,No
HRA242298,Male,Gaurav Patel,gaurav.patel@hrhub.co.in,gaurav.patel,1,Y,80,HRHub Solutions Pvt. Ltd.,Information Technology & Business Services,India,58,55+,1968-08-04,Married,Bachelor,Information Technology,Tamil Nadu,Chennai,9634345774,IT,Data Analyst,Travel_Rarely,Remote,3.6,0,0,0,0,2025-05-28,52850,6-10 LPA,13,3,3,4,3,1,2,5,2.0,No,No,No
HRA242299,Male,Rohan Ghosh,rohan.ghosh@hrhub.co.in,rohan.ghosh,1,Y,80,HRHub Solutions Pvt. Ltd.,Information Technology & Business Services,India,19,18-25,2007-07-26,Married,Diploma,Computer,Delhi,New Delhi,9400543527,Operations,Supply Chain Coordinator,Non-Travel,Work From Office,0.0,0,0,0,0,2029-01-01,25150,3-6 LPA,14,3,3,1,4,2,1,4,0.0,No,No,No
HRA242300,Female,Harini Das,harini.das@hrhub.co.in,harini.das,1,Y,80,HRHub Solutions Pvt. Ltd.,Information Technology & Business Services,India,26,26-35,2000-07-27,Single,MBA,Human Resources,West Bengal,Kolkata,9108082938,IT,Software Engineer,Travel_Rarely,Work From Office,2.8,0,0,0,0,2026-03-17,53100,6-10 LPA,7,2,2,1,3,3,1,0,2.8,No,No,Yes
HRA242301,Female,Shreya Mukherjee,shreya.mukherjee@hrhub.co.in,shreya.mukherjee,1,Y,80,HRHub Solutions Pvt. Ltd.,Information Technology & Business Services,India,57,55+,1969-08-04,Single,High School,General Education,Rajasthan,Jaipur,9290469953,Marketing,Content Strategist,Non-Travel,Work From Office,19.5,19,0,8,8,2009-07-08,169950,10+ LPA,17,1,3,1,2,3,4,0,2.0,No,No,No
HRA242302,Male,Sumit Roy,sumit.roy@hrhub.co.in,sumit.roy,1,Y,80,HRHub Solutions Pvt. Ltd.,Information Technology & Business Services,India,51,46-55,1975-08-03,Married,Bachelor,Commerce,Maharashtra,Pune,9131560913,Sales,Sales Executive,Travel_Rarely,Remote,22.0,10,1,0,0,2007-01-07,137950,10+ LPA,24,2,4,1,1,2,1,5,8.0,Yes,No,Yes
HRA242303,Female,Sonali Reddy,sonali.reddy@hrhub.co.in,sonali.reddy,1,Y,80,HRHub Solutions Pvt. Ltd.,Information Technology & Business Services,India,55,46-55,1971-08-04,Married,PhD,Finance,Telangana,Hyderabad,9324526988,Marketing,Marketing Executive,Travel_Frequently,Hybrid,31.4,23,19,4,20,1997-08-16,137000,10+ LPA,19,3,3,4,3,1,2,2,6.0,No,Yes,No
HRA242304,Male,Pranav Jain,pranav.jain@hrhub.co.in,pranav.jain,1,Y,80,HRHub Solutions Pvt. Ltd.,Information Technology & Business Services,India,24,18-25,2002-07-27,Single,MBA,Operations,Karnataka,Hubballi,9045236567,IT,Software Engineer,Travel_Frequently,Work From Office,2.8,1,1,0,0,2026-03-17,57000,6-10 LPA,12,2,3,2,1,3,3,6,2.8,No,No,No
HRA242305,Male,Sumit Das,sumit.das@hrhub.co.in,sumit.das,1,Y,80,HRHub Solutions Pvt. Ltd.,Information Technology & Business Services,India,42,36-45,1984-07-31,Married,High School,General Education,Karnataka,Bengaluru,9137692390,Finance,Finance Executive,Non-Travel,Work From Office,14.3,13,5,2,1,2014-09-18,90850,10+ LPA,23,1,3,2,4,2,2,4,0.0,No,No,No
HRA242306,Female,Neha Sinha,neha.sinha@hrhub.co.in,neha.sinha,1,Y,80,HRHub Solutions Pvt. Ltd.,Information Technology & Business Services,India,24,18-25,2002-07-27,Married,High School,General Education,Uttar Pradesh,Kanpur,9395517663,Operations,Operations Executive,Travel_Rarely,Hybrid,2.2,0,0,0,0,2026-10-21,41450,3-6 LPA,22,2,4,4,2,2,4,4,2.2,Yes,Yes,No
HRA242307,Male,Rohan Mehta,rohan.mehta@hrhub.co.in,rohan.mehta,1,Y,80,HRHub Solutions Pvt. Ltd.,Information Technology & Business Services,India,57,55+,1969-08-04,Married,Diploma,Electrical,Telangana,Warangal,9561420533,Human Resources,HR Executive,Travel_Rarely,Hybrid,34.2,32,13,7,13,1994-10-29,175850,10+ LPA,22,1,3,3,3,3,1,5,0.0,No,No,No
HRA242308,Male,Vivek Nair,vivek.nair@hrhub.co.in,vivek.nair,1,Y,80,HRHub Solutions Pvt. Ltd.,Information Technology & Business Services,India,32,26-35,1994-07-29,Married,Bachelor,Marketing,Telangana,Warangal,9571264301,Operations,Operations Manager,Travel_Rarely,Work From Office,7.5,3,2,0,0,2021-07-05,123600,10+ LPA,24,2,3,3,4,2,3,2,2.0,No,Yes,No
HRA242309,Male,Aditya Mishra,aditya.mishra@hrhub.co.in,aditya.mishra,1,Y,80,HRHub Solutions Pvt. Ltd.,Information Technology & Business Services,India,30,26-35,1996-07-28,Single,High School,General Education,Gujarat,Surat,9876264476,Sales,Business Development Executive,Travel_Frequently,Hybrid,4.0,2,1,1,0,2025-01-02,53300,6-10 LPA,18,0,2,3,2,2,4,6,4.0,No,No,No
HRA242310,Female,Shreya Chatterjee,shreya.chatterjee@hrhub.co.in,shreya.chatterjee,1,Y,80,HRHub Solutions Pvt. Ltd.,Information Technology & Business Services,India,37,36-45,1989-07-30,Single,PhD,Finance,Rajasthan,Jodhpur,9031977844,Human Resources,HR Business Partner,Travel_Rarely,Hybrid,6.4,6,4,0,1,2022-08-10,66000,6-10 LPA,20,2,3,4,3,4,1,6,4.0,No,No,Yes
HRA242311,Female,Swati Mishra,swati.mishra@hrhub.co.in,swati.mishra,1,Y,80,HRHub Solutions Pvt. Ltd.,Information Technology & Business Services,India,18,18-25,2008-07-25,Married,Bachelor,Commerce,Gujarat,Ahmedabad,9481549610,Finance,Finance Executive,Travel_Frequently,Hybrid,0.0,0,0,0,0,2029-01-01,33850,3-6 LPA,23,2,3,3,2,2,2,4,0.0,Yes,No,Yes
HRA242312,Female,Ishita Singh,ishita.singh@hrhub.co.in,ishita.singh,1,Y,80,HRHub Solutions Pvt. Ltd.,Information Technology & Business Services,India,44,36-45,1982-08-01,Single,MBA,Human Resources,Telangana,Warangal,9931637074,Marketing,Digital Marketing Specialist,Non-Travel,Remote,16.5,2,0,1,1,2012-07-07,137150,10+ LPA,6,3,3,2,1,1,4,3,10.0,No,No,No
HRA242313,Male,Karan Ghosh,karan.ghosh@hrhub.co.in,karan.ghosh,1,Y,80,HRHub Solutions Pvt. Ltd.,Information Technology & Business Services,India,27,26-35,1999-07-28,Married,MBA,Finance,Gujarat,Surat,9444313800,Human Resources,HR Executive,Travel_Rarely,Work From Office,3.1,1,1,0,1,2025-11-27,51950,6-10 LPA,9,2,2,4,1,1,1,3,1.0,No,No,No
HRA242314,Female,Vidya Patel,vidya.patel@hrhub.co.in,vidya.patel,1,Y,80,HRHub Solutions Pvt. Ltd.,Information Technology & Business Services,India,45,36-45,1981-08-01,Single,High School,General Education,Tamil Nadu,Madurai,9950543494,Sales,Sales Executive,Non-Travel,Hybrid,4.8,2,2,1,0,2024-03-16,52450,6-10 LPA,16,1,3,4,2,4,1,6,4.8,No,No,No
HRA242315,Female,Ritika Sen,ritika.sen@hrhub.co.in,ritika.sen,1,Y,80,HRHub Solutions Pvt. Ltd.,Information Technology & Business Services,India,39,36-45,1987-07-31,Married,PhD,Finance,Delhi,New Delhi,9676627022,IT,Software Engineer,Travel_Rarely,Work From Office,9.9,3,1,0,2,2019-02-10,67450,6-10 LPA,9,1,3,2,4,2,1,0,8.0,Yes,No,No
HRA242316,Female,Shreya Chatterjee,shreya.chatterjee@hrhub.co.in,shreya.chatterjee,1,Y,80,HRHub Solutions Pvt. Ltd.,Information Technology & Business Services,India,30,26-35,1996-07-28,Single,Master,Human Resources,Maharashtra,Nagpur,9407311863,Administration,Facility Coordinator,Travel_Rarely,Work From Office,3.3,1,1,0,0,2025-09-15,32800,3-6 LPA,6,0,2,4,2,3,4,4,3.3,Yes,Yes,No
HRA242317,Male,Vivek Bose,vivek.bose@hrhub.co.in,vivek.bose,1,Y,80,HRHub Solutions Pvt. Ltd.,Information Technology & Business Services,India,29,26-35,1997-07-28,Married,MBA,Finance,West Bengal,Howrah,9639888587,Operations,Operations Executive,Travel_Rarely,Work From Office,1.3,1,0,0,1,2027-09-15,26350,3-6 LPA,8,3,2,1,1,1,3,5,1.3,No,No,No
HRA242318,Female,Megha Patel,megha.patel@hrhub.co.in,megha.patel,1,Y,80,HRHub Solutions Pvt. Ltd.,Information Technology & Business Services,India,50,46-55,1976-08-02,Single,PhD,Computer Science,Tamil Nadu,Coimbatore,9365119166,Sales,Business Development Executive,Non-Travel,Work From Office,27.3,24,0,3,13,2001-09-21,143150,10+ LPA,17,1,3,1,2,4,4,6,8.0,Yes,Yes,No
HRA242319,Female,Sneha Joshi,sneha.joshi@hrhub.co.in,sneha.joshi,1,Y,80,HRHub Solutions Pvt. Ltd.,Information Technology & Business Services,India,54,46-55,1972-08-03,Married,Master,Business Administration,Telangana,Warangal,9670042258,Finance,Financial Analyst,Travel_Frequently,Work From Office,7.6,1,1,0,0,2021-05-29,61300,6-10 LPA,22,1,4,3,3,4,4,4,2.0,Yes,Yes,No
HRA242320,Female,Harini Chatterjee,harini.chatterjee@hrhub.co.in,harini.chatterjee,1,Y,80,HRHub Solutions Pvt. Ltd.,Information Technology & Business Services,India,56,55+,1970-08-04,Married,PhD,Management,Delhi,New Delhi,9235115634,Human Resources,HR Business Partner,Non-Travel,Work From Office,24.3,14,12,6,1,2004-09-20,164250,10+ LPA,6,1,3,3,4,2,2,5,10.0,No,No,No
HRA242321,Male,Rahul Kumar,rahul.kumar@hrhub.co.in,rahul.kumar,1,Y,80,HRHub Solutions Pvt. Ltd.,Information Technology & Business Services,India,23,18-25,2003-07-27,Married,MBA,Human Resources,Uttar Pradesh,Noida,9777441728,Marketing,Content Strategist,Non-Travel,Work From Office,1.6,0,0,0,0,2027-05-28,29450,3-6 LPA,9,2,3,2,3,3,3,1,1.0,Yes,No,No
HRA242322,Female,Tanvi Patel,tanvi.patel@hrhub.co.in,tanvi.patel,1,Y,80,HRHub Solutions Pvt. Ltd.,Information Technology & Business Services,India,18,18-25,2008-07-25,Single,MBA,Finance,Telangana,Hyderabad,9207584442,Administration,Administrative Executive,Travel_Frequently,Hybrid,0.0,0,0,0,0,2029-01-01,23650,0-3 LPA,10,2,4,4,2,1,3,2,0.0,No,No,No
HRA242323,Male,Rahul Roy,rahul.roy@hrhub.co.in,rahul.roy,1,Y,80,HRHub Solutions Pvt. Ltd.,Information Technology & Business Services,India,47,46-55,1979-08-02,Single,MBA,Human Resources,Telangana,Warangal,9159052445,IT,Data Analyst,Travel_Rarely,Work From Office,13.5,6,2,2,0,2015-07-07,96500,10+ LPA,16,2,3,3,4,1,4,1,4.0,No,No,No
HRA242324,Male,Rohan Singh,rohan.singh@hrhub.co.in,rohan.singh,1,Y,80,HRHub Solutions Pvt. Ltd.,Information Technology & Business Services,India,26,26-35,2000-07-27,Married,PhD,Finance,Maharashtra,Nagpur,9058291731,Sales,Sales Manager,Travel_Frequently,Work From Office,3.7,0,0,0,0,2025-04-22,98800,10+ LPA,17,1,3,2,4,4,3,2,3.7,No,No,No
HRA242325,Female,Kavya Mukherjee,kavya.mukherjee@hrhub.co.in,kavya.mukherjee,1,Y,80,HRHub Solutions Pvt. Ltd.,Information Technology & Business Services,India,45,36-45,1981-08-01,Married,High School,General Education,Rajasthan,Jaipur,9045665331,Administration,Facility Coordinator,Travel_Rarely,Work From Office,3.9,2,0,0,0,2025-02-08,35350,3-6 LPA,9,0,3,3,2,4,3,0,3.9,No,No,No
HRA242326,Female,Neha Bose,neha.bose@hrhub.co.in,neha.bose,1,Y,80,HRHub Solutions Pvt. Ltd.,Information Technology & Business Services,India,26,26-35,2000-07-27,Single,High School,General Education,Tamil Nadu,Chennai,9679085550,IT,Software Engineer,Travel_Frequently,Work From Office,4.9,3,0,0,1,2024-02-09,40250,3-6 LPA,25,0,4,4,2,4,1,0,4.0,No,Yes,No
HRA242327,Male,Mohit Mishra,mohit.mishra@hrhub.co.in,mohit.mishra,1,Y,80,HRHub Solutions Pvt. Ltd.,Information Technology & Business Services,India,49,46-55,1977-08-02,Single,Bachelor,Business Administration,Delhi,New Delhi,9332371856,IT,Data Analyst,Travel_Rarely,Hybrid,0.9,0,0,0,0,2028-02-08,43900,3-6 LPA,17,1,2,3,1,4,3,1,0.9,Yes,No,No
HRA242328,Male,Mohit Roy,mohit.roy@hrhub.co.in,mohit.roy,1,Y,80,HRHub Solutions Pvt. Ltd.,Information Technology & Business Services,India,46,46-55,1980-08-01,Married,Bachelor,Marketing,Delhi,New Delhi,9381680835,Human Resources,Talent Acquisition Specialist,Travel_Frequently,Hybrid,1.4,0,0,0,0,2027-08-10,31900,3-6 LPA,16,1,1,2,3,1,4,1,1.4,No,No,No
HRA242329,Male,Ankit Nair,ankit.nair@hrhub.co.in,ankit.nair,1,Y,80,HRHub Solutions Pvt. Ltd.,Information Technology & Business Services,India,52,46-55,1974-08-03,Married,PhD,Finance,Telangana,Hyderabad,9397875772,Finance,Financial Analyst,Travel_Rarely,Work From Office,12.0,7,4,3,6,2017-01-04,106300,10+ LPA,24,3,1,4,1,4,2,0,9.0,No,Yes,No
HRA242330,Male,Varun Chatterjee,varun.chatterjee@hrhub.co.in,varun.chatterjee,1,Y,80,HRHub Solutions Pvt. Ltd.,Information Technology & Business Services,India,19,18-25,2007-07-26,Married,High School,General Education,Tamil Nadu,Madurai,9497959405,Administration,Office Administrator,Travel_Frequently,Work From Office,0.0,0,0,0,0,2029-01-01,30700,3-6 LPA,14,2,3,3,1,2,2,4,0.0,No,No,No
HRA242331,Female,Nikita Kapoor,nikita.kapoor@hrhub.co.in,nikita.kapoor,1,Y,80,HRHub Solutions Pvt. Ltd.,Information Technology & Business Services,India,18,18-25,2008-07-25,Single,Bachelor,Computer Science,Rajasthan,Jodhpur,9587157091,Sales,Sales Executive,Travel_Rarely,Work From Office,0.0,0,0,0,0,2029-01-01,35750,3-6 LPA,9,1,3,2,1,2,3,3,0.0,No,Yes,No
HRA242332,Female,Sneha Sharma,sneha.sharma@hrhub.co.in,sneha.sharma,1,Y,80,HRHub Solutions Pvt. Ltd.,Information Technology & Business Services,India,43,36-45,1983-08-01,Married,Bachelor,Finance,Gujarat,Vadodara,9304800414,IT,Network Engineer,Non-Travel,Work From Office,12.5,0,0,0,0,2016-07-06,128200,10+ LPA,16,0,3,2,4,4,3,0,4.0,No,Yes,No
HRA242333,Female,Pooja Nair,pooja.nair@hrhub.co.in,pooja.nair,1,Y,80,HRHub Solutions Pvt. Ltd.,Information Technology & Business Services,India,28,26-35,1998-07-28,Married,PhD,Management,Maharashtra,Mumbai,9220965393,Marketing,Digital Marketing Specialist,Travel_Rarely,Work From Office,6.5,5,5,1,1,2022-07-05,72800,6-10 LPA,10,3,3,3,4,4,3,2,6.0,No,No,No
HRA242334,Female,Pooja Bose,pooja.bose@hrhub.co.in,pooja.bose,1,Y,80,HRHub Solutions Pvt. Ltd.,Information Technology & Business Services,India,46,46-55,1980-08-01,Single,MBA,Human Resources,Tamil Nadu,Chennai,9511587916,Finance,Financial Analyst,Travel_Rarely,Work From Office,16.2,8,2,2,8,2012-10-24,146150,10+ LPA,9,0,4,3,4,4,4,5,2.0,No,No,No
HRA242335,Female,Anjali Roy,anjali.roy@hrhub.co.in,anjali.roy,1,Y,80,HRHub Solutions Pvt. Ltd.,Information Technology & Business Services,India,54,46-55,1972-08-03,Married,High School,General Education,Gujarat,Surat,9162731148,Marketing,Marketing Executive,Travel_Frequently,Work From Office,1.3,1,1,0,1,2027-09-15,33550,3-6 LPA,14,2,3,1,4,3,2,6,1.3,No,Yes,No
HRA242336,Female,Swati Sen,swati.sen@hrhub.co.in,swati.sen,1,Y,80,HRHub Solutions Pvt. Ltd.,Information Technology & Business Services,India,24,18-25,2002-07-27,Single,PhD,Management,Kerala,Kozhikode,9043145494,Human Resources,Talent Acquisition Specialist,Non-Travel,Work From Office,0.3,0,0,0,0,2028-09-14,35400,3-6 LPA,24,1,3,3,4,1,2,0,0.3,No,No,No
HRA242337,Male,Deepak Sen,deepak.sen@hrhub.co.in,deepak.sen,1,Y,80,HRHub Solutions Pvt. Ltd.,Information Technology & Business Services,India,46,46-55,1980-08-01,Married,Master,Finance,Tamil Nadu,Coimbatore,9377429506,IT,Software Engineer,Non-Travel,Remote,9.4,8,8,0,8,2019-08-11,64700,6-10 LPA,22,2,3,3,3,2,4,5,4.0,Yes,No,No
HRA242338,Female,Shreya Gupta,shreya.gupta@hrhub.co.in,shreya.gupta,1,Y,80,HRHub Solutions Pvt. Ltd.,Information Technology & Business Services,India,36,36-45,1990-07-30,Single,PhD,Management,Delhi,New Delhi,9912098769,Operations,Operations Manager,Non-Travel,Work From Office,12.5,2,1,1,0,2016-07-06,147000,10+ LPA,17,0,3,1,3,2,3,1,8.0,No,No,No
HRA242339,Female,Ritika Kumar,ritika.kumar@hrhub.co.in,ritika.kumar,1,Y,80,HRHub Solutions Pvt. Ltd.,Information Technology & Business Services,India,52,46-55,1974-08-03,Married,MBA,Operations,Rajasthan,Udaipur,9330372218,Finance,Accountant,Travel_Rarely,Work From Office,6.2,5,5,2,3,2022-10-22,59700,6-10 LPA,9,3,3,3,1,4,2,0,6.2,Yes,No,No
HRA242340,Female,Neha Sharma,neha.sharma@hrhub.co.in,neha.sharma,1,Y,80,HRHub Solutions Pvt. Ltd.,Information Technology & Business Services,India,50,46-55,1976-08-02,Married,Bachelor,Computer Science,West Bengal,Durgapur,9101616876,Sales,Business Development Executive,Travel_Rarely,Work From Office,24.9,18,2,8,9,2004-02-14,166200,10+ LPA,15,3,3,3,4,3,3,1,9.0,Yes,No,No
HRA242341,Male,Gaurav Sinha,gaurav.sinha@hrhub.co.in,gaurav.sinha,1,Y,80,HRHub Solutions Pvt. Ltd.,Information Technology & Business Services,India,30,26-35,1996-07-28,Single,PhD,Management,Rajasthan,Jaipur,9684805435,Operations,Supply Chain Coordinator,Non-Travel,Work From Office,8.5,1,0,0,1,2020-07-05,77600,6-10 LPA,9,1,3,2,3,1,4,1,8.0,No,No,No
HRA242342,Female,Shreya Sinha,shreya.sinha@hrhub.co.in,shreya.sinha,1,Y,80,HRHub Solutions Pvt. Ltd.,Information Technology & Business Services,India,35,26-35,1991-07-30,Single,Bachelor,Marketing,Uttar Pradesh,Lucknow,9516171483,Marketing,Digital Marketing Specialist,Travel_Rarely,Work From Office,7.6,0,0,0,0,2021-05-29,84900,10+ LPA,9,3,3,3,2,2,1,1,6.0,No,No,Yes
HRA242343,Female,Megha Patel,megha.patel@hrhub.co.in,megha.patel,1,Y,80,HRHub Solutions Pvt. Ltd.,Information Technology & Business Services,India,48,46-55,1978-08-02,Married,MBA,Human Resources,Gujarat,Ahmedabad,9256180797,Finance,Financial Analyst,Travel_Rarely,Work From Office,14.1,12,1,2,12,2014-11-30,119500,10+ LPA,19,1,3,1,2,2,1,0,3.0,No,Yes,No
HRA242344,Female,Priya Rao,priya.rao@hrhub.co.in,priya.rao,1,Y,80,HRHub Solutions Pvt. Ltd.,Information Technology & Business Services,India,58,55+,1968-08-04,Single,High School,General Education,West Bengal,Howrah,9572048228,Operations,Operations Manager,Travel_Frequently,Work From Office,26.3,22,3,7,14,2002-09-21,209650,10+ LPA,24,2,2,3,4,1,4,3,5.0,No,Yes,Yes
HRA242345,Female,Aditi Kumar,aditi.kumar@hrhub.co.in,aditi.kumar,1,Y,80,HRHub Solutions Pvt. Ltd.,Information Technology & Business Services,India,44,36-45,1982-08-01,Single,High School,General Education,Kerala,Kochi,9734762395,Operations,Supply Chain Coordinator,Travel_Frequently,Work From Office,13.9,3,2,0,2,2015-02-11,92250,10+ LPA,22,2,4,2,3,4,4,3,2.0,No,No,No
HRA242346,Male,Harsh Chatterjee,harsh.chatterjee@hrhub.co.in,harsh.chatterjee,1,Y,80,HRHub Solutions Pvt. Ltd.,Information Technology & Business Services,India,53,46-55,1973-08-03,Married,Master,Finance,Telangana,Warangal,9168643005,Human Resources,HR Executive,Travel_Rarely,Remote,12.0,7,5,1,7,2017-01-04,122100,10+ LPA,8,2,4,4,2,1,4,3,3.0,Yes,No,No
HRA242347,Male,Nikhil Singh,nikhil.singh@hrhub.co.in,nikhil.singh,1,Y,80,HRHub Solutions Pvt. Ltd.,Information Technology & Business Services,India,53,46-55,1973-08-03,Married,MBA,Human Resources,West Bengal,Howrah,9795635466,Human Resources,HR Executive,Travel_Rarely,Work From Office,4.2,3,1,1,2,2024-10-21,49000,3-6 LPA,23,2,3,1,2,4,1,2,4.0,No,No,No
HRA242348,Male,Deepak Sharma,deepak.sharma@hrhub.co.in,deepak.sharma,1,Y,80,HRHub Solutions Pvt. Ltd.,Information Technology & Business Services,India,45,36-45,1981-08-01,Divorced,Bachelor,Commerce,West Bengal,Kolkata,9747004624,Operations,Operations Executive,Travel_Frequently,Hybrid,11.9,7,7,1,1,2017-02-10,97100,10+ LPA,9,1,4,2,4,1,3,3,7.0,No,No,No
HRA242349,Female,Shreya Mishra,shreya.mishra@hrhub.co.in,shreya.mishra,1,Y,80,HRHub Solutions Pvt. Ltd.,Information Technology & Business Services,India,24,18-25,2002-07-27,Married,High School,General Education,Kerala,Kochi,9825612829,Human Resources,HR Business Partner,Travel_Rarely,Work From Office,2.1,1,0,0,1,2026-11-27,42750,3-6 LPA,8,3,4,3,3,3,4,4,2.1,No,No,Yes
HRA242350,Male,Rohan Sinha,rohan.sinha@hrhub.co.in,rohan.sinha,1,Y,80,HRHub Solutions Pvt. Ltd.,Information Technology & Business Services,India,28,26-35,1998-07-28,Single,Diploma,Mechanical,Uttar Pradesh,Lucknow,9825345899,Sales,Sales Manager,Non-Travel,Work From Office,4.3,3,1,1,0,2024-09-15,108700,10+ LPA,15,3,1,4,2,1,1,0,4.0,No,No,No
HRA242351,Male,Vivek Sen,vivek.sen@hrhub.co.in,vivek.sen,1,Y,80,HRHub Solutions Pvt. Ltd.,Information Technology & Business Services,India,42,36-45,1984-07-31,Married,Bachelor,Computer Science,Gujarat,Surat,9161684103,Finance,Financial Analyst,Non-Travel,Hybrid,0.8,0,0,0,0,2028-03-15,34500,3-6 LPA,13,1,2,2,4,3,2,1,0.8,No,No,Yes
HRA242352,Female,Ritika Reddy,ritika.reddy@hrhub.co.in,ritika.reddy,1,Y,80,HRHub Solutions Pvt. Ltd.,Information Technology & Business Services,India,43,36-45,1983-08-01,Married,MBA,Operations,West Bengal,Kolkata,9205737909,Administration,Administrative Executive,Travel_Rarely,Work From Office,19.4,1,0,0,0,2009-08-14,166050,10+ LPA,13,3,3,2,4,2,4,2,7.0,No,No,Yes
HRA242353,Male,Nikhil Nair,nikhil.nair@hrhub.co.in,nikhil.nair,1,Y,80,HRHub Solutions Pvt. Ltd.,Information Technology & Business Services,India,38,36-45,1988-07-30,Single,MBA,Marketing,Tamil Nadu,Madurai,9798380056,Human Resources,HR Executive,Travel_Rarely,Hybrid,10.4,2,1,1,2,2018-08-11,122050,10+ LPA,24,0,2,2,4,4,1,3,5.0,No,No,No
HRA242354,Male,Ayush Patel,ayush.patel@hrhub.co.in,ayush.patel,1,Y,80,HRHub Solutions Pvt. Ltd.,Information Technology & Business Services,India,34,26-35,1992-07-29,Single,Bachelor,Finance,Kerala,Thiruvananthapuram,9526078132,Marketing,Digital Marketing Specialist,Non-Travel,Work From Office,4.8,3,1,0,2,2024-03-16,52550,6-10 LPA,6,2,3,1,4,3,4,3,3.0,No,No,No
HRA242355,Female,Neha Chatterjee,neha.chatterjee@hrhub.co.in,neha.chatterjee,1,Y,80,HRHub Solutions Pvt. Ltd.,Information Technology & Business Services,India,53,46-55,1973-08-03,Married,PhD,Computer Science,Rajasthan,Jaipur,9873013860,Finance,Financial Analyst,Travel_Frequently,Work From Office,8.5,3,3,1,3,2020-07-05,63200,6-10 LPA,24,3,3,2,2,4,3,0,8.5,No,No,No
HRA242356,Female,Shreya Shah,shreya.shah@hrhub.co.in,shreya.shah,1,Y,80,HRHub Solutions Pvt. Ltd.,Information Technology & Business Services,India,42,36-45,1984-07-31,Single,Bachelor,Human Resources,Karnataka,Bengaluru,9134045445,Human Resources,HR Business Partner,Travel_Rarely,Work From Office,15.3,7,6,2,3,2013-09-18,176400,10+ LPA,9,1,3,1,1,4,3,4,3.0,No,No,Yes
HRA242357,Female,Anjali Joshi,anjali.joshi@hrhub.co.in,anjali.joshi,1,Y,80,HRHub Solutions Pvt. Ltd.,Information Technology & Business Services,India,47,46-55,1979-08-02,Married,PhD,Management,Karnataka,Hubballi,9082682805,Human Resources,Talent Acquisition Specialist,Travel_Frequently,Hybrid,0.2,0,0,0,0,2028-10-20,21950,0-3 LPA,22,0,4,1,3,2,2,1,0.2,No,No,No
HRA242358,Female,Ritika Reddy,ritika.reddy@hrhub.co.in,ritika.reddy,1,Y,80,HRHub Solutions Pvt. Ltd.,Information Technology & Business Services,India,39,36-45,1987-07-31,Married,Master,Computer Science,Gujarat,Surat,9819356280,Operations,Supply Chain Coordinator,Travel_Rarely,Hybrid,13.7,2,1,0,1,2015-04-25,96800,10+ LPA,13,2,2,3,4,2,3,3,9.0,No,No,No
HRA242359,Female,Aditi Bose,aditi.bose@hrhub.co.in,aditi.bose,1,Y,80,HRHub Solutions Pvt. Ltd.,Information Technology & Business Services,India,18,18-25,2008-07-25,Married,High School,General Education,Rajasthan,Jaipur,9093043521,Finance,Financial Analyst,Non-Travel,Remote,0.0,0,0,0,0,2029-01-01,41200,3-6 LPA,11,3,4,2,3,4,4,0,0.0,Yes,No,No
HRA242360,Male,Pranav Rao,pranav.rao@hrhub.co.in,pranav.rao,1,Y,80,HRHub Solutions Pvt. Ltd.,Information Technology & Business Services,India,28,26-35,1998-07-28,Single,High School,General Education,Telangana,Warangal,9135047408,Finance,Accountant,Travel_Rarely,Work From Office,0.6,0,0,0,0,2028-05-27,41150,3-6 LPA,8,0,3,3,3,2,1,3,0.6,No,No,No
HRA242361,Male,Shubham Khan,shubham.khan@hrhub.co.in,shubham.khan,1,Y,80,HRHub Solutions Pvt. Ltd.,Information Technology & Business Services,India,22,18-25,2004-07-26,Married,High School,General Education,Rajasthan,Udaipur,9162063561,Operations,Supply Chain Coordinator,Non-Travel,Work From Office,0.6,0,0,0,0,2028-05-27,34000,3-6 LPA,5,0,3,4,3,3,1,6,0.6,Yes,No,No
HRA242362,Female,Riya Shah,riya.shah@hrhub.co.in,riya.shah,1,Y,80,HRHub Solutions Pvt. Ltd.,Information Technology & Business Services,India,60,55+,1966-08-05,Single,MBA,Operations,Karnataka,Bengaluru,9504080413,IT,System Administrator,Non-Travel,Work From Office,29.8,22,5,3,5,1999-03-23,131250,10+ LPA,25,2,3,2,3,2,1,3,3.0,No,Yes,No
HRA242363,Male,Gaurav Singh,gaurav.singh@hrhub.co.in,gaurav.singh,1,Y,80,HRHub Solutions Pvt. Ltd.,Information Technology & Business Services,India,22,18-25,2004-07-26,Married,Diploma,Mechanical,Uttar Pradesh,Kanpur,9830031579,Sales,Sales Executive,Non-Travel,Work From Office,0.2,0,0,0,0,2028-10-20,39900,3-6 LPA,12,3,3,3,1,2,1,6,0.2,No,No,No
HRA242364,Male,Vivek Jain,vivek.jain@hrhub.co.in,vivek.jain,1,Y,80,HRHub Solutions Pvt. Ltd.,Information Technology & Business Services,India,57,55+,1969-08-04,Single,Master,Business Administration,Maharashtra,Mumbai,9574941769,Administration,Office Administrator,Travel_Rarely,Hybrid,0.1,0,0,0,0,2028-11-26,23100,0-3 LPA,13,1,3,1,2,2,2,1,0.1,No,Yes,No
HRA242365,Male,Vivek Singh,vivek.singh@hrhub.co.in,vivek.singh,1,Y,80,HRHub Solutions Pvt. Ltd.,Information Technology & Business Services,India,48,46-55,1978-08-02,Single,Bachelor,Business Administration,Maharashtra,Pune,9018276095,Sales,Sales Manager,Travel_Rarely,Work From Office,9.4,7,1,1,2,2019-08-11,115600,10+ LPA,14,2,4,1,3,3,3,1,9.0,No,Yes,No
HRA242366,Female,Riya Mukherjee,riya.mukherjee@hrhub.co.in,riya.mukherjee,1,Y,80,HRHub Solutions Pvt. Ltd.,Information Technology & Business Services,India,50,46-55,1976-08-02,Single,MBA,Operations,West Bengal,Kolkata,9295802139,Human Resources,Talent Acquisition Specialist,Non-Travel,Hybrid,17.2,1,1,0,1,2011-10-25,143900,10+ LPA,5,1,3,4,3,3,1,5,7.0,No,No,Yes
HRA242367,Male,Aarav Chatterjee,aarav.chatterjee@hrhub.co.in,aarav.chatterjee,1,Y,80,HRHub Solutions Pvt. Ltd.,Information Technology & Business Services,India,52,46-55,1974-08-03,Married,High School,General Education,Uttar Pradesh,Noida,9187819946,IT,System Administrator,Travel_Rarely,Work From Office,25.4,25,21,1,24,2003-08-15,147000,10+ LPA,5,0,2,1,3,1,2,3,10.0,Yes,Yes,No
HRA242368,Female,Neha Sen,neha.sen@hrhub.co.in,neha.sen,1,Y,80,HRHub Solutions Pvt. Ltd.,Information Technology & Business Services,India,44,36-45,1982-08-01,Married,MBA,Marketing,Kerala,Kochi,9793277628,Finance,Financial Analyst,Travel_Rarely,Work From Office,2.6,1,0,0,1,2026-05-28,48000,3-6 LPA,7,1,3,1,3,4,4,0,2.6,No,No,No
HRA242369,Male,Deepak Sen,deepak.sen@hrhub.co.in,deepak.sen,1,Y,80,HRHub Solutions Pvt. Ltd.,Information Technology & Business Services,India,55,46-55,1971-08-04,Divorced,Diploma,Mechanical,Delhi,New Delhi,9535525575,Sales,Sales Executive,Travel_Rarely,Work From Office,24.8,12,11,4,10,2004-03-21,184000,10+ LPA,5,0,2,1,3,2,2,4,3.0,Yes,Yes,No
HRA242370,Female,Vidya Nair,vidya.nair@hrhub.co.in,vidya.nair,1,Y,80,HRHub Solutions Pvt. Ltd.,Information Technology & Business Services,India,25,18-25,2001-07-27,Single,Diploma,Mechanical,Maharashtra,Mumbai,9018076425,Administration,Facility Coordinator,Travel_Rarely,Work From Office,3.4,0,0,0,0,2025-08-09,32950,3-6 LPA,20,3,3,2,3,1,3,2,3.4,No,No,No
HRA242371,Female,Deepika Ghosh,deepika.ghosh@hrhub.co.in,deepika.ghosh,1,Y,80,HRHub Solutions Pvt. Ltd.,Information Technology & Business Services,India,32,26-35,1994-07-29,Single,PhD,Management,Telangana,Warangal,9668749615,Human Resources,HR Executive,Travel_Frequently,Work From Office,1.4,0,0,0,0,2027-08-10,25550,3-6 LPA,7,1,1,1,2,2,3,4,1.4,No,No,No
HRA242372,Male,Raj Sen,raj.sen@hrhub.co.in,raj.sen,1,Y,80,HRHub Solutions Pvt. Ltd.,Information Technology & Business Services,India,56,55+,1970-08-04,Married,High School,General Education,Uttar Pradesh,Kanpur,9137949810,Operations,Operations Manager,Travel_Rarely,Remote,5.8,1,1,0,0,2023-03-17,108950,10+ LPA,9,3,2,4,1,1,2,0,4.0,No,No,No
HRA242373,Female,Harini Sharma,harini.sharma@hrhub.co.in,harini.sharma,1,Y,80,HRHub Solutions Pvt. Ltd.,Information Technology & Business Services,India,55,46-55,1971-08-04,Single,Diploma,Computer,Maharashtra,Pune,9725548148,Administration,Office Administrator,Travel_Rarely,Hybrid,19.9,17,3,5,16,2009-02-12,122400,10+ LPA,10,0,4,2,3,3,4,1,10.0,No,No,No
HRA242374,Male,Rohan Sen,rohan.sen@hrhub.co.in,rohan.sen,1,Y,80,HRHub Solutions Pvt. Ltd.,Information Technology & Business Services,India,29,26-35,1997-07-28,Married,Diploma,Civil,Delhi,New Delhi,9045834461,Administration,Office Administrator,Travel_Frequently,Work From Office,4.0,2,1,1,1,2025-01-02,39450,3-6 LPA,22,2,4,1,1,2,1,4,1.0,No,No,Yes
HRA242375,Female,Priya Joshi,priya.joshi@hrhub.co.in,priya.joshi,1,Y,80,HRHub Solutions Pvt. Ltd.,Information Technology & Business Services,India,44,36-45,1982-08-01,Single,MBA,Marketing,Kerala,Kozhikode,9035059738,Human Resources,Talent Acquisition Specialist,Travel_Frequently,Work From Office,15.4,2,1,0,0,2013-08-12,147950,10+ LPA,23,3,4,1,2,2,1,1,4.0,Yes,No,Yes
HRA242376,Male,Rahul Joshi,rahul.joshi@hrhub.co.in,rahul.joshi,1,Y,80,HRHub Solutions Pvt. Ltd.,Information Technology & Business Services,India,51,46-55,1975-08-03,Married,PhD,Computer Science,Maharashtra,Nagpur,9485606466,IT,Data Analyst,Travel_Rarely,Work From Office,3.6,0,0,0,0,2025-05-28,41250,3-6 LPA,13,2,2,3,2,2,3,2,3.6,Yes,No,No
HRA242377,Female,Megha Mishra,megha.mishra@hrhub.co.in,megha.mishra,1,Y,80,HRHub Solutions Pvt. Ltd.,Information Technology & Business Services,India,40,36-45,1986-07-31,Married,Diploma,Electrical,Karnataka,Hubballi,9069016143,Sales,Business Development Executive,Travel_Rarely,Hybrid,1.8,1,1,0,0,2027-03-16,29200,3-6 LPA,16,2,3,2,2,1,2,6,1.8,No,Yes,No
HRA242378,Male,Rahul Khan,rahul.khan@hrhub.co.in,rahul.khan,1,Y,80,HRHub Solutions Pvt. Ltd.,Information Technology & Business Services,India,32,26-35,1994-07-29,Married,Master,Computer Science,Uttar Pradesh,Kanpur,9153714874,Finance,Financial Analyst,Travel_Rarely,Work From Office,3.6,0,0,0,0,2025-05-28,59050,6-10 LPA,7,2,4,3,2,4,3,4,3.0,No,Yes,No
HRA242379,Female,Tanvi Kapoor,tanvi.kapoor@hrhub.co.in,tanvi.kapoor,1,Y,80,HRHub Solutions Pvt. Ltd.,Information Technology & Business Services,India,22,18-25,2004-07-26,Married,Bachelor,Marketing,Kerala,Kochi,9464712123,Operations,Operations Executive,Travel_Rarely,Remote,0.2,0,0,0,0,2028-10-20,30800,3-6 LPA,24,1,3,3,1,4,4,3,0.2,No,Yes,Yes
HRA242380,Male,Aditya Kapoor,aditya.kapoor@hrhub.co.in,aditya.kapoor,1,Y,80,HRHub Solutions Pvt. Ltd.,Information Technology & Business Services,India,32,26-35,1994-07-29,Married,High School,General Education,Rajasthan,Udaipur,9206612681,Sales,Sales Executive,Travel_Rarely,Remote,7.9,3,0,1,1,2021-02-09,77600,6-10 LPA,14,2,1,4,3,3,4,3,7.9,No,No,No
HRA242381,Female,Neha Ghosh,neha.ghosh@hrhub.co.in,neha.ghosh,1,Y,80,HRHub Solutions Pvt. Ltd.,Information Technology & Business Services,India,25,18-25,2001-07-27,Married,High School,General Education,West Bengal,Kolkata,9268786220,IT,Software Engineer,Travel_Rarely,Work From Office,3.3,3,2,0,1,2025-09-15,44950,3-6 LPA,24,0,3,1,1,4,2,0,3.3,No,No,Yes
HRA242382,Female,Ishita Patel,ishita.patel@hrhub.co.in,ishita.patel,1,Y,80,HRHub Solutions Pvt. Ltd.,Information Technology & Business Services,India,38,36-45,1988-07-30,Married,MBA,Marketing,Delhi,New Delhi,9418750435,Sales,Sales Manager,Non-Travel,Work From Office,2.0,0,0,0,0,2027-01-02,81200,6-10 LPA,8,2,3,2,2,3,3,5,2.0,Yes,No,No
HRA242383,Male,Arjun Das,arjun.das@hrhub.co.in,arjun.das,1,Y,80,HRHub Solutions Pvt. Ltd.,Information Technology & Business Services,India,35,26-35,1991-07-30,Married,MBA,Operations,Tamil Nadu,Chennai,9939425174,Finance,Accountant,Travel_Rarely,Work From Office,2.7,1,1,0,0,2026-04-22,58500,6-10 LPA,14,1,4,1,4,3,1,0,2.7,No,No,No
HRA242384,Female,Swati Nair,swati.nair@hrhub.co.in,swati.nair,1,Y,80,HRHub Solutions Pvt. Ltd.,Information Technology & Business Services,India,26,26-35,2000-07-27,Married,PhD,Management,Kerala,Kozhikode,9063937964,Human Resources,HR Business Partner,Travel_Frequently,Hybrid,4.0,0,0,0,0,2025-01-02,36750,3-6 LPA,24,3,1,2,3,3,2,3,1.0,No,Yes,No
HRA242385,Female,Sonali Khan,sonali.khan@hrhub.co.in,sonali.khan,1,Y,80,HRHub Solutions Pvt. Ltd.,Information Technology & Business Services,India,57,55+,1969-08-04,Single,Diploma,Electrical,Uttar Pradesh,Kanpur,9309336114,IT,System Administrator,Non-Travel,Work From Office,12.4,10,9,2,0,2016-08-11,123000,10+ LPA,8,0,1,4,1,1,1,1,1.0,No,No,No
HRA242386,Female,Kavya Sharma,kavya.sharma@hrhub.co.in,kavya.sharma,1,Y,80,HRHub Solutions Pvt. Ltd.,Information Technology & Business Services,India,33,26-35,1993-07-29,Single,PhD,Finance,West Bengal,Kolkata,9156868385,Marketing,Marketing Executive,Travel_Rarely,Work From Office,6.7,0,0,0,0,2022-04-23,62850,6-10 LPA,5,3,3,4,2,3,2,5,2.0,No,No,No
HRA242387,Female,Aditi Kapoor,aditi.kapoor@hrhub.co.in,aditi.kapoor,1,Y,80,HRHub Solutions Pvt. Ltd.,Information Technology & Business Services,India,40,36-45,1986-07-31,Single,PhD,Management,Tamil Nadu,Chennai,9848577826,Finance,Financial Analyst,Non-Travel,Work From Office,7.3,4,0,1,1,2021-09-16,79500,6-10 LPA,17,0,3,3,4,2,3,6,7.3,No,No,No
HRA242388,Female,Ritika Gupta,ritika.gupta@hrhub.co.in,ritika.gupta,1,Y,80,HRHub Solutions Pvt. Ltd.,Information Technology & Business Services,India,34,26-35,1992-07-29,Married,PhD,Management,Rajasthan,Jaipur,9721252770,Administration,Office Administrator,Travel_Frequently,Work From Office,0.5,0,0,0,0,2028-07-03,30250,3-6 LPA,11,2,3,2,3,3,3,5,0.5,No,No,No
HRA242389,Female,Tanvi Das,tanvi.das@hrhub.co.in,tanvi.das,1,Y,80,HRHub Solutions Pvt. Ltd.,Information Technology & Business Services,India,36,36-45,1990-07-30,Single,Bachelor,Marketing,Rajasthan,Udaipur,9226540860,Marketing,Digital Marketing Specialist,Travel_Rarely,Work From Office,4.7,4,4,0,3,2024-04-22,41450,3-6 LPA,22,2,3,1,2,2,1,3,0.0,No,No,No
HRA242390,Male,Ayush Kumar,ayush.kumar@hrhub.co.in,ayush.kumar,1,Y,80,HRHub Solutions Pvt. Ltd.,Information Technology & Business Services,India,24,18-25,2002-07-27,Married,High School,General Education,Kerala,Kochi,9077890570,Administration,Office Administrator,Travel_Frequently,Work From Office,1.5,1,1,0,0,2027-07-04,30400,3-6 LPA,24,1,1,3,1,3,1,3,0.0,Yes,No,Yes
HRA242391,Male,Raj Sharma,raj.sharma@hrhub.co.in,raj.sharma,1,Y,80,HRHub Solutions Pvt. Ltd.,Information Technology & Business Services,India,33,26-35,1993-07-29,Single,Master,Computer Science,Maharashtra,Mumbai,9178722728,Marketing,Content Strategist,Travel_Rarely,Remote,10.4,3,2,0,3,2018-08-11,116000,10+ LPA,19,1,3,1,3,2,1,5,2.0,No,Yes,No
HRA242392,Male,Deepak Reddy,deepak.reddy@hrhub.co.in,deepak.reddy,1,Y,80,HRHub Solutions Pvt. Ltd.,Information Technology & Business Services,India,37,36-45,1989-07-30,Single,Diploma,Mechanical,Rajasthan,Jaipur,9861429008,Operations,Operations Executive,Travel_Frequently,Work From Office,8.2,6,0,2,2,2020-10-23,65500,6-10 LPA,15,1,1,3,2,2,3,1,8.2,No,Yes,No
HRA242393,Female,Khushi Kumar,khushi.kumar@hrhub.co.in,khushi.kumar,1,Y,80,HRHub Solutions Pvt. Ltd.,Information Technology & Business Services,India,41,36-45,1985-07-31,Single,Diploma,Electrical,Kerala,Kochi,9887731412,Sales,Sales Manager,Travel_Rarely,Work From Office,2.6,2,1,1,0,2026-05-28,84800,10+ LPA,25,0,3,4,1,3,3,4,2.6,No,Yes,No
HRA242394,Female,Swati Reddy,swati.reddy@hrhub.co.in,swati.reddy,1,Y,80,HRHub Solutions Pvt. Ltd.,Information Technology & Business Services,India,60,55+,1966-08-05,Divorced,High School,General Education,Karnataka,Bengaluru,9516452083,Human Resources,Talent Acquisition Specialist,Non-Travel,Work From Office,20.4,15,11,0,5,2008-08-14,126200,10+ LPA,6,0,3,2,2,2,3,3,3.0,No,No,No
HRA242395,Male,Sumit Mehta,sumit.mehta@hrhub.co.in,sumit.mehta,1,Y,80,HRHub Solutions Pvt. Ltd.,Information Technology & Business Services,India,20,18-25,2006-07-26,Married,Diploma,Computer,Delhi,New Delhi,9528094982,Finance,Financial Analyst,Travel_Rarely,Hybrid,0.0,0,0,0,0,2029-01-01,29200,3-6 LPA,20,3,3,3,2,4,3,4,0.0,Yes,No,No
HRA242396,Male,Harsh Singh,harsh.singh@hrhub.co.in,harsh.singh,1,Y,80,HRHub Solutions Pvt. Ltd.,Information Technology & Business Services,India,50,46-55,1976-08-02,Divorced,Bachelor,Information Technology,West Bengal,Howrah,9140313453,Operations,Supply Chain Coordinator,Travel_Rarely,Hybrid,16.4,0,0,0,0,2012-08-13,166900,10+ LPA,19,3,3,4,3,4,4,3,2.0,No,No,No
HRA242397,Male,Pranav Verma,pranav.verma@hrhub.co.in,pranav.verma,1,Y,80,HRHub Solutions Pvt. Ltd.,Information Technology & Business Services,India,23,18-25,2003-07-27,Married,Bachelor,Business Administration,Maharashtra,Nagpur,9952569024,Human Resources,Talent Acquisition Specialist,Travel_Rarely,Hybrid,0.1,0,0,0,0,2028-11-26,36700,3-6 LPA,8,1,4,1,4,3,4,1,0.1,No,Yes,No
HRA242398,Female,Sneha Sharma,sneha.sharma@hrhub.co.in,sneha.sharma,1,Y,80,HRHub Solutions Pvt. Ltd.,Information Technology & Business Services,India,25,18-25,2001-07-27,Married,Master,Finance,Delhi,New Delhi,9552683374,IT,Data Analyst,Travel_Rarely,Remote,1.0,0,0,0,0,2028-01-02,32150,3-6 LPA,25,1,3,4,4,3,2,5,1.0,No,No,No
HRA242399,Male,Akash Khan,akash.khan@hrhub.co.in,akash.khan,1,Y,80,HRHub Solutions Pvt. Ltd.,Information Technology & Business Services,India,28,26-35,1998-07-28,Single,Master,Human Resources,Karnataka,Mysuru,9989850234,Marketing,Content Strategist,Non-Travel,Work From Office,5.6,0,0,0,0,2023-05-30,75550,6-10 LPA,18,0,2,4,4,1,2,0,5.6,No,Yes,No
HRA242400,Female,Neha Nair,neha.nair@hrhub.co.in,neha.nair,1,Y,80,HRHub Solutions Pvt. Ltd.,Information Technology & Business Services,India,32,26-35,1994-07-29,Married,Master,Computer Science,Uttar Pradesh,Noida,9080936958,IT,Software Engineer,Travel_Rarely,Work From Office,4.6,1,1,0,0,2024-05-29,47050,3-6 LPA,22,3,4,3,2,1,1,6,2.0,No,No,No
HRA242401,Female,Ishita Mehta,ishita.mehta@hrhub.co.in,ishita.mehta,1,Y,80,HRHub Solutions Pvt. Ltd.,Information Technology & Business Services,India,26,26-35,2000-07-27,Single,MBA,Operations,Uttar Pradesh,Noida,9784919260,Finance,Accountant,Travel_Frequently,Work From Office,1.0,1,0,0,0,2028-01-02,34800,3-6 LPA,17,2,2,1,1,1,3,2,1.0,No,No,No
HRA242402,Male,Deepak Saha,deepak.saha@hrhub.co.in,deepak.saha,1,Y,80,HRHub Solutions Pvt. Ltd.,Information Technology & Business Services,India,28,26-35,1998-07-28,Married,Diploma,Electrical,Karnataka,Mysuru,9140649848,Operations,Operations Executive,Travel_Rarely,Work From Office,1.9,0,0,0,0,2027-02-08,30850,3-6 LPA,21,1,2,1,1,1,2,3,0.0,No,No,No
HRA242403,Female,Pooja Bose,pooja.bose@hrhub.co.in,pooja.bose,1,Y,80,HRHub Solutions Pvt. Ltd.,Information Technology & Business Services,India,20,18-25,2006-07-26,Married,MBA,Operations,Tamil Nadu,Madurai,9815654037,Sales,Sales Manager,Travel_Frequently,Work From Office,0.0,0,0,0,0,2029-01-01,81800,6-10 LPA,13,1,2,4,1,3,2,5,0.0,No,No,No
HRA242404,Female,Nikita Mehta,nikita.mehta@hrhub.co.in,nikita.mehta,1,Y,80,HRHub Solutions Pvt. Ltd.,Information Technology & Business Services,India,24,18-25,2002-07-27,Married,Diploma,Mechanical,Telangana,Hyderabad,9907486970,Finance,Finance Executive,Non-Travel,Work From Office,0.5,0,0,0,0,2028-07-03,35850,3-6 LPA,7,0,3,3,3,4,1,2,0.0,No,No,Yes
HRA242405,Female,Riya Sen,riya.sen@hrhub.co.in,riya.sen,1,Y,80,HRHub Solutions Pvt. Ltd.,Information Technology & Business Services,India,41,36-45,1985-07-31,Married,MBA,Operations,Delhi,New Delhi,9409591489,Finance,Finance Executive,Travel_Rarely,Hybrid,11.0,2,1,1,0,2018-01-04,118300,10+ LPA,22,1,3,4,4,4,3,5,6.0,No,No,No
HRA242406,Female,Sonali Ghosh,sonali.ghosh@hrhub.co.in,sonali.ghosh,1,Y,80,HRHub Solutions Pvt. Ltd.,Information Technology & Business Services,India,19,18-25,2007-07-26,Single,Bachelor,Information Technology,West Bengal,Howrah,9813944010,IT,Software Engineer,Travel_Rarely,Hybrid,0.0,0,0,0,0,2029-01-01,32750,3-6 LPA,9,3,3,3,1,4,4,4,0.0,No,No,No
HRA242407,Male,Arjun Agarwal,arjun.agarwal@hrhub.co.in,arjun.agarwal,1,Y,80,HRHub Solutions Pvt. Ltd.,Information Technology & Business Services,India,32,26-35,1994-07-29,Single,PhD,Finance,Delhi,New Delhi,9480777587,Human Resources,HR Executive,Travel_Frequently,Work From Office,2.3,1,1,0,1,2026-09-15,49200,3-6 LPA,17,1,4,3,3,1,4,4,2.0,No,No,Yes
HRA242408,Female,Anjali Kumar,anjali.kumar@hrhub.co.in,anjali.kumar,1,Y,80,HRHub Solutions Pvt. Ltd.,Information Technology & Business Services,India,23,18-25,2003-07-27,Married,Diploma,Civil,Gujarat,Vadodara,9380278492,Administration,Administrative Executive,Non-Travel,Work From Office,0.8,0,0,0,0,2028-03-15,19250,0-3 LPA,15,2,2,1,2,3,4,3,0.8,No,No,Yes
HRA242409,Female,Khushi Bose,khushi.bose@hrhub.co.in,khushi.bose,1,Y,80,HRHub Solutions Pvt. Ltd.,Information Technology & Business Services,India,47,46-55,1979-08-02,Divorced,MBA,Finance,Telangana,Warangal,9802424280,Finance,Finance Executive,Travel_Frequently,Work From Office,18.8,18,15,0,0,2010-03-20,135850,10+ LPA,24,0,3,3,3,4,4,0,2.0,No,No,No
HRA242410,Male,Harsh Jain,harsh.jain@hrhub.co.in,harsh.jain,1,Y,80,HRHub Solutions Pvt. Ltd.,Information Technology & Business Services,India,57,55+,1969-08-04,Married,High School,General Education,West Bengal,Kolkata,9473101383,Operations,Operations Manager,Travel_Rarely,Work From Office,21.9,16,13,2,4,2007-02-13,236650,10+ LPA,20,0,3,3,1,2,4,4,7.0,No,No,No
HRA242411,Female,Anjali Reddy,anjali.reddy@hrhub.co.in,anjali.reddy,1,Y,80,HRHub Solutions Pvt. Ltd.,Information Technology & Business Services,India,49,46-55,1977-08-02,Single,MBA,Marketing,West Bengal,Howrah,9984363286,Marketing,Content Strategist,Non-Travel,Hybrid,5.6,2,1,0,0,2023-05-30,79250,6-10 LPA,19,1,1,3,3,3,1,1,3.0,No,No,No
HRA242412,Female,Harini Khan,harini.khan@hrhub.co.in,harini.khan,1,Y,80,HRHub Solutions Pvt. Ltd.,Information Technology & Business Services,India,36,36-45,1990-07-30,Single,High School,General Education,Delhi,New Delhi,9582129063,Administration,Administrative Executive,Travel_Rarely,Work From Office,0.1,0,0,0,0,2028-11-26,28500,3-6 LPA,12,0,3,1,2,3,3,2,0.1,Yes,Yes,Yes
HRA242413,Female,Neha Chatterjee,neha.chatterjee@hrhub.co.in,neha.chatterjee,1,Y,80,HRHub Solutions Pvt. Ltd.,Information Technology & Business Services,India,24,18-25,2002-07-27,Married,High School,General Education,Delhi,New Delhi,9898282237,Human Resources,Talent Acquisition Specialist,Travel_Rarely,Work From Office,0.3,0,0,0,0,2028-09-14,32650,3-6 LPA,12,3,3,3,3,1,1,6,0.0,Yes,No,No
HRA242414,Male,Nikhil Joshi,nikhil.joshi@hrhub.co.in,nikhil.joshi,1,Y,80,HRHub Solutions Pvt. Ltd.,Information Technology & Business Services,India,47,46-55,1979-08-02,Married,Bachelor,Computer Science,Telangana,Hyderabad,9827857329,Human Resources,Talent Acquisition Specialist,Travel_Rarely,Work From Office,15.0,8,5,1,8,2014-01-05,129300,10+ LPA,25,0,3,1,1,4,3,0,0.0,No,No,No
HRA242415,Male,Ayush Bose,ayush.bose@hrhub.co.in,ayush.bose,1,Y,80,HRHub Solutions Pvt. Ltd.,Information Technology & Business Services,India,20,18-25,2006-07-26,Married,MBA,Finance,Maharashtra,Mumbai,9634580442,Human Resources,Talent Acquisition Specialist,Travel_Rarely,Remote,0.0,0,0,0,0,2029-01-01,24900,0-3 LPA,5,3,3,3,3,4,2,0,0.0,No,Yes,No
HRA242416,Male,Arjun Shah,arjun.shah@hrhub.co.in,arjun.shah,1,Y,80,HRHub Solutions Pvt. Ltd.,Information Technology & Business Services,India,35,26-35,1991-07-30,Married,Diploma,Mechanical,Karnataka,Hubballi,9160047049,Sales,Sales Manager,Travel_Rarely,Work From Office,4.3,2,0,0,2,2024-09-15,101200,10+ LPA,14,3,3,2,4,4,3,5,3.0,No,No,No
HRA242417,Female,Ishita Sinha,ishita.sinha@hrhub.co.in,ishita.sinha,1,Y,80,HRHub Solutions Pvt. Ltd.,Information Technology & Business Services,India,56,55+,1970-08-04,Married,MBA,Finance,Gujarat,Ahmedabad,9749738978,Operations,Operations Executive,Travel_Rarely,Work From Office,5.3,5,1,2,0,2023-09-16,58550,6-10 LPA,23,1,3,4,4,3,4,3,3.0,No,No,No
HRA242418,Female,Anusha Sen,anusha.sen@hrhub.co.in,anusha.sen,1,Y,80,HRHub Solutions Pvt. Ltd.,Information Technology & Business Services,India,27,26-35,1999-07-28,Married,MBA,Finance,Karnataka,Bengaluru,9734181625,Administration,Administrative Executive,Travel_Frequently,Hybrid,3.9,0,0,0,0,2025-02-08,49300,3-6 LPA,12,1,3,4,4,1,2,3,3.9,Yes,No,No
HRA242419,Female,Harini Das,harini.das@hrhub.co.in,harini.das,1,Y,80,HRHub Solutions Pvt. Ltd.,Information Technology & Business Services,India,21,18-25,2005-07-26,Single,Master,Business Administration,Delhi,New Delhi,9556486772,Finance,Finance Executive,Travel_Rarely,Hybrid,0.0,0,0,0,0,2029-01-01,30400,3-6 LPA,24,3,1,2,3,3,2,6,0.0,No,No,No
HRA242420,Female,Nikita Ghosh,nikita.ghosh@hrhub.co.in,nikita.ghosh,1,Y,80,HRHub Solutions Pvt. Ltd.,Information Technology & Business Services,India,30,26-35,1996-07-28,Single,Master,Business Administration,Kerala,Thiruvananthapuram,9089898235,Finance,Financial Analyst,Travel_Frequently,Work From Office,2.3,0,0,0,0,2026-09-15,52750,6-10 LPA,17,3,2,3,2,3,1,1,2.3,No,No,No
HRA242421,Male,Rahul Mukherjee,rahul.mukherjee@hrhub.co.in,rahul.mukherjee,1,Y,80,HRHub Solutions Pvt. Ltd.,Information Technology & Business Services,India,27,26-35,1999-07-28,Single,MBA,Operations,Delhi,New Delhi,9582375473,Administration,Administrative Executive,Non-Travel,Work From Office,4.4,2,0,0,2,2024-08-09,42500,3-6 LPA,19,3,3,1,2,2,3,0,3.0,No,No,No
HRA242422,Male,Manish Chatterjee,manish.chatterjee@hrhub.co.in,manish.chatterjee,1,Y,80,HRHub Solutions Pvt. Ltd.,Information Technology & Business Services,India,39,36-45,1987-07-31,Married,High School,General Education,Maharashtra,Pune,9300051793,Operations,Operations Manager,Non-Travel,Work From Office,2.0,0,0,0,0,2027-01-02,109100,10+ LPA,14,2,2,4,2,2,1,5,2.0,No,No,Yes
HRA242423,Female,Aditi Banerjee,aditi.banerjee@hrhub.co.in,aditi.banerjee,1,Y,80,HRHub Solutions Pvt. Ltd.,Information Technology & Business Services,India,37,36-45,1989-07-30,Married,Diploma,Electrical,Telangana,Warangal,9177209125,Marketing,Content Strategist,Non-Travel,Work From Office,1.9,0,0,0,0,2027-02-08,30150,3-6 LPA,23,3,4,1,1,4,2,6,1.9,Yes,Yes,No
HRA242424,Female,Pooja Mishra,pooja.mishra@hrhub.co.in,pooja.mishra,1,Y,80,HRHub Solutions Pvt. Ltd.,Information Technology & Business Services,India,25,18-25,2001-07-27,Married,Bachelor,Information Technology,Telangana,Hyderabad,9325318378,Marketing,Marketing Executive,Travel_Rarely,Work From Office,0.6,0,0,0,0,2028-05-27,33950,3-6 LPA,10,0,4,3,1,1,4,0,0.6,No,No,No
HRA242425,Male,Karan Reddy,karan.reddy@hrhub.co.in,karan.reddy,1,Y,80,HRHub Solutions Pvt. Ltd.,Information Technology & Business Services,India,57,55+,1969-08-04,Married,Diploma,Computer,Maharashtra,Pune,9632928710,Sales,Sales Manager,Travel_Rarely,Work From Office,14.6,14,1,0,4,2014-05-31,154150,10+ LPA,18,2,3,1,2,2,2,3,7.0,Yes,No,No
HRA242426,Female,Nikita Sen,nikita.sen@hrhub.co.in,nikita.sen,1,Y,80,HRHub Solutions Pvt. Ltd.,Information Technology & Business Services,India,27,26-35,1999-07-28,Divorced,Master,Computer Science,Tamil Nadu,Madurai,9754399814,Operations,Operations Manager,Travel_Rarely,Hybrid,5.8,5,1,1,5,2023-03-17,99200,10+ LPA,23,2,4,1,4,4,2,5,2.0,No,No,No
HRA242427,Female,Anjali Mehta,anjali.mehta@hrhub.co.in,anjali.mehta,1,Y,80,HRHub Solutions Pvt. Ltd.,Information Technology & Business Services,India,35,26-35,1991-07-30,Married,MBA,Human Resources,Kerala,Kozhikode,9806999487,Administration,Administrative Executive,Travel_Rarely,Work From Office,9.0,3,0,1,1,2020-01-04,77300,6-10 LPA,12,0,3,4,2,4,4,5,9.0,No,No,No
HRA242428,Female,Vidya Banerjee,vidya.banerjee@hrhub.co.in,vidya.banerjee,1,Y,80,HRHub Solutions Pvt. Ltd.,Information Technology & Business Services,India,25,18-25,2001-07-27,Married,High School,General Education,Telangana,Warangal,9062906387,Sales,Business Development Executive,Travel_Rarely,Hybrid,0.8,0,0,0,0,2028-03-15,31250,3-6 LPA,6,3,3,1,1,1,2,6,0.8,No,No,No
HRA242429,Male,Shubham Mukherjee,shubham.mukherjee@hrhub.co.in,shubham.mukherjee,1,Y,80,HRHub Solutions Pvt. Ltd.,Information Technology & Business Services,India,58,55+,1968-08-04,Single,Bachelor,Human Resources,Uttar Pradesh,Lucknow,9262640624,Operations,Supply Chain Coordinator,Travel_Rarely,Work From Office,29.7,12,4,2,0,1999-04-29,132900,10+ LPA,10,1,3,1,1,3,2,3,7.0,No,No,No
HRA242430,Female,Tanvi Mukherjee,tanvi.mukherjee@hrhub.co.in,tanvi.mukherjee,1,Y,80,HRHub Solutions Pvt. Ltd.,Information Technology & Business Services,India,37,36-45,1989-07-30,Married,PhD,Finance,Uttar Pradesh,Kanpur,9626895715,Marketing,Marketing Executive,Travel_Frequently,Hybrid,2.2,1,0,0,0,2026-10-21,36300,3-6 LPA,21,2,3,3,3,3,2,1,2.2,Yes,No,No
HRA242431,Female,Kavya Saha,kavya.saha@hrhub.co.in,kavya.saha,1,Y,80,HRHub Solutions Pvt. Ltd.,Information Technology & Business Services,India,20,18-25,2006-07-26,Single,Master,Computer Science,Uttar Pradesh,Kanpur,9884592123,Sales,Business Development Executive,Travel_Rarely,Work From Office,0.0,0,0,0,0,2029-01-01,37600,3-6 LPA,8,0,1,4,2,1,1,2,0.0,No,No,No
HRA242432,Male,Arjun Gupta,arjun.gupta@hrhub.co.in,arjun.gupta,1,Y,80,HRHub Solutions Pvt. Ltd.,Information Technology & Business Services,India,33,26-35,1993-07-29,Divorced,MBA,Operations,West Bengal,Howrah,9721450617,Operations,Operations Manager,Travel_Rarely,Work From Office,3.9,1,0,0,0,2025-02-08,74250,6-10 LPA,18,3,2,2,4,2,4,4,3.0,No,No,No
HRA242433,Male,Varun Nair,varun.nair@hrhub.co.in,varun.nair,1,Y,80,HRHub Solutions Pvt. Ltd.,Information Technology & Business Services,India,53,46-55,1973-08-03,Married,MBA,Marketing,Karnataka,Hubballi,9342205094,Sales,Sales Manager,Travel_Rarely,Hybrid,26.9,4,3,1,3,2002-02-14,198050,10+ LPA,5,1,3,1,1,2,2,1,2.0,No,No,No
HRA242434,Female,Neha Agarwal,neha.agarwal@hrhub.co.in,neha.agarwal,1,Y,80,HRHub Solutions Pvt. Ltd.,Information Technology & Business Services,India,57,55+,1969-08-04,Single,MBA,Marketing,Gujarat,Surat,9277634716,Marketing,Digital Marketing Specialist,Travel_Frequently,Hybrid,26.5,22,6,0,9,2002-07-10,137900,10+ LPA,5,3,3,2,3,2,3,0,6.0,No,No,No
HRA242435,Female,Kavya Verma,kavya.verma@hrhub.co.in,kavya.verma,1,Y,80,HRHub Solutions Pvt. Ltd.,Information Technology & Business Services,India,28,26-35,1998-07-28,Single,High School,General Education,Uttar Pradesh,Noida,9310639708,Administration,Facility Coordinator,Travel_Rarely,Work From Office,4.7,0,0,0,0,2024-04-22,44300,3-6 LPA,8,2,3,2,3,3,3,6,4.7,No,No,No
HRA242436,Male,Sahil Gupta,sahil.gupta@hrhub.co.in,sahil.gupta,1,Y,80,HRHub Solutions Pvt. Ltd.,Information Technology & Business Services,India,47,46-55,1979-08-02,Married,Master,Business Administration,Uttar Pradesh,Noida,9786518519,Administration,Administrative Executive,Non-Travel,Work From Office,20.1,5,5,2,2,2008-12-01,122950,10+ LPA,15,1,2,4,4,4,3,4,8.0,No,No,No
HRA242437,Male,Ayush Mishra,ayush.mishra@hrhub.co.in,ayush.mishra,1,Y,80,HRHub Solutions Pvt. Ltd.,Information Technology & Business Services,India,37,36-45,1989-07-30,Married,High School,General Education,Telangana,Hyderabad,9625021748,Sales,Business Development Executive,Non-Travel,Work From Office,9.4,0,0,0,0,2019-08-11,60300,6-10 LPA,15,2,3,4,1,1,3,0,3.0,No,No,No
HRA242438,Female,Nikita Patel,nikita.patel@hrhub.co.in,nikita.patel,1,Y,80,HRHub Solutions Pvt. Ltd.,Information Technology & Business Services,India,34,26-35,1992-07-29,Married,MBA,Finance,Karnataka,Bengaluru,9053511065,IT,Network Engineer,Travel_Rarely,Work From Office,7.9,7,7,2,5,2021-02-09,88050,10+ LPA,5,3,4,1,4,2,2,3,0.0,No,Yes,Yes
HRA242439,Male,Mohit Agarwal,mohit.agarwal@hrhub.co.in,mohit.agarwal,1,Y,80,HRHub Solutions Pvt. Ltd.,Information Technology & Business Services,India,35,26-35,1991-07-30,Married,Diploma,Mechanical,Telangana,Hyderabad,9814936312,Human Resources,Talent Acquisition Specialist,Travel_Rarely,Work From Office,10.9,1,1,0,0,2018-02-10,106600,10+ LPA,24,0,4,4,2,3,2,2,4.0,No,No,No
HRA242440,Female,Tanvi Sen,tanvi.sen@hrhub.co.in,tanvi.sen,1,Y,80,HRHub Solutions Pvt. Ltd.,Information Technology & Business Services,India,50,46-55,1976-08-02,Married,Diploma,Electrical,West Bengal,Howrah,9312791566,Finance,Finance Executive,Non-Travel,Work From Office,17.8,2,2,0,1,2011-03-20,132550,10+ LPA,21,1,3,4,3,1,3,2,2.0,No,Yes,No
HRA242441,Male,Ankit Rao,ankit.rao@hrhub.co.in,ankit.rao,1,Y,80,HRHub Solutions Pvt. Ltd.,Information Technology & Business Services,India,45,36-45,1981-08-01,Single,Master,Business Administration,Tamil Nadu,Chennai,9548762639,Human Resources,HR Business Partner,Travel_Frequently,Hybrid,16.9,1,1,0,1,2012-02-12,153350,10+ LPA,20,0,3,1,1,4,2,1,8.0,No,No,No
HRA242442,Male,Vikas Jain,vikas.jain@hrhub.co.in,vikas.jain,1,Y,80,HRHub Solutions Pvt. Ltd.,Information Technology & Business Services,India,47,46-55,1979-08-02,Single,PhD,Computer Science,Karnataka,Hubballi,9378670322,IT,System Administrator,Travel_Rarely,Hybrid,2.0,0,0,0,0,2027-01-02,50450,6-10 LPA,15,2,3,1,3,4,4,2,2.0,No,No,No
HRA242443,Female,Priya Shah,priya.shah@hrhub.co.in,priya.shah,1,Y,80,HRHub Solutions Pvt. Ltd.,Information Technology & Business Services,India,36,36-45,1990-07-30,Single,Bachelor,Information Technology,Uttar Pradesh,Noida,9815337550,Human Resources,Talent Acquisition Specialist,Travel_Rarely,Hybrid,8.5,6,4,2,4,2020-07-05,81950,6-10 LPA,23,2,3,1,2,1,1,1,1.0,No,No,Yes
HRA242444,Male,Amit Agarwal,amit.agarwal@hrhub.co.in,amit.agarwal,1,Y,80,HRHub Solutions Pvt. Ltd.,Information Technology & Business Services,India,29,26-35,1997-07-28,Married,Diploma,Civil,West Bengal,Kolkata,9149755736,Human Resources,HR Executive,Non-Travel,Hybrid,4.4,4,4,2,4,2024-08-09,44900,3-6 LPA,12,3,4,2,3,4,3,0,3.0,No,No,No
HRA242445,Female,Ananya Reddy,ananya.reddy@hrhub.co.in,ananya.reddy,1,Y,80,HRHub Solutions Pvt. Ltd.,Information Technology & Business Services,India,58,55+,1968-08-04,Married,High School,General Education,Maharashtra,Pune,9473702405,Finance,Accountant,Travel_Rarely,Work From Office,14.7,5,5,0,3,2014-04-25,105200,10+ LPA,10,1,3,2,3,2,2,3,5.0,No,No,No
HRA242446,Female,Divya Kapoor,divya.kapoor@hrhub.co.in,divya.kapoor,1,Y,80,HRHub Solutions Pvt. Ltd.,Information Technology & Business Services,India,45,36-45,1981-08-01,Single,MBA,Operations,Delhi,New Delhi,9758251434,Sales,Business Development Executive,Travel_Rarely,Work From Office,5.3,2,0,0,2,2023-09-16,71800,6-10 LPA,18,0,3,1,3,2,3,3,3.0,No,No,No
HRA242447,Female,Ritika Sinha,ritika.sinha@hrhub.co.in,ritika.sinha,1,Y,80,HRHub Solutions Pvt. Ltd.,Information Technology & Business Services,India,46,46-55,1980-08-01,Married,Master,Human Resources,Uttar Pradesh,Noida,9848761129,IT,System Administrator,Travel_Rarely,Remote,9.1,8,8,2,4,2019-11-29,60450,6-10 LPA,24,1,3,2,3,3,2,4,7.0,No,Yes,No
HRA242448,Female,Aditi Das,aditi.das@hrhub.co.in,aditi.das,1,Y,80,HRHub Solutions Pvt. Ltd.,Information Technology & Business Services,India,49,46-55,1977-08-02,Married,MBA,Marketing,Gujarat,Ahmedabad,9641317111,Marketing,Digital Marketing Specialist,Travel_Frequently,Hybrid,19.4,9,6,1,2,2009-08-14,162200,10+ LPA,13,3,3,4,2,1,2,0,5.0,No,No,No
HRA242449,Male,Mohit Ghosh,mohit.ghosh@hrhub.co.in,mohit.ghosh,1,Y,80,HRHub Solutions Pvt. Ltd.,Information Technology & Business Services,India,54,46-55,1972-08-03,Married,Bachelor,Marketing,Rajasthan,Udaipur,9961931562,Administration,Administrative Executive,Non-Travel,Work From Office,26.6,9,9,4,2,2002-06-03,143200,10+ LPA,17,0,3,4,3,1,3,5,2.0,Yes,No,No
HRA242450,Female,Riya Gupta,riya.gupta@hrhub.co.in,riya.gupta,1,Y,80,HRHub Solutions Pvt. Ltd.,Information Technology & Business Services,India,57,55+,1969-08-04,Married,Bachelor,Information Technology,Telangana,Warangal,9431469803,IT,System Administrator,Non-Travel,Work From Office,18.7,7,5,2,0,2010-04-26,174750,10+ LPA,8,1,3,1,3,1,2,5,3.0,No,No,No
HRA242451,Female,Sneha Shah,sneha.shah@hrhub.co.in,sneha.shah,1,Y,80,HRHub Solutions Pvt. Ltd.,Information Technology & Business Services,India,30,26-35,1996-07-28,Single,MBA,Finance,Telangana,Hyderabad,9809196495,Operations,Operations Manager,Travel_Rarely,Hybrid,7.1,2,0,0,2,2021-11-28,123150,10+ LPA,7,0,3,1,1,3,1,6,4.0,No,No,No
HRA242452,Female,Riya Sharma,riya.sharma@hrhub.co.in,riya.sharma,1,Y,80,HRHub Solutions Pvt. Ltd.,Information Technology & Business Services,India,52,46-55,1974-08-03,Single,Diploma,Electrical,Delhi,New Delhi,9613679150,Marketing,Marketing Executive,Travel_Frequently,Hybrid,3.7,1,0,0,1,2025-04-22,47650,3-6 LPA,23,2,3,4,3,4,3,2,3.7,No,No,No
HRA242453,Male,Ayush Saha,ayush.saha@hrhub.co.in,ayush.saha,1,Y,80,HRHub Solutions Pvt. Ltd.,Information Technology & Business Services,India,46,46-55,1980-08-01,Married,High School,General Education,Kerala,Kochi,9203828896,Operations,Operations Executive,Travel_Rarely,Work From Office,23.5,13,12,5,5,2005-07-09,181050,10+ LPA,7,0,3,2,1,1,3,3,7.0,No,No,No
HRA242454,Female,Swati Gupta,swati.gupta@hrhub.co.in,swati.gupta,1,Y,80,HRHub Solutions Pvt. Ltd.,Information Technology & Business Services,India,24,18-25,2002-07-27,Married,Diploma,Civil,Uttar Pradesh,Kanpur,9551312100,Administration,Facility Coordinator,Travel_Rarely,Work From Office,0.8,0,0,0,0,2028-03-15,30000,3-6 LPA,17,1,2,4,4,3,1,3,0.8,No,No,No
HRA242455,Female,Anjali Shah,anjali.shah@hrhub.co.in,anjali.shah,1,Y,80,HRHub Solutions Pvt. Ltd.,Information Technology & Business Services,India,55,46-55,1971-08-04,Married,Master,Finance,Gujarat,Ahmedabad,9252891351,Sales,Sales Executive,Travel_Rarely,Work From Office,12.2,5,0,2,3,2016-10-23,101450,10+ LPA,9,3,3,2,3,4,1,1,10.0,No,No,No
HRA242456,Male,Sahil Agarwal,sahil.agarwal@hrhub.co.in,sahil.agarwal,1,Y,80,HRHub Solutions Pvt. Ltd.,Information Technology & Business Services,India,43,36-45,1983-08-01,Single,Master,Computer Science,Maharashtra,Pune,9691549317,Human Resources,Talent Acquisition Specialist,Travel_Rarely,Work From Office,11.5,4,0,2,2,2017-07-06,95500,10+ LPA,18,2,2,3,3,2,3,6,0.0,No,No,No
HRA242457,Female,Megha Bose,megha.bose@hrhub.co.in,megha.bose,1,Y,80,HRHub Solutions Pvt. Ltd.,Information Technology & Business Services,India,48,46-55,1978-08-02,Single,PhD,Management,West Bengal,Durgapur,9369497652,Human Resources,Talent Acquisition Specialist,Travel_Frequently,Work From Office,6.2,6,5,3,1,2022-10-22,67900,6-10 LPA,22,1,4,2,4,2,1,6,5.0,Yes,Yes,No
HRA242458,Male,Shubham Reddy,shubham.reddy@hrhub.co.in,shubham.reddy,1,Y,80,HRHub Solutions Pvt. Ltd.,Information Technology & Business Services,India,23,18-25,2003-07-27,Single,Master,Finance,Tamil Nadu,Chennai,9877946411,Marketing,Digital Marketing Specialist,Travel_Rarely,Work From Office,0.6,0,0,0,0,2028-05-27,29500,3-6 LPA,9,0,4,1,1,2,2,1,0.6,Yes,Yes,No
HRA242459,Female,Tanvi Singh,tanvi.singh@hrhub.co.in,tanvi.singh,1,Y,80,HRHub Solutions Pvt. Ltd.,Information Technology & Business Services,India,42,36-45,1984-07-31,Married,Diploma,Mechanical,Delhi,New Delhi,9225407955,Operations,Operations Manager,Travel_Frequently,Work From Office,18.4,17,14,8,14,2010-08-14,226250,10+ LPA,24,0,3,3,1,1,3,6,8.0,No,Yes,No
HRA242460,Male,Arjun Das,arjun.das@hrhub.co.in,arjun.das,1,Y,80,HRHub Solutions Pvt. Ltd.,Information Technology & Business Services,India,57,55+,1969-08-04,Married,Bachelor,Computer Science,Gujarat,Vadodara,9913153979,Operations,Operations Executive,Travel_Rarely,Remote,10.6,8,3,1,3,2018-05-30,114950,10+ LPA,13,3,4,3,4,1,3,4,1.0,No,No,No
HRA242461,Female,Anusha Chatterjee,anusha.chatterjee@hrhub.co.in,anusha.chatterjee,1,Y,80,HRHub Solutions Pvt. Ltd.,Information Technology & Business Services,India,30,26-35,1996-07-28,Single,Bachelor,Business Administration,Tamil Nadu,Coimbatore,9807301048,IT,Network Engineer,Non-Travel,Hybrid,4.3,2,0,1,1,2024-09-15,47100,3-6 LPA,15,1,3,1,1,4,1,3,4.3,Yes,Yes,No
HRA242462,Female,Megha Joshi,megha.joshi@hrhub.co.in,megha.joshi,1,Y,80,HRHub Solutions Pvt. Ltd.,Information Technology & Business Services,India,20,18-25,2006-07-26,Single,Bachelor,Information Technology,Delhi,New Delhi,9303691891,Human Resources,Talent Acquisition Specialist,Travel_Rarely,Work From Office,0.0,0,0,0,0,2029-01-01,32300,3-6 LPA,20,0,3,2,4,1,4,2,0.0,No,No,Yes
HRA242463,Female,Deepika Patel,deepika.patel@hrhub.co.in,deepika.patel,1,Y,80,HRHub Solutions Pvt. Ltd.,Information Technology & Business Services,India,30,26-35,1996-07-28,Single,High School,General Education,Maharashtra,Nagpur,9091628500,Operations,Operations Executive,Travel_Rarely,Work From Office,3.9,2,1,0,0,2025-02-08,53000,6-10 LPA,5,0,3,3,4,3,1,4,3.9,No,No,No
HRA242464,Female,Kavya Das,kavya.das@hrhub.co.in,kavya.das,1,Y,80,HRHub Solutions Pvt. Ltd.,Information Technology & Business Services,India,35,26-35,1991-07-30,Single,Master,Marketing,Gujarat,Surat,9950960162,Operations,Operations Executive,Travel_Rarely,Work From Office,2.6,0,0,0,0,2026-05-28,40850,3-6 LPA,5,1,3,1,2,4,4,1,2.6,No,Yes,No
HRA242465,Female,Ananya Sen,ananya.sen@hrhub.co.in,ananya.sen,1,Y,80,HRHub Solutions Pvt. Ltd.,Information Technology & Business Services,India,50,46-55,1976-08-02,Married,PhD,Computer Science,Kerala,Kozhikode,9967622625,IT,Network Engineer,Non-Travel,Hybrid,12.1,5,5,0,0,2016-11-29,118150,10+ LPA,24,3,3,1,2,3,3,2,8.0,No,No,No
HRA242466,Male,Manish Verma,manish.verma@hrhub.co.in,manish.verma,1,Y,80,HRHub Solutions Pvt. Ltd.,Information Technology & Business Services,India,33,26-35,1993-07-29,Single,MBA,Operations,Gujarat,Vadodara,9602959465,IT,Network Engineer,Travel_Rarely,Hybrid,9.6,3,2,0,3,2019-05-30,71150,6-10 LPA,19,3,2,3,1,4,2,2,5.0,No,No,No
HRA242467,Male,Aarav Joshi,aarav.joshi@hrhub.co.in,aarav.joshi,1,Y,80,HRHub Solutions Pvt. Ltd.,Information Technology & Business Services,India,38,36-45,1988-07-30,Married,MBA,Marketing,Kerala,Kozhikode,9176262401,Marketing,Content Strategist,Travel_Rarely,Work From Office,11.7,4,2,0,2,2017-04-24,116500,10+ LPA,23,3,3,2,4,3,1,0,6.0,Yes,No,No
HRA242468,Female,Pooja Agarwal,pooja.agarwal@hrhub.co.in,pooja.agarwal,1,Y,80,HRHub Solutions Pvt. Ltd.,Information Technology & Business Services,India,21,18-25,2005-07-26,Married,Diploma,Civil,Tamil Nadu,Coimbatore,9775139910,Human Resources,HR Executive,Travel_Rarely,Work From Office,0.0,0,0,0,0,2029-01-01,28300,3-6 LPA,10,0,4,1,4,3,4,2,0.0,No,No,No
HRA242469,Male,Shubham Chatterjee,shubham.chatterjee@hrhub.co.in,shubham.chatterjee,1,Y,80,HRHub Solutions Pvt. Ltd.,Information Technology & Business Services,India,43,36-45,1983-08-01,Married,Master,Human Resources,Karnataka,Mysuru,9709306668,Human Resources,HR Business Partner,Travel_Frequently,Work From Office,1.3,0,0,0,0,2027-09-15,31950,3-6 LPA,15,3,3,2,4,2,3,5,1.3,No,No,No
HRA242470,Female,Pooja Singh,pooja.singh@hrhub.co.in,pooja.singh,1,Y,80,HRHub Solutions Pvt. Ltd.,Information Technology & Business Services,India,20,18-25,2006-07-26,Married,MBA,Human Resources,Gujarat,Surat,9543205467,Administration,Office Administrator,Non-Travel,Work From Office,0.0,0,0,0,0,2029-01-01,31000,3-6 LPA,13,2,1,1,3,4,2,5,0.0,No,No,No
HRA242471,Male,Shubham Mishra,shubham.mishra@hrhub.co.in,shubham.mishra,1,Y,80,HRHub Solutions Pvt. Ltd.,Information Technology & Business Services,India,31,26-35,1995-07-29,Single,Master,Human Resources,West Bengal,Howrah,9071293667,Finance,Accountant,Non-Travel,Work From Office,2.9,2,2,0,0,2026-02-08,45900,3-6 LPA,13,1,3,4,2,1,4,4,0.0,Yes,Yes,No
HRA242472,Male,Vikas Patel,vikas.patel@hrhub.co.in,vikas.patel,1,Y,80,HRHub Solutions Pvt. Ltd.,Information Technology & Business Services,India,56,55+,1970-08-04,Married,Master,Business Administration,West Bengal,Kolkata,9700874172,IT,Software Engineer,Travel_Frequently,Work From Office,19.8,18,1,5,4,2009-03-20,158050,10+ LPA,19,2,3,3,2,4,3,3,6.0,No,No,No
HRA242473,Male,Varun Chatterjee,varun.chatterjee@hrhub.co.in,varun.chatterjee,1,Y,80,HRHub Solutions Pvt. Ltd.,Information Technology & Business Services,India,28,26-35,1998-07-28,Married,High School,General Education,Rajasthan,Jodhpur,9768754733,Sales,Business Development Executive,Travel_Frequently,Work From Office,5.2,2,1,0,0,2023-10-22,67750,6-10 LPA,8,1,2,4,3,1,2,0,5.2,No,No,No
HRA242474,Female,Sneha Mukherjee,sneha.mukherjee@hrhub.co.in,sneha.mukherjee,1,Y,80,HRHub Solutions Pvt. Ltd.,Information Technology & Business Services,India,19,18-25,2007-07-26,Single,Bachelor,Business Administration,Telangana,Hyderabad,9135345294,Marketing,Digital Marketing Specialist,Travel_Rarely,Work From Office,0.0,0,0,0,0,2029-01-01,31550,3-6 LPA,20,3,3,1,1,2,4,0,0.0,No,No,No
HRA242475,Female,Vidya Joshi,vidya.joshi@hrhub.co.in,vidya.joshi,1,Y,80,HRHub Solutions Pvt. Ltd.,Information Technology & Business Services,India,42,36-45,1984-07-31,Married,Master,Human Resources,Delhi,New Delhi,9108742443,Human Resources,Talent Acquisition Specialist,Travel_Rarely,Work From Office,16.6,14,1,6,9,2012-05-31,140350,10+ LPA,9,1,4,1,1,3,2,4,3.0,No,No,No
HRA242476,Male,Akash Bose,akash.bose@hrhub.co.in,akash.bose,1,Y,80,HRHub Solutions Pvt. Ltd.,Information Technology & Business Services,India,24,18-25,2002-07-27,Single,MBA,Marketing,West Bengal,Howrah,9865068013,Marketing,Marketing Executive,Travel_Rarely,Hybrid,0.3,0,0,0,0,2028-09-14,30700,3-6 LPA,13,3,2,2,4,1,2,2,0.3,No,No,No
HRA242477,Female,Riya Mehta,riya.mehta@hrhub.co.in,riya.mehta,1,Y,80,HRHub Solutions Pvt. Ltd.,Information Technology & Business Services,India,58,55+,1968-08-04,Married,PhD,Finance,West Bengal,Howrah,9185440019,Finance,Financial Analyst,Non-Travel,Hybrid,3.4,2,2,1,0,2025-08-09,46600,3-6 LPA,19,3,2,4,2,3,2,4,2.0,No,No,Yes
HRA242478,Female,Pooja Singh,pooja.singh@hrhub.co.in,pooja.singh,1,Y,80,HRHub Solutions Pvt. Ltd.,Information Technology & Business Services,India,25,18-25,2001-07-27,Single,Master,Human Resources,West Bengal,Durgapur,9192364506,Administration,Office Administrator,Travel_Rarely,Work From Office,2.2,0,0,0,0,2026-10-21,46950,3-6 LPA,6,0,3,2,1,4,4,6,2.0,No,No,No
HRA242479,Male,Raj Sen,raj.sen@hrhub.co.in,raj.sen,1,Y,80,HRHub Solutions Pvt. Ltd.,Information Technology & Business Services,India,57,55+,1969-08-04,Divorced,Master,Business Administration,Rajasthan,Jodhpur,9883529273,Administration,Office Administrator,Travel_Frequently,Work From Office,19.4,17,15,3,9,2009-08-14,128750,10+ LPA,22,2,3,1,1,1,3,5,7.0,No,No,No
HRA242480,Male,Rohan Banerjee,rohan.banerjee@hrhub.co.in,rohan.banerjee,1,Y,80,HRHub Solutions Pvt. Ltd.,Information Technology & Business Services,India,58,55+,1968-08-04,Divorced,Diploma,Mechanical,Rajasthan,Jaipur,9286421483,Operations,Operations Manager,Non-Travel,Work From Office,12.4,7,5,3,3,2016-08-11,119100,10+ LPA,9,2,3,3,4,1,4,1,8.0,No,No,No
HRA242481,Female,Anjali Sen,anjali.sen@hrhub.co.in,anjali.sen,1,Y,80,HRHub Solutions Pvt. Ltd.,Information Technology & Business Services,India,35,26-35,1991-07-30,Divorced,High School,General Education,Rajasthan,Jaipur,9628988116,IT,Software Engineer,Travel_Rarely,Hybrid,10.4,9,6,4,4,2018-08-11,95350,10+ LPA,11,3,3,3,3,3,1,3,0.0,Yes,No,No
HRA242482,Male,Sandeep Das,sandeep.das@hrhub.co.in,sandeep.das,1,Y,80,HRHub Solutions Pvt. Ltd.,Information Technology & Business Services,India,38,36-45,1988-07-30,Single,High School,General Education,Telangana,Hyderabad,9983890060,Marketing,Digital Marketing Specialist,Non-Travel,Work From Office,0.2,0,0,0,0,2028-10-20,26350,3-6 LPA,19,1,3,4,3,1,2,5,0.2,No,No,No
HRA242483,Female,Vidya Das,vidya.das@hrhub.co.in,vidya.das,1,Y,80,HRHub Solutions Pvt. Ltd.,Information Technology & Business Services,India,33,26-35,1993-07-29,Married,Diploma,Electrical,Gujarat,Surat,9493175083,Administration,Office Administrator,Travel_Frequently,Work From Office,0.4,0,0,0,0,2028-08-08,27250,3-6 LPA,9,2,2,4,1,2,3,6,0.4,No,No,No
HRA242484,Male,Raj Singh,raj.singh@hrhub.co.in,raj.singh,1,Y,80,HRHub Solutions Pvt. Ltd.,Information Technology & Business Services,India,24,18-25,2002-07-27,Married,Bachelor,Commerce,Uttar Pradesh,Lucknow,9062807386,Finance,Accountant,Travel_Rarely,Work From Office,2.0,2,1,0,0,2027-01-02,46050,3-6 LPA,7,0,4,3,4,4,1,2,2.0,No,Yes,Yes
HRA242485,Female,Ananya Bose,ananya.bose@hrhub.co.in,ananya.bose,1,Y,80,HRHub Solutions Pvt. Ltd.,Information Technology & Business Services,India,59,55+,1967-08-05,Married,Diploma,Computer,Kerala,Kozhikode,9781933273,Operations,Operations Executive,Travel_Frequently,Work From Office,19.1,19,8,0,3,2009-12-01,159800,10+ LPA,17,1,3,2,4,3,4,3,3.0,Yes,No,No
HRA242486,Female,Ritika Khan,ritika.khan@hrhub.co.in,ritika.khan,1,Y,80,HRHub Solutions Pvt. Ltd.,Information Technology & Business Services,India,54,46-55,1972-08-03,Married,Master,Marketing,Kerala,Kochi,9309956497,Human Resources,HR Business Partner,Travel_Rarely,Work From Office,11.7,5,1,2,1,2017-04-24,91500,10+ LPA,14,0,3,1,4,3,4,6,0.0,No,No,No
HRA242487,Female,Pooja Jain,pooja.jain@hrhub.co.in,pooja.jain,1,Y,80,HRHub Solutions Pvt. Ltd.,Information Technology & Business Services,India,24,18-25,2002-07-27,Single,Bachelor,Computer Science,Telangana,Hyderabad,9438229682,Human Resources,HR Executive,Non-Travel,Remote,1.9,1,1,0,1,2027-02-08,32000,3-6 LPA,6,2,3,3,3,3,2,5,1.9,No,No,No
HRA242488,Male,Pranav Chatterjee,pranav.chatterjee@hrhub.co.in,pranav.chatterjee,1,Y,80,HRHub Solutions Pvt. Ltd.,Information Technology & Business Services,India,31,26-35,1995-07-29,Single,MBA,Human Resources,Karnataka,Bengaluru,9762320908,Operations,Operations Manager,Travel_Rarely,Work From Office,9.2,8,8,0,5,2019-10-24,116300,10+ LPA,6,2,2,1,3,4,1,3,9.2,No,No,No
HRA242489,Female,Divya Sen,divya.sen@hrhub.co.in,divya.sen,1,Y,80,HRHub Solutions Pvt. Ltd.,Information Technology & Business Services,India,40,36-45,1986-07-31,Single,High School,General Education,Karnataka,Bengaluru,9184178337,Administration,Administrative Executive,Travel_Rarely,Work From Office,1.6,1,0,0,0,2027-05-28,20000,0-3 LPA,22,1,3,1,3,3,3,6,1.6,Yes,No,Yes
HRA242490,Female,Shreya Mukherjee,shreya.mukherjee@hrhub.co.in,shreya.mukherjee,1,Y,80,HRHub Solutions Pvt. Ltd.,Information Technology & Business Services,India,50,46-55,1976-08-02,Married,Bachelor,Marketing,Karnataka,Bengaluru,9811374377,Administration,Administrative Executive,Non-Travel,Work From Office,21.6,20,0,5,19,2007-06-02,130100,10+ LPA,17,3,3,2,1,2,4,6,3.0,No,No,No
HRA242491,Male,Ayush Khan,ayush.khan@hrhub.co.in,ayush.khan,1,Y,80,HRHub Solutions Pvt. Ltd.,Information Technology & Business Services,India,29,26-35,1997-07-28,Married,Master,Human Resources,Karnataka,Bengaluru,9397832987,IT,Software Engineer,Non-Travel,Work From Office,4.9,3,2,1,2,2024-02-09,58200,6-10 LPA,10,3,3,4,1,3,4,0,4.9,No,No,No
HRA242492,Female,Riya Ghosh,riya.ghosh@hrhub.co.in,riya.ghosh,1,Y,80,HRHub Solutions Pvt. Ltd.,Information Technology & Business Services,India,55,46-55,1971-08-04,Single,Bachelor,Information Technology,Tamil Nadu,Chennai,9890658418,Administration,Administrative Executive,Non-Travel,Work From Office,33.8,16,4,3,9,1995-03-25,177300,10+ LPA,14,2,3,3,2,4,1,6,9.0,No,Yes,No
HRA242493,Male,Manish Bose,manish.bose@hrhub.co.in,manish.bose,1,Y,80,HRHub Solutions Pvt. Ltd.,Information Technology & Business Services,India,55,46-55,1971-08-04,Married,High School,General Education,Maharashtra,Pune,9170365340,Operations,Operations Executive,Travel_Rarely,Hybrid,10.3,2,0,1,2,2018-09-17,108650,10+ LPA,9,2,2,2,1,2,2,0,0.0,No,No,No
HRA242494,Male,Raj Rao,raj.rao@hrhub.co.in,raj.rao,1,Y,80,HRHub Solutions Pvt. Ltd.,Information Technology & Business Services,India,49,46-55,1977-08-02,Married,Bachelor,Computer Science,Delhi,New Delhi,9365037691,IT,Network Engineer,Travel_Rarely,Hybrid,4.9,4,2,1,0,2024-02-09,47650,3-6 LPA,25,2,1,3,1,1,1,3,4.9,Yes,Yes,No
HRA242495,Male,Shubham Patel,shubham.patel@hrhub.co.in,shubham.patel,1,Y,80,HRHub Solutions Pvt. Ltd.,Information Technology & Business Services,India,33,26-35,1993-07-29,Married,Diploma,Electrical,Uttar Pradesh,Noida,9333307005,Finance,Accountant,Travel_Rarely,Work From Office,5.6,0,0,0,0,2023-05-30,56550,6-10 LPA,21,2,3,2,4,3,2,0,4.0,No,Yes,No
HRA242496,Female,Ishita Chatterjee,ishita.chatterjee@hrhub.co.in,ishita.chatterjee,1,Y,80,HRHub Solutions Pvt. Ltd.,Information Technology & Business Services,India,49,46-55,1977-08-02,Married,Diploma,Electrical,Karnataka,Bengaluru,9288639278,Sales,Sales Executive,Travel_Rarely,Work From Office,12.4,12,2,5,5,2016-08-11,118650,10+ LPA,20,2,3,1,3,2,1,2,2.0,Yes,Yes,Yes
HRA242497,Female,Swati Joshi,swati.joshi@hrhub.co.in,swati.joshi,1,Y,80,HRHub Solutions Pvt. Ltd.,Information Technology & Business Services,India,59,55+,1967-08-05,Married,Diploma,Civil,Tamil Nadu,Coimbatore,9936361979,Operations,Supply Chain Coordinator,Travel_Rarely,Work From Office,25.1,7,1,3,0,2003-12-03,158300,10+ LPA,6,1,3,4,3,4,3,2,4.0,No,No,No
HRA242498,Male,Gaurav Agarwal,gaurav.agarwal@hrhub.co.in,gaurav.agarwal,1,Y,80,HRHub Solutions Pvt. Ltd.,Information Technology & Business Services,India,41,36-45,1985-07-31,Divorced,Master,Marketing,Kerala,Kochi,9209233468,Human Resources,HR Executive,Non-Travel,Work From Office,16.3,12,10,4,12,2012-09-18,145550,10+ LPA,19,0,4,1,1,1,4,6,5.0,No,No,No
HRA242499,Male,Shubham Mukherjee,shubham.mukherjee@hrhub.co.in,shubham.mukherjee,1,Y,80,HRHub Solutions Pvt. Ltd.,Information Technology & Business Services,India,35,26-35,1991-07-30,Single,Diploma,Mechanical,Telangana,Hyderabad,9763256619,Marketing,Content Strategist,Travel_Rarely,Work From Office,8.5,1,0,0,1,2020-07-05,70600,6-10 LPA,15,2,3,2,1,4,3,5,8.0,No,No,No
HRA242500,Female,Aditi Shah,aditi.shah@hrhub.co.in,aditi.shah,1,Y,80,HRHub Solutions Pvt. Ltd.,Information Technology & Business Services,India,40,36-45,1986-07-31,Married,Master,Marketing,Kerala,Thiruvananthapuram,9127646851,Marketing,Marketing Executive,Travel_Frequently,Hybrid,17.1,14,9,6,13,2011-12-01,182050,10+ LPA,19,0,3,2,3,4,2,5,3.0,No,No,No
